pakketnummer,gebied,item,soort,aantal_per_pakket
1.3,KOELING,Parade,CL Pink,1.0
1.3p,KOELING,Parade,CL Pink,1.0
1.32,KOELING,Parade,CL Pink,3.0
1.32p,KOELING,Parade,CL Pink,3.0
1.3,KOELING,Paul's Scarlet,CL Red,2.0
1.3p,KOELING,Paul's Scarlet,CL Red,2.0
1.30,KOELING,Paul's Scarlet,CL Red,3.0
1.30p,KOELING,Paul's Scarlet,CL Red,3.0
1.3,KOELING,Golden Rain,CL Yellow,1.0
1.3p,KOELING,Golden Rain,CL Yellow,1.0
1.31,KOELING,Golden Rain,CL Yellow,3.0
1.31p,KOELING,Golden Rain,CL Yellow,3.0
1.2,KOELING,Tom Tom,Pol Pink,2.0
1.2p,KOELING,Tom Tom,Pol Pink,2.0
1.5,KOELING,Tom Tom,Pol Pink,1.0
1.5p,KOELING,Tom Tom,Pol Pink,1.0
1.21,KOELING,Tom Tom,Pol Pink,3.0
1.21p,KOELING,Tom Tom,Pol Pink,3.0
1.2,KOELING,Mina,Pol Red,2.0
1.2p,KOELING,Mina,Pol Red,2.0
1.5,KOELING,Mina,Pol Red,1.0
1.5p,KOELING,Mina,Pol Red,1.0
1.20,KOELING,Mina,Pol Red,3.0
1.20p,KOELING,Mina,Pol Red,3.0
1.2,KOELING,Garden Princess,Pol Yellow,2.0
1.2p,KOELING,Garden Princess,Pol Yellow,2.0
1.5,KOELING,Garden Princess,Pol Yellow,1.0
1.5p,KOELING,Garden Princess,Pol Yellow,1.0
1.22,KOELING,Garden Princess,Pol Yellow,3.0
1.22p,KOELING,Garden Princess,Pol Yellow,3.0
1.1,KOELING,Kronenbourg,TH 2-color,1.0
1.1p,KOELING,Kronenbourg,TH 2-color,1.0
1.15,KOELING,Kronenbourg,TH 2-color,3.0
1.15p,KOELING,Kronenbourg,TH 2-color,3.0
1.1,KOELING,Joro,TH Orange,1.0
1.1p,KOELING,Joro,TH Orange,1.0
1.13,KOELING,Joro,TH Orange,3.0
1.13p,KOELING,Joro,TH Orange,3.0
1.1,KOELING,Queen of England,TH Pink,1.0
1.1p,KOELING,Queen of England,TH Pink,1.0
1.4,KOELING,Queen of England,TH Pink,1.0
1.4p,KOELING,Queen of England,TH Pink,1.0
1.12,KOELING,Queen of England,TH Pink,3.0
1.12p,KOELING,Queen of England,TH Pink,3.0
1.1,KOELING,Dame de Coeur,TH Red,1.0
1.1p,KOELING,Dame de Coeur,TH Red,1.0
1.4,KOELING,Dame de Coeur,TH Red,1.0
1.4p,KOELING,Dame de Coeur,TH Red,1.0
1.10,KOELING,Dame de Coeur,TH Red,3.0
1.10p,KOELING,Dame de Coeur,TH Red,3.0
1.1,KOELING,Virgo,TH White,1.0
1.1p,KOELING,Virgo,TH White,1.0
1.4,KOELING,Virgo,TH White,1.0
1.4p,KOELING,Virgo,TH White,1.0
1.11,KOELING,Virgo,TH White,3.0
1.11p,KOELING,Virgo,TH White,3.0
1.1,KOELING,Gloria Dei,TH Yellow,1.0
1.1p,KOELING,Gloria Dei,TH Yellow,1.0
1.14,KOELING,Gloria Dei,TH Yellow,3.0
1.14p,KOELING,Gloria Dei,TH Yellow,3.0
36.1,KOELING,Parfumé de Night & Day,TH 2-color,1.0
36.1p,KOELING,Parfumé de Night & Day,TH 2-color,1.0
36.5,KOELING,Parfumé de Night & Day,TH 2-color,4.0
36.5p,KOELING,Parfumé de Night & Day,TH 2-color,4.0
36.1,KOELING,Parfumé de Envy,TH Geel,1.0
36.1p,KOELING,Parfumé de Envy,TH Geel,1.0
36.4,KOELING,Parfumé de Envy,TH Geel,4.0
36.4p,KOELING,Parfumé de Envy,TH Geel,4.0
36.1,KOELING,Parfumé de Moulin Rouge ,TH Rood,1.0
36.1p,KOELING,Parfumé de Moulin Rouge ,TH Rood,1.0
36.2,KOELING,Parfumé de Moulin Rouge ,TH Rood,4.0
36.2p,KOELING,Parfumé de Moulin Rouge ,TH Rood,4.0
36.1,KOELING,Parfumé de Paris   ,TH Roze,1.0
36.1p,KOELING,Parfumé de Paris   ,TH Roze,1.0
36.3,KOELING,Parfumé de Paris   ,TH Roze,4.0
36.3p,KOELING,Parfumé de Paris   ,TH Roze,4.0
5.2,KOELING,Bambino,Pink,1.0
5.2p,KOELING,Bambino,Pink,1.0
5.6,KOELING,Bambino,Pink,3.0
5.6p,KOELING,Bambino,Pink,3.0
5.1,KOELING,Scarlet Pimpernel,Red,1.0
5.1p,KOELING,Scarlet Pimpernel,Red,1.0
5.2,KOELING,Scarlet Pimpernel,Red,1.0
5.2p,KOELING,Scarlet Pimpernel,Red,1.0
5.4,KOELING,Scarlet Pimpernel,Red,3.0
5.4p,KOELING,Scarlet Pimpernel,Red,3.0
5.1,KOELING,2-kleur,Red / Yellow,1.0
5.1p,KOELING,2-kleur,Red / Yellow,1.0
5.2,KOELING,2-kleur,Red / Yellow,1.0
5.2p,KOELING,2-kleur,Red / Yellow,1.0
5.7,KOELING,2-kleur,Red / Yellow,3.0
5.7p,KOELING,2-kleur,Red / Yellow,3.0
5.1,KOELING,Wit,White,1.0
5.1p,KOELING,Wit,White,1.0
5.2,KOELING,Wit,White,1.0
5.2p,KOELING,Wit,White,1.0
5.3,KOELING,Wit,White,3.0
5.3p,KOELING,Wit,White,3.0
5.2,KOELING,Golden Penny,Yellow,1.0
5.2p,KOELING,Golden Penny,Yellow,1.0
5.5,KOELING,Golden Penny,Yellow,3.0
5.5p,KOELING,Golden Penny,Yellow,3.0
18.2,KOELING,Garden Queen XXL,TH Pink,3.0
18.2p,KOELING,Garden Queen XXL,TH Pink,3.0
18.4,KOELING,Garden Queen XXL,TH Pink,1.0
18.4p,KOELING,Garden Queen XXL,TH Pink,1.0
18.5,KOELING,Garden Queen XXL,TH Pink,1.0
18.5p,KOELING,Garden Queen XXL,TH Pink,1.0
18.1,KOELING,Dame de Coeur XXL,TH Red,3.0
18.1p,KOELING,Dame de Coeur XXL,TH Red,3.0
18.4,KOELING,Dame de Coeur XXL,TH Red,1.0
18.4p,KOELING,Dame de Coeur XXL,TH Red,1.0
18.5,KOELING,Dame de Coeur XXL,TH Red,1.0
18.5p,KOELING,Dame de Coeur XXL,TH Red,1.0
18.3,KOELING,Korbin XXL,TH White,3.0
18.3p,KOELING,Korbin XXL,TH White,3.0
18.4,KOELING,Korbin XXL,TH White,1.0
18.4p,KOELING,Korbin XXL,TH White,1.0
18.8,KOELING,Oranje XXL,TH Orange,3.0
18.8p,KOELING,Oranje XXL,TH Orange,3.0
18.7,KOELING,Geel XXL,TH Yellow,3.0
18.7p,KOELING,Geel XXL,TH Yellow,3.0
18.6,KOELING,2-Colour XXL,TH 2-Colour,3.0
18.6p,KOELING,2-Colour XXL,TH 2-Colour,3.0
18.5,KOELING,2-Colour XXL,TH 2-Colour,1.0
18.5p,KOELING,2-Colour XXL,TH 2-Colour,1.0
27.1,KOELING,Aardbeienplant per stuk,,20.0
27.1p,KOELING,Aardbeienplant per stuk,,20.0
27.2,KOELING,Aardbeienplant per stuk,,40.0
27.2p,KOELING,Aardbeienplant per stuk,,40.0
27.3,KOELING,Aardbeienplant per stuk,,60.0
27.3p,KOELING,Aardbeienplant per stuk,,60.0
15.1,KOELING,Aardbeienplant per stuk,,20.0
15.1p,KOELING,Aardbeienplant per stuk,,20.0
10.2,KOELING,Braam,,2.0
10.2p,KOELING,Braam,,2.0
10.7,KOELING,Braam,,3.0
10.7p,KOELING,Braam,,3.0
10.8,KOELING,Braam,,3.0
10.8p,KOELING,Braam,,3.0
15.1,KOELING,Braam,,1.0
15.1p,KOELING,Braam,,1.0
10.1,KOELING,Framboos,,1.0
10.1p,KOELING,Framboos,,1.0
10.2,KOELING,Framboos,,2.0
10.2p,KOELING,Framboos,,2.0
10.6,KOELING,Framboos,,3.0
10.6p,KOELING,Framboos,,3.0
10.8,KOELING,Framboos,,3.0
10.8p,KOELING,Framboos,,3.0
15.1,KOELING,Framboos,,1.0
15.1p,KOELING,Framboos,,1.0
10.2,KOELING,Kruisbes Groen,,1.0
10.2p,KOELING,Kruisbes Groen,,1.0
10.10,KOELING,Kruisbes Groen,,3.0
10.10p,KOELING,Kruisbes Groen,,3.0
10.11,KOELING,Kruisbes Groen,,3.0
10.11p,KOELING,Kruisbes Groen,,3.0
10.1,KOELING,Kruisbes Rood,,1.0
10.1p,KOELING,Kruisbes Rood,,1.0
10.2,KOELING,Kruisbes Rood,,1.0
10.2p,KOELING,Kruisbes Rood,,1.0
10.9,KOELING,Kruisbes Rood,,3.0
10.9p,KOELING,Kruisbes Rood,,3.0
10.11,KOELING,Kruisbes Rood,,3.0
10.11p,KOELING,Kruisbes Rood,,3.0
10.1,KOELING,Rode Bes,,1.0
10.1p,KOELING,Rode Bes,,1.0
10.2,KOELING,Rode Bes,,1.0
10.2p,KOELING,Rode Bes,,1.0
10.3,KOELING,Rode Bes,,3.0
10.3p,KOELING,Rode Bes,,3.0
10.5,KOELING,Rode Bes,,3.0
10.5p,KOELING,Rode Bes,,3.0
15.1,KOELING,Rode Bes,,1.0
15.1p,KOELING,Rode Bes,,1.0
10.1,KOELING,Zwarte Bes,,1.0
10.1p,KOELING,Zwarte Bes,,1.0
10.2,KOELING,Zwarte Bes,,1.0
10.2p,KOELING,Zwarte Bes,,1.0
10.4,KOELING,Zwarte Bes,,3.0
10.4p,KOELING,Zwarte Bes,,3.0
10.5,KOELING,Zwarte Bes,,3.0
10.5p,KOELING,Zwarte Bes,,3.0
15.1,KOELING,Zwarte Bes,,1.0
15.1p,KOELING,Zwarte Bes,,1.0
11.1,KOELING,Conference,,1.0
11.1p,KOELING,Conference,,1.0
11.2,KOELING,Conference,,2.0
11.2p,KOELING,Conference,,2.0
11.0,KOELING,Conference,,1.0
11.0p,KOELING,Conference,,1.0
11.4,KOELING,Conference,,3.0
11.4p,KOELING,Conference,,3.0
11.1,KOELING,Jonagold,,1.0
11.1p,KOELING,Jonagold,,1.0
11.2,KOELING,Jonagold,,2.0
11.2p,KOELING,Jonagold,,2.0
11.0,KOELING,Jonagold,,1.0
11.0p,KOELING,Jonagold,,1.0
11.3,KOELING,Jonagold,,3.0
11.3p,KOELING,Jonagold,,3.0
11.1,KOELING,Opal,,1.0
11.1p,KOELING,Opal,,1.0
11.2,KOELING,Opal,,2.0
11.2p,KOELING,Opal,,2.0
11.6,KOELING,Opal,,3.0
11.6p,KOELING,Opal,,3.0
11.1,KOELING,Redhaven,,1.0
11.1p,KOELING,Redhaven,,1.0
11.2,KOELING,Redhaven,,2.0
11.2p,KOELING,Redhaven,,2.0
11.7,KOELING,Redhaven,,3.0
11.7p,KOELING,Redhaven,,3.0
11.1,KOELING,Schattenmorelle,,1.0
11.1p,KOELING,Schattenmorelle,,1.0
11.2,KOELING,Schattenmorelle,,2.0
11.2p,KOELING,Schattenmorelle,,2.0
11.0,KOELING,Schattenmorelle,,1.0
11.0p,KOELING,Schattenmorelle,,1.0
11.5,KOELING,Schattenmorelle,,3.0
11.5p,KOELING,Schattenmorelle,,3.0
17.1,KOELING,Conference XXL,,1.0
17.1p,KOELING,Conference XXL,,1.0
17.2,KOELING,Conference XXL,,1.0
17.2p,KOELING,Conference XXL,,1.0
17.4,KOELING,Conference XXL,,3.0
17.4p,KOELING,Conference XXL,,3.0
17.1,KOELING,Hauszwetsche XXL,,1.0
17.1p,KOELING,Hauszwetsche XXL,,1.0
17.7,KOELING,Hauszwetsche XXL,,3.0
17.7p,KOELING,Hauszwetsche XXL,,3.0
17.1,KOELING,Jonagold XXL,,1.0
17.1p,KOELING,Jonagold XXL,,1.0
17.2,KOELING,Jonagold XXL,,1.0
17.2p,KOELING,Jonagold XXL,,1.0
17.3,KOELING,Jonagold XXL,,3.0
17.3p,KOELING,Jonagold XXL,,3.0
17.1,KOELING,Kordia XXL,,1.0
17.1p,KOELING,Kordia XXL,,1.0
17.2,KOELING,Kordia XXL,,1.0
17.2p,KOELING,Kordia XXL,,1.0
17.5,KOELING,Kordia XXL,,3.0
17.5p,KOELING,Kordia XXL,,3.0
17.1,KOELING,Schattenmorelle XXL,,1.0
17.1p,KOELING,Schattenmorelle XXL,,1.0
17.6,KOELING,Schattenmorelle XXL,,3.0
17.6p,KOELING,Schattenmorelle XXL,,3.0
14.1,KOELING,Deutzia,,1.0
14.1p,KOELING,Deutzia,,1.0
14.2,KOELING,Deutzia,,2.0
14.2p,KOELING,Deutzia,,2.0
14.1,KOELING,Forsythia,,1.0
14.1p,KOELING,Forsythia,,1.0
14.2,KOELING,Forsythia,,2.0
14.2p,KOELING,Forsythia,,2.0
14.1,KOELING,Hibiscus,,1.0
14.1p,KOELING,Hibiscus,,1.0
14.2,KOELING,Hibiscus,,2.0
14.2p,KOELING,Hibiscus,,2.0
14.1,KOELING,Weigelia,,1.0
14.1p,KOELING,Weigelia,,1.0
14.2,KOELING,Weigelia,,2.0
14.2p,KOELING,Weigelia,,2.0
16.1,KOELING,Castanea Sativa,,1.0
16.1p,KOELING,Castanea Sativa,,1.0
16.2,KOELING,Castanea Sativa,,2.0
16.2p,KOELING,Castanea Sativa,,2.0
16.3,KOELING,Castanea Sativa,,1.0
16.3p,KOELING,Castanea Sativa,,1.0
16.4,KOELING,Castanea Sativa,,1.0
16.4p,KOELING,Castanea Sativa,,1.0
16.6,KOELING,Castanea Sativa,,2.0
16.6p,KOELING,Castanea Sativa,,2.0
16.1,KOELING,Corylus Avellana,,1.0
16.1p,KOELING,Corylus Avellana,,1.0
16.2,KOELING,Corylus Avellana,,2.0
16.2p,KOELING,Corylus Avellana,,2.0
16.4,KOELING,Corylus Avellana,,1.0
16.4p,KOELING,Corylus Avellana,,1.0
16.5,KOELING,Corylus Avellana,,1.0
16.5p,KOELING,Corylus Avellana,,1.0
16.8,KOELING,Corylus Avellana,,2.0
16.8p,KOELING,Corylus Avellana,,2.0
16.1,KOELING,Fagus Sylvatica,,1.0
16.1p,KOELING,Fagus Sylvatica,,1.0
16.2,KOELING,Fagus Sylvatica,,2.0
16.2p,KOELING,Fagus Sylvatica,,2.0
16.9,KOELING,Ginkgo Biloba,,2.0
16.9p,KOELING,Ginkgo Biloba,,2.0
16.1,KOELING,Juglans Regia,,1.0
16.1p,KOELING,Juglans Regia,,1.0
16.2,KOELING,Juglans Regia,,2.0
16.2p,KOELING,Juglans Regia,,2.0
16.3,KOELING,Juglans Regia,,1.0
16.3p,KOELING,Juglans Regia,,1.0
16.5,KOELING,Juglans Regia,,1.0
16.5p,KOELING,Juglans Regia,,1.0
16.7,KOELING,Juglans Regia,,2.0
16.7p,KOELING,Juglans Regia,,2.0
26.1,KOELING,Rode aalbes op stam,,1.0
26.1p,KOELING,Rode aalbes op stam,,1.0
26.2,KOELING,Rode aalbes op stam,,2.0
26.2p,KOELING,Rode aalbes op stam,,2.0
26.1,KOELING,Zwarte aalbes op stam,,1.0
26.1p,KOELING,Zwarte aalbes op stam,,1.0
26.3,KOELING,Zwarte aalbes op stam,,2.0
26.3p,KOELING,Zwarte aalbes op stam,,2.0
26.1,KOELING,Witte aalbes op stam,,1.0
26.1p,KOELING,Witte aalbes op stam,,1.0
26.4,KOELING,Witte aalbes op stam,,2.0
26.4p,KOELING,Witte aalbes op stam,,2.0
26.1,KOELING,Rode Kruisbes op stam,,1.0
26.1p,KOELING,Rode Kruisbes op stam,,1.0
26.5,KOELING,Rode Kruisbes op stam,,2.0
26.5p,KOELING,Rode Kruisbes op stam,,2.0
28.1,KOELING,Blauw 'Merlot',,1.0
28.1p,KOELING,Blauw 'Merlot',,1.0
28.3,KOELING,Blauw 'Merlot',,1.0
28.3p,KOELING,Blauw 'Merlot',,1.0
28.1,KOELING,Blauw 'Muscat Hamburg',,1.0
28.1p,KOELING,Blauw 'Muscat Hamburg',,1.0
28.3,KOELING,Blauw 'Muscat Hamburg',,1.0
28.3p,KOELING,Blauw 'Muscat Hamburg',,1.0
28.1,KOELING,"Wit 'Aurore""",,1.0
28.1p,KOELING,"Wit 'Aurore""",,1.0
28.2,KOELING,"Wit 'Aurore""",,1.0
28.2p,KOELING,"Wit 'Aurore""",,1.0
28.1,KOELING,Wit 'Sauvignon',,1.0
28.1p,KOELING,Wit 'Sauvignon',,1.0
28.2,KOELING,Wit 'Sauvignon',,1.0
28.2p,KOELING,Wit 'Sauvignon',,1.0
21.0,KOELING,Prunus Triloba XXL,,1.0
21.0p,KOELING,Prunus Triloba XXL,,1.0
21.1,KOELING,Prunus Triloba XXL,,2.0
21.1p,KOELING,Prunus Triloba XXL,,2.0
21.2,KOELING,Prunus Triloba XXL,,4.0
21.2p,KOELING,Prunus Triloba XXL,,4.0
19.0,KOELING,Salix integra 'Hakuro Nishiki' XXL,,1.0
19.0p,KOELING,Salix integra 'Hakuro Nishiki' XXL,,1.0
19.1,KOELING,Salix integra 'Hakuro Nishiki' XXL,,2.0
19.1p,KOELING,Salix integra 'Hakuro Nishiki' XXL,,2.0
19.2,KOELING,Salix integra 'Hakuro Nishiki' XXL,,4.0
19.2p,KOELING,Salix integra 'Hakuro Nishiki' XXL,,4.0
2.1,KAS,Citrus Calamondin - P9,,1.0
2.1p,KAS,Citrus Calamondin - P9,,1.0
2.2,KAS,Citrus Calamondin - P9,,2.0
2.2p,KAS,Citrus Calamondin - P9,,2.0
2.5,KAS,Citrus Calamondin - P9,,2.0
2.5p,KAS,Citrus Calamondin - P9,,2.0
2.8,KAS,Citrus Calamondin - P9,,1.0
2.8p,KAS,Citrus Calamondin - P9,,1.0
2.9,KAS,Citrus Calamondin - P9,,2.0
2.9p,KAS,Citrus Calamondin - P9,,2.0
2.1,KAS,Citrus Lemon - P9,,1.0
2.1p,KAS,Citrus Lemon - P9,,1.0
2.2,KAS,Citrus Lemon - P9,,2.0
2.2p,KAS,Citrus Lemon - P9,,2.0
2.5,KAS,Citrus Lemon - P9,,2.0
2.5p,KAS,Citrus Lemon - P9,,2.0
2.8,KAS,Citrus Lemon - P9,,1.0
2.8p,KAS,Citrus Lemon - P9,,1.0
2.9,KAS,Citrus Lemon - P9,,2.0
2.9p,KAS,Citrus Lemon - P9,,2.0
2.1,KAS,Ficus Carica - P9,,1.0
2.1p,KAS,Ficus Carica - P9,,1.0
2.2,KAS,Ficus Carica - P9,,2.0
2.2p,KAS,Ficus Carica - P9,,2.0
2.6,KAS,Ficus Carica - P9,,4.0
2.6p,KAS,Ficus Carica - P9,,4.0
2.7,KAS,Ficus Carica - P9,,4.0
2.7p,KAS,Ficus Carica - P9,,4.0
2.8,KAS,Ficus Carica - P9,,1.0
2.8p,KAS,Ficus Carica - P9,,1.0
2.9,KAS,Ficus Carica - P9,,2.0
2.9p,KAS,Ficus Carica - P9,,2.0
2.1,KAS,Olea Europaea - P9,,1.0
2.1p,KAS,Olea Europaea - P9,,1.0
2.2,KAS,Olea Europaea - P9,,2.0
2.2p,KAS,Olea Europaea - P9,,2.0
2.3,KAS,Olea Europaea - P9,,4.0
2.3p,KAS,Olea Europaea - P9,,4.0
2.4,KAS,Olea Europaea - P9,,8.0
2.4p,KAS,Olea Europaea - P9,,8.0
2.7,KAS,Olea Europaea - P9,,4.0
2.7p,KAS,Olea Europaea - P9,,4.0
2.8,KAS,Olea Europaea - P9,,1.0
2.8p,KAS,Olea Europaea - P9,,1.0
2.9,KAS,Olea Europaea - P9,,2.0
2.9p,KAS,Olea Europaea - P9,,2.0
101.1,KAS,Nerium Oleander Roze - P9,,4.0
101.1p,KAS,Nerium Oleander Roze - P9,,4.0
101.2,KAS,Nerium Oleander Roze - P9,,8.0
101.2p,KAS,Nerium Oleander Roze - P9,,8.0
101.0,KAS,Nerium Oleander Roze - P9,,2.0
101.0p,KAS,Nerium Oleander Roze - P9,,2.0
2.8,KAS,Nerium Oleander Roze - P9,,1.0
2.8p,KAS,Nerium Oleander Roze - P9,,1.0
2.9,KAS,Nerium Oleander Roze - P9,,2.0
2.9p,KAS,Nerium Oleander Roze - P9,,2.0
101.6,KAS,Nerium Oleander Roze - P9,,2.0
101.6p,KAS,Nerium Oleander Roze - P9,,2.0
101.7,KAS,Nerium Oleander Roze - P9,,4.0
101.7p,KAS,Nerium Oleander Roze - P9,,4.0
101.3,KAS,Nerium Oleander Wit - P9,,2.0
101.3p,KAS,Nerium Oleander Wit - P9,,2.0
101.4,KAS,Nerium Oleander Wit - P9,,4.0
101.4p,KAS,Nerium Oleander Wit - P9,,4.0
101.5,KAS,Nerium Oleander Wit - P9,,8.0
101.5p,KAS,Nerium Oleander Wit - P9,,8.0
101.6,KAS,Nerium Oleander Wit - P9,,2.0
101.6p,KAS,Nerium Oleander Wit - P9,,2.0
101.7,KAS,Nerium Oleander Wit - P9,,4.0
101.7p,KAS,Nerium Oleander Wit - P9,,4.0
105.0,KAS,Calliandra surinamensis 'Dixie Pink' - P9,,2.0
105.0p,KAS,Calliandra surinamensis 'Dixie Pink' - P9,,2.0
105.1,KAS,Calliandra surinamensis 'Dixie Pink' - P9,,3.0
105.1p,KAS,Calliandra surinamensis 'Dixie Pink' - P9,,3.0
105.2,KAS,Calliandra surinamensis 'Dixie Pink' - P9,,6.0
105.2p,KAS,Calliandra surinamensis 'Dixie Pink' - P9,,6.0
106.0,KAS,Citrus trifoliata - P9,,2.0
106.0p,KAS,Citrus trifoliata - P9,,2.0
106.1,KAS,Citrus trifoliata - P9,,3.0
106.1p,KAS,Citrus trifoliata - P9,,3.0
106.2,KAS,Citrus trifoliata - P9,,6.0
106.2p,KAS,Citrus trifoliata - P9,,6.0
264.1,KAS,Ficus carica 'Brown Turkey' - P17,,1.0
264.1p,KAS,Ficus carica 'Brown Turkey' - P17,,1.0
264.2,KAS,Ficus carica 'Brown Turkey' - P17,,2.0
264.2p,KAS,Ficus carica 'Brown Turkey' - P17,,2.0
100.5,KAS,Olijfboom winterhard struik,,1.0
100.5p,KAS,Olijfboom winterhard struik,,1.0
100.6,KAS,Olijfboom winterhard struik,,2.0
100.6p,KAS,Olijfboom winterhard struik,,2.0
100.3,KAS,Olijfboom winterhard op stam medium,,1.0
100.3p,KAS,Olijfboom winterhard op stam medium,,1.0
100.4,KAS,Olijfboom winterhard op stam medium,,2.0
100.4p,KAS,Olijfboom winterhard op stam medium,,2.0
161.0,KAS,Olea europaea 1/2 stam 80 cm ,(Breukers),1.0
161.0p,KAS,Olea europaea 1/2 stam 80 cm ,(Breukers),1.0
161.1,KAS,Olea europaea 1/2 stam 80 cm ,(Breukers),2.0
161.1p,KAS,Olea europaea 1/2 stam 80 cm ,(Breukers),2.0
161.2,KAS,Olea europaea 1/2 stam 80 cm ,(Breukers),4.0
161.2p,KAS,Olea europaea 1/2 stam 80 cm ,(Breukers),4.0
100.1,KAS,Olijfboom winterhard op stam XXL,,1.0
100.1p,KAS,Olijfboom winterhard op stam XXL,,1.0
100.2,KAS,Olijfboom winterhard op stam XXL,,2.0
100.2p,KAS,Olijfboom winterhard op stam XXL,,2.0
150.1,KAS,Chamaerops humilis medium,,1.0
150.1p,KAS,Chamaerops humilis medium,,1.0
150.2,KAS,Chamaerops humilis medium,,2.0
150.2p,KAS,Chamaerops humilis medium,,2.0
160.1,KAS,Chamaerops humilis medium,,1.0
160.1p,KAS,Chamaerops humilis medium,,1.0
150.3,KAS,Chamaerops humilis large,,1.0
150.3p,KAS,Chamaerops humilis large,,1.0
150.4,KAS,Chamaerops humilis large,,2.0
150.4p,KAS,Chamaerops humilis large,,2.0
151.1,KAS,Phoenix canariensis medium,,1.0
151.1p,KAS,Phoenix canariensis medium,,1.0
151.2,KAS,Phoenix canariensis medium,,2.0
151.2p,KAS,Phoenix canariensis medium,,2.0
160.1,KAS,Phoenix canariensis medium,,1.0
160.1p,KAS,Phoenix canariensis medium,,1.0
151.3,KAS,Phoenix canariensis large,,1.0
151.3p,KAS,Phoenix canariensis large,,1.0
151.4,KAS,Phoenix canariensis large,,2.0
151.4p,KAS,Phoenix canariensis large,,2.0
152.1,KAS,Trachycarpus fortunei medium,,1.0
152.1p,KAS,Trachycarpus fortunei medium,,1.0
152.2,KAS,Trachycarpus fortunei medium,,2.0
152.2p,KAS,Trachycarpus fortunei medium,,2.0
160.1,KAS,Trachycarpus fortunei medium,,1.0
160.1p,KAS,Trachycarpus fortunei medium,,1.0
152.3,KAS,Trachycarpus fortunei large,,1.0
152.3p,KAS,Trachycarpus fortunei large,,1.0
152.4,KAS,Trachycarpus fortunei large,,2.0
152.4p,KAS,Trachycarpus fortunei large,,2.0
153.1,KAS,Washingtonia robusta medium,,1.0
153.1p,KAS,Washingtonia robusta medium,,1.0
153.2,KAS,Washingtonia robusta medium,,2.0
153.2p,KAS,Washingtonia robusta medium,,2.0
160.1,KAS,Washingtonia robusta medium,,1.0
160.1p,KAS,Washingtonia robusta medium,,1.0
153.3,KAS,Washingtonia robusta large,,1.0
153.3p,KAS,Washingtonia robusta large,,1.0
153.4,KAS,Washingtonia robusta large,,2.0
153.4p,KAS,Washingtonia robusta large,,2.0
103.1,KAS,Asimina triloba – Pawpaw / Indianenbanaan - P9,,1.0
103.1p,KAS,Asimina triloba – Pawpaw / Indianenbanaan - P9,,1.0
3.1,KAS,Magnolia Soulangeana,,1.0
3.1p,KAS,Magnolia Soulangeana,,1.0
3.2,KAS,Magnolia Soulangeana,,2.0
3.2p,KAS,Magnolia Soulangeana,,2.0
3.3,KAS,Magnolia Soulangeana,,3.0
3.3p,KAS,Magnolia Soulangeana,,3.0
3.6,KAS,Magnolia Soulangeana,,6.0
3.6p,KAS,Magnolia Soulangeana,,6.0
3.1,KAS,Magnolia Stellata,,1.0
3.1p,KAS,Magnolia Stellata,,1.0
3.2,KAS,Magnolia Stellata,,2.0
3.2p,KAS,Magnolia Stellata,,2.0
3.5,KAS,Magnolia Stellata,,3.0
3.5p,KAS,Magnolia Stellata,,3.0
3.8,KAS,Magnolia Stellata,,6.0
3.8p,KAS,Magnolia Stellata,,6.0
3.1,KAS,Magnolia Susan,,1.0
3.1p,KAS,Magnolia Susan,,1.0
3.2,KAS,Magnolia Susan,,2.0
3.2p,KAS,Magnolia Susan,,2.0
3.4,KAS,Magnolia Susan,,3.0
3.4p,KAS,Magnolia Susan,,3.0
3.7,KAS,Magnolia Susan,,6.0
3.7p,KAS,Magnolia Susan,,6.0
13.1,KAS,Buddleja Davidii,,3.0
13.1p,KAS,Buddleja Davidii,,3.0
13.2,KAS,Buddleja Davidii,,6.0
13.2p,KAS,Buddleja Davidii,,6.0
13.7,KAS,Buddleja Davidii,,2.0
13.7p,KAS,Buddleja Davidii,,2.0
13.6,KAS,Buddleja dav. 'Black Knight',,3.0
13.6p,KAS,Buddleja dav. 'Black Knight',,3.0
13.5,KAS,Buddleja dav. 'Pink Delight',,3.0
13.5p,KAS,Buddleja dav. 'Pink Delight',,3.0
13.7,KAS,Buddleja dav. 'Pink Delight',,2.0
13.7p,KAS,Buddleja dav. 'Pink Delight',,2.0
13.3,KAS,Buddleja dav. 'Royal Red',,3.0
13.3p,KAS,Buddleja dav. 'Royal Red',,3.0
13.7,KAS,Buddleja dav. 'Royal Red',,2.0
13.7p,KAS,Buddleja dav. 'Royal Red',,2.0
13.4,KAS,Buddleja dav. 'White Profusion',,3.0
13.4p,KAS,Buddleja dav. 'White Profusion',,3.0
13.7,KAS,Buddleja dav. 'White Profusion',,2.0
13.7p,KAS,Buddleja dav. 'White Profusion',,2.0
330.1,KAS,Buddleja Butterfly Candy® 'Little Magenta' (P19),,1.0
330.1p,KAS,Buddleja Butterfly Candy® 'Little Magenta' (P19),,1.0
330.2,KAS,Buddleja Butterfly Candy® 'Little Magenta' (P19),,2.0
330.2p,KAS,Buddleja Butterfly Candy® 'Little Magenta' (P19),,2.0
331.1,KAS,Buddleja Butterfly Candy® 'Little Pink' (P19),,1.0
331.1p,KAS,Buddleja Butterfly Candy® 'Little Pink' (P19),,1.0
331.2,KAS,Buddleja Butterfly Candy® 'Little Pink' (P19),,2.0
331.2p,KAS,Buddleja Butterfly Candy® 'Little Pink' (P19),,2.0
332.1,KAS,Buddleja Butterfly Candy® 'Little Ruby' (P19),,1.0
332.1p,KAS,Buddleja Butterfly Candy® 'Little Ruby' (P19),,1.0
332.2,KAS,Buddleja Butterfly Candy® 'Little Ruby' (P19),,2.0
332.2p,KAS,Buddleja Butterfly Candy® 'Little Ruby' (P19),,2.0
333.1,KAS,Buddleja Butterfly Candy® 'Little White' (P19),,1.0
333.1p,KAS,Buddleja Butterfly Candy® 'Little White' (P19),,1.0
333.2,KAS,Buddleja Butterfly Candy® 'Little White' (P19),,2.0
333.2p,KAS,Buddleja Butterfly Candy® 'Little White' (P19),,2.0
4.0,KAS,Clematis montana 'Rubens',,3.0
4.0p,KAS,Clematis montana 'Rubens',,3.0
4.3,KAS,Clematis montana 'Rubens',,1.0
4.3p,KAS,Clematis montana 'Rubens',,1.0
35.1,KAS,Clematis montana 'Rubens',,2.0
35.1p,KAS,Clematis montana 'Rubens',,2.0
4.1,KAS,Clematis montana 'Wilsonii',,3.0
4.1p,KAS,Clematis montana 'Wilsonii',,3.0
4.3,KAS,Clematis montana 'Wilsonii',,1.0
4.3p,KAS,Clematis montana 'Wilsonii',,1.0
4.2,KAS,Clematis montana 'Mayleen',,3.0
4.2p,KAS,Clematis montana 'Mayleen',,3.0
4.3,KAS,Clematis montana 'Mayleen',,1.0
4.3p,KAS,Clematis montana 'Mayleen',,1.0
33.1,KAS,Lonicera per.'Belgica' - P9,,3.0
33.1p,KAS,Lonicera per.'Belgica' - P9,,3.0
33.2,KAS,Lonicera per.'Belgica' - P9,,6.0
33.2p,KAS,Lonicera per.'Belgica' - P9,,6.0
35.1,KAS,Lonicera per.'Belgica' - P9,,2.0
35.1p,KAS,Lonicera per.'Belgica' - P9,,2.0
34.1,KAS,Parthenocissus quin. 'Engelmannii' - P9,,3.0
34.1p,KAS,Parthenocissus quin. 'Engelmannii' - P9,,3.0
34.2,KAS,Parthenocissus quin. 'Engelmannii' - P9,,6.0
34.2p,KAS,Parthenocissus quin. 'Engelmannii' - P9,,6.0
35.1,KAS,Parthenocissus quin. 'Engelmannii' - P9,,2.0
35.1p,KAS,Parthenocissus quin. 'Engelmannii' - P9,,2.0
37.0,KAS,Thunbergia oranje - P9,,2.0
37.0p,KAS,Thunbergia oranje - P9,,2.0
249.1,KAS,Trachelospermum jasminoides P9 Wit,,3.0
249.1p,KAS,Trachelospermum jasminoides P9 Wit,,3.0
249.0,KAS,Trachelospermum jasminoides P9 Wit,,2.0
249.0p,KAS,Trachelospermum jasminoides P9 Wit,,2.0
249.2,KAS,Trachelospermum jasminoides P9 Wit,,6.0
249.2p,KAS,Trachelospermum jasminoides P9 Wit,,6.0
249.3,KAS,Trachelospermum jasminoides P9 Roze,,3.0
249.3p,KAS,Trachelospermum jasminoides P9 Roze,,3.0
249.4,KAS,Trachelospermum jasminoides P9 Roze,,6.0
249.4p,KAS,Trachelospermum jasminoides P9 Roze,,6.0
250.1,KAS,Trachelospermum jasminoides XXL P17  (wit),,1.0
250.1p,KAS,Trachelospermum jasminoides XXL P17  (wit),,1.0
250.2,KAS,Trachelospermum jasminoides XXL P17  (wit),,2.0
250.2p,KAS,Trachelospermum jasminoides XXL P17  (wit),,2.0
251.1,KAS,Trachelospermum jasminoides XXL P17 (roze),,1.0
251.1p,KAS,Trachelospermum jasminoides XXL P17 (roze),,1.0
251.2,KAS,Trachelospermum jasminoides XXL P17 (roze),,2.0
251.2p,KAS,Trachelospermum jasminoides XXL P17 (roze),,2.0
252.1,KAS,Trachelospermum jasminoides XXL P17 (geel),,1.0
252.1p,KAS,Trachelospermum jasminoides XXL P17 (geel),,1.0
252.2,KAS,Trachelospermum jasminoides XXL P17 (geel),,2.0
252.2p,KAS,Trachelospermum jasminoides XXL P17 (geel),,2.0
263.1,KAS,Bougainvillea glabra 'Alexandra' paars op rek,,1.0
263.1p,KAS,Bougainvillea glabra 'Alexandra' paars op rek,,1.0
263.2,KAS,Bougainvillea glabra 'Alexandra' paars op rek,,2.0
263.2p,KAS,Bougainvillea glabra 'Alexandra' paars op rek,,2.0
253.1,KAS,Ceanothus thyrsiflorus 'Repens' XL P17 Pyramide ,,1.0
253.1p,KAS,Ceanothus thyrsiflorus 'Repens' XL P17 Pyramide ,,1.0
253.2,KAS,Ceanothus thyrsiflorus 'Repens' XL P17 Pyramide ,,2.0
253.2p,KAS,Ceanothus thyrsiflorus 'Repens' XL P17 Pyramide ,,2.0
254.1,KAS,Campsis radicans 'Flava' XXL P17 (geel),,1.0
254.1p,KAS,Campsis radicans 'Flava' XXL P17 (geel),,1.0
254.2,KAS,Campsis radicans 'Flava' XXL P17 (geel),,2.0
254.2p,KAS,Campsis radicans 'Flava' XXL P17 (geel),,2.0
255.1,KAS,Campsis radicans  XXL P17 (oranje),,1.0
255.1p,KAS,Campsis radicans  XXL P17 (oranje),,1.0
255.2,KAS,Campsis radicans  XXL P17 (oranje),,2.0
255.2p,KAS,Campsis radicans  XXL P17 (oranje),,2.0
256.1,KAS,Campsis tagliabuana 'Madame Galen' XXL P17 (rood),,1.0
256.1p,KAS,Campsis tagliabuana 'Madame Galen' XXL P17 (rood),,1.0
256.2,KAS,Campsis tagliabuana 'Madame Galen' XXL P17 (rood),,2.0
256.2p,KAS,Campsis tagliabuana 'Madame Galen' XXL P17 (rood),,2.0
257.1,KAS,Lonicera henryi 'Copper Beauty' XXL P17 (geel),,1.0
257.1p,KAS,Lonicera henryi 'Copper Beauty' XXL P17 (geel),,1.0
257.2,KAS,Lonicera henryi 'Copper Beauty' XXL P17 (geel),,2.0
257.2p,KAS,Lonicera henryi 'Copper Beauty' XXL P17 (geel),,2.0
258.1,KAS,Lonicera heckrottii 'American Beauty' XXL P17 (rood/geel),,1.0
258.1p,KAS,Lonicera heckrottii 'American Beauty' XXL P17 (rood/geel),,1.0
258.2,KAS,Lonicera heckrottii 'American Beauty' XXL P17 (rood/geel),,2.0
258.2p,KAS,Lonicera heckrottii 'American Beauty' XXL P17 (rood/geel),,2.0
260.1,KAS,Passiflora caerulea  XXL P17 (blauw),,1.0
260.1p,KAS,Passiflora caerulea  XXL P17 (blauw),,1.0
260.2,KAS,Passiflora caerulea  XXL P17 (blauw),,2.0
260.2p,KAS,Passiflora caerulea  XXL P17 (blauw),,2.0
261.1,KAS,Passiflora caerulea 'Victoria' XXL P17 (roze/paars),,1.0
261.1p,KAS,Passiflora caerulea 'Victoria' XXL P17 (roze/paars),,1.0
261.2,KAS,Passiflora caerulea 'Victoria' XXL P17 (roze/paars),,2.0
261.2p,KAS,Passiflora caerulea 'Victoria' XXL P17 (roze/paars),,2.0
262.1,KAS,Passiflora caerulea 'Constance Elliot' XXL P17 (wit),,1.0
262.1p,KAS,Passiflora caerulea 'Constance Elliot' XXL P17 (wit),,1.0
262.2,KAS,Passiflora caerulea 'Constance Elliot' XXL P17 (wit),,2.0
262.2p,KAS,Passiflora caerulea 'Constance Elliot' XXL P17 (wit),,2.0
230.1,KAS,Cotoneaster dammeri ,,8.0
230.1p,KAS,Cotoneaster dammeri ,,8.0
231.1,KAS,Lonicera nitida ,,8.0
231.1p,KAS,Lonicera nitida ,,8.0
232.1,KAS,Vinca minor (lila),,8.0
232.1p,KAS,Vinca minor (lila),,8.0
233.1,KAS,Vinca minor 'Albus' (wit) ,,8.0
233.1p,KAS,Vinca minor 'Albus' (wit) ,,8.0
237.1,KAS,Geranium 'Rozanne',,7.0
237.1p,KAS,Geranium 'Rozanne',,7.0
237.0,KAS,Geranium 'Rozanne',,3.0
237.0p,KAS,Geranium 'Rozanne',,3.0
234.1,KAS,Pachysandra terminalis ,,8.0
234.1p,KAS,Pachysandra terminalis ,,8.0
235.1,KAS,Hedera hibernica ,,8.0
235.1p,KAS,Hedera hibernica ,,8.0
236.1,KAS,Lavandula angustifolia 'Hidcote' ,,8.0
236.1p,KAS,Lavandula angustifolia 'Hidcote' ,,8.0
236.0,KAS,Lavandula angustifolia 'Hidcote' ,,4.0
236.0p,KAS,Lavandula angustifolia 'Hidcote' ,,4.0
6.1,KAS,Camellia Rood,,1.0
6.1p,KAS,Camellia Rood,,1.0
6.2,KAS,Camellia Rood,,2.0
6.2p,KAS,Camellia Rood,,2.0
6.3,KAS,Camellia Rood,,3.0
6.3p,KAS,Camellia Rood,,3.0
6.1,KAS,Camellia Roze,,1.0
6.1p,KAS,Camellia Roze,,1.0
6.2,KAS,Camellia Roze,,2.0
6.2p,KAS,Camellia Roze,,2.0
6.4,KAS,Camellia Roze,,3.0
6.4p,KAS,Camellia Roze,,3.0
6.1,KAS,Camellia Wit,,1.0
6.1p,KAS,Camellia Wit,,1.0
6.2,KAS,Camellia Wit,,2.0
6.2p,KAS,Camellia Wit,,2.0
6.5,KAS,Camellia Wit,,3.0
6.5p,KAS,Camellia Wit,,3.0
40.3,KAS,Camellia XL Rood,,1.0
40.3p,KAS,Camellia XL Rood,,1.0
40.4,KAS,Camellia XL Rood,,2.0
40.4p,KAS,Camellia XL Rood,,2.0
40.1,KAS,Camellia XL Roze,,1.0
40.1p,KAS,Camellia XL Roze,,1.0
40.2,KAS,Camellia XL Roze,,2.0
40.2p,KAS,Camellia XL Roze,,2.0
40.5,KAS,Camellia XL Wit,,1.0
40.5p,KAS,Camellia XL Wit,,1.0
40.6,KAS,Camellia XL Wit,,2.0
40.6p,KAS,Camellia XL Wit,,2.0
40.7,KAS,Camellia XL Tricolor,,1.0
40.7p,KAS,Camellia XL Tricolor,,1.0
40.8,KAS,Camellia XL Tricolor,,2.0
40.8p,KAS,Camellia XL Tricolor,,2.0
T001,KAS,Camellia japonica P19 Roze,,1.0
T001p,KAS,Camellia japonica P19 Roze,,1.0
T002,KAS,Camellia japonica P19 Roze,,2.0
T002p,KAS,Camellia japonica P19 Roze,,2.0
T005,KAS,Camellia japonica P19 Roze,,1.0
T005p,KAS,Camellia japonica P19 Roze,,1.0
T003,KAS,Camellia japonica P19 Wit,,1.0
T003p,KAS,Camellia japonica P19 Wit,,1.0
T004,KAS,Camellia japonica P19 Wit,,2.0
T004p,KAS,Camellia japonica P19 Wit,,2.0
T005,KAS,Camellia japonica P19 Wit,,1.0
T005p,KAS,Camellia japonica P19 Wit,,1.0
274.1,KAS,"Acer palm. 'Atropurpureum' (P10,5)",,1.0
274.1p,KAS,"Acer palm. 'Atropurpureum' (P10,5)",,1.0
274.2,KAS,"Acer palm. 'Atropurpureum' (P10,5)",,2.0
274.2p,KAS,"Acer palm. 'Atropurpureum' (P10,5)",,2.0
274.1,KAS,"Acer palm. 'Butterfly' (P10,5)",,1.0
274.1p,KAS,"Acer palm. 'Butterfly' (P10,5)",,1.0
274.3,KAS,"Acer palm. 'Butterfly' (P10,5)",,2.0
274.3p,KAS,"Acer palm. 'Butterfly' (P10,5)",,2.0
274.1,KAS,"Acer palm. 'Going Green' (P10,5)",,1.0
274.1p,KAS,"Acer palm. 'Going Green' (P10,5)",,1.0
274.4,KAS,"Acer palm. 'Going Green' (P10,5)",,2.0
274.4p,KAS,"Acer palm. 'Going Green' (P10,5)",,2.0
274.1,KAS,"Acer palm. 'Orange Dream' (P10,5)",,1.0
274.1p,KAS,"Acer palm. 'Orange Dream' (P10,5)",,1.0
274.5,KAS,"Acer palm. 'Orange Dream' (P10,5)",,2.0
274.5p,KAS,"Acer palm. 'Orange Dream' (P10,5)",,2.0
290.1,KAS,Acer palm. 'Atropurpureum' (P15),,1.0
290.1p,KAS,Acer palm. 'Atropurpureum' (P15),,1.0
290.2,KAS,Acer palm. 'Atropurpureum' (P15),,2.0
290.2p,KAS,Acer palm. 'Atropurpureum' (P15),,2.0
291.1,KAS,Acer palm. 'Butterfly' (P15),,1.0
291.1p,KAS,Acer palm. 'Butterfly' (P15),,1.0
291.2,KAS,Acer palm. 'Butterfly' (P15),,2.0
291.2p,KAS,Acer palm. 'Butterfly' (P15),,2.0
292.1,KAS,Acer palm. 'Going Green' (P15),,1.0
292.1p,KAS,Acer palm. 'Going Green' (P15),,1.0
292.2,KAS,Acer palm. 'Going Green' (P15),,2.0
292.2p,KAS,Acer palm. 'Going Green' (P15),,2.0
293.1,KAS,Acer palm. 'Orange Dream' (P15),,1.0
293.1p,KAS,Acer palm. 'Orange Dream' (P15),,1.0
293.2,KAS,Acer palm. 'Orange Dream' (P15),,2.0
293.2p,KAS,Acer palm. 'Orange Dream' (P15),,2.0
294.1,KAS,Acer palm. 'Extravaganza' (P15),,1.0
294.1p,KAS,Acer palm. 'Extravaganza' (P15),,1.0
294.2,KAS,Acer palm. 'Extravaganza' (P15),,2.0
294.2p,KAS,Acer palm. 'Extravaganza' (P15),,2.0
295.1,KAS,Acer palm. 'Taylor' (P15),,1.0
295.1p,KAS,Acer palm. 'Taylor' (P15),,1.0
295.2,KAS,Acer palm. 'Taylor' (P15),,2.0
295.2p,KAS,Acer palm. 'Taylor' (P15),,2.0
296.1,KAS,Acer palm. 'Moonrise' (P15),,1.0
296.1p,KAS,Acer palm. 'Moonrise' (P15),,1.0
296.2,KAS,Acer palm. 'Moonrise' (P15),,2.0
296.2p,KAS,Acer palm. 'Moonrise' (P15),,2.0
275.1,KAS,Acer palm. 'Atropurpureum' (P19),,1.0
275.1p,KAS,Acer palm. 'Atropurpureum' (P19),,1.0
275.2,KAS,Acer palm. 'Atropurpureum' (P19),,2.0
275.2p,KAS,Acer palm. 'Atropurpureum' (P19),,2.0
276.1,KAS,Acer palm. 'Beni-maiko' (P19),,1.0
276.1p,KAS,Acer palm. 'Beni-maiko' (P19),,1.0
276.2,KAS,Acer palm. 'Beni-maiko' (P19),,2.0
276.2p,KAS,Acer palm. 'Beni-maiko' (P19),,2.0
277.1,KAS,Acer palm. 'Butterfly' (P19),,1.0
277.1p,KAS,Acer palm. 'Butterfly' (P19),,1.0
277.2,KAS,Acer palm. 'Butterfly' (P19),,2.0
277.2p,KAS,Acer palm. 'Butterfly' (P19),,2.0
278.1,KAS,Acer palm. 'Orange Dream' (P19),,1.0
278.1p,KAS,Acer palm. 'Orange Dream' (P19),,1.0
278.2,KAS,Acer palm. 'Orange Dream' (P19),,2.0
278.2p,KAS,Acer palm. 'Orange Dream' (P19),,2.0
279.1,KAS,Acer palm. 'Shaina' (P19),,1.0
279.1p,KAS,Acer palm. 'Shaina' (P19),,1.0
279.2,KAS,Acer palm. 'Shaina' (P19),,2.0
279.2p,KAS,Acer palm. 'Shaina' (P19),,2.0
279.3,KAS,Acer palm. 'Shaina' Struik (P19),,1.0
279.3p,KAS,Acer palm. 'Shaina' Struik (P19),,1.0
279.4,KAS,Acer palm. 'Shaina' Struik (P19),,2.0
279.4p,KAS,Acer palm. 'Shaina' Struik (P19),,2.0
298.1,KAS,Acer palm. 'Dissectum' (P19),,1.0
298.1p,KAS,Acer palm. 'Dissectum' (P19),,1.0
298.2,KAS,Acer palm. 'Dissectum' (P19),,2.0
298.2p,KAS,Acer palm. 'Dissectum' (P19),,2.0
299.1,KAS,Acer palm. 'Extravaganza' (P19),,1.0
299.1p,KAS,Acer palm. 'Extravaganza' (P19),,1.0
299.2,KAS,Acer palm. 'Extravaganza' (P19),,2.0
299.2p,KAS,Acer palm. 'Extravaganza' (P19),,2.0
300.1,KAS,Acer palm. 'Garnet' (P19),,1.0
300.1p,KAS,Acer palm. 'Garnet' (P19),,1.0
300.2,KAS,Acer palm. 'Garnet' (P19),,2.0
300.2p,KAS,Acer palm. 'Garnet' (P19),,2.0
301.1,KAS,Acer palm. 'Orange Lace' (P19),,1.0
301.1p,KAS,Acer palm. 'Orange Lace' (P19),,1.0
301.2,KAS,Acer palm. 'Orange Lace' (P19),,2.0
301.2p,KAS,Acer palm. 'Orange Lace' (P19),,2.0
302.1,KAS,Acer palm. 'Taylor' (P19),,1.0
302.1p,KAS,Acer palm. 'Taylor' (P19),,1.0
302.2,KAS,Acer palm. 'Taylor' (P19),,2.0
302.2p,KAS,Acer palm. 'Taylor' (P19),,2.0
303.1,KAS,Acer palm. 'Trompenburg' (P19),,1.0
303.1p,KAS,Acer palm. 'Trompenburg' (P19),,1.0
303.2,KAS,Acer palm. 'Trompenburg' (P19),,2.0
303.2p,KAS,Acer palm. 'Trompenburg' (P19),,2.0
304.1,KAS,Acer palm. 'Ukigumo' (P19),,1.0
304.1p,KAS,Acer palm. 'Ukigumo' (P19),,1.0
304.2,KAS,Acer palm. 'Ukigumo' (P19),,2.0
304.2p,KAS,Acer palm. 'Ukigumo' (P19),,2.0
305.1,KAS,Acer shir. 'Aureum' (P19),,1.0
305.1p,KAS,Acer shir. 'Aureum' (P19),,1.0
305.2,KAS,Acer shir. 'Aureum' (P19),,2.0
305.2p,KAS,Acer shir. 'Aureum' (P19),,2.0
306.3,KAS,Acer shir. 'Moonrise' (P19),,1.0
306.3p,KAS,Acer shir. 'Moonrise' (P19),,1.0
306.4,KAS,Acer shir. 'Moonrise' (P19),,2.0
306.4p,KAS,Acer shir. 'Moonrise' (P19),,2.0
306.1,KAS,Acer shir. 'Moonrise' (P19) OP STAM,,1.0
306.1p,KAS,Acer shir. 'Moonrise' (P19) OP STAM,,1.0
306.2,KAS,Acer shir. 'Moonrise' (P19) OP STAM,,2.0
306.2p,KAS,Acer shir. 'Moonrise' (P19) OP STAM,,2.0
297.1,KAS,Acer cons. 'Red Flamingo' (P19),,1.0
297.1p,KAS,Acer cons. 'Red Flamingo' (P19),,1.0
297.2,KAS,Acer cons. 'Red Flamingo' (P19),,2.0
297.2p,KAS,Acer cons. 'Red Flamingo' (P19),,2.0
T006,KAS,Acer palm. 'Atropurpureum' Bonsai (P23) - patio,,1.0
T006p,KAS,Acer palm. 'Atropurpureum' Bonsai (P23) - patio,,1.0
T007,KAS,Acer palm. 'Beni-maiko' Bonsai (P23) - patio,,1.0
T007p,KAS,Acer palm. 'Beni-maiko' Bonsai (P23) - patio,,1.0
T008,KAS,Acer palm. 'Katsura' Bonsai (P23) - patio,,1.0
T008p,KAS,Acer palm. 'Katsura' Bonsai (P23) - patio,,1.0
T009,KAS,Acer palm. 'Little Princess' Bonsai (P23) - patio,,1.0
T009p,KAS,Acer palm. 'Little Princess' Bonsai (P23) - patio,,1.0
310.1,KAS,Acer palm. 'Emerald Lace' (P24),,1.0
310.1p,KAS,Acer palm. 'Emerald Lace' (P24),,1.0
310.2,KAS,Acer palm. 'Garnet' (P24),,1.0
310.2p,KAS,Acer palm. 'Garnet' (P24),,1.0
8.1,KAS,Hydrangea Blauw,,1.0
8.1p,KAS,Hydrangea Blauw,,1.0
8.2,KAS,Hydrangea Blauw,,2.0
8.2p,KAS,Hydrangea Blauw,,2.0
8.3,KAS,Hydrangea Blauw,,3.0
8.3p,KAS,Hydrangea Blauw,,3.0
8.4,KAS,Hydrangea Blauw,,6.0
8.4p,KAS,Hydrangea Blauw,,6.0
8.19,KAS,Hydrangea Blauw,,1.0
8.19p,KAS,Hydrangea Blauw,,1.0
8.20,KAS,Hydrangea Blauw,,2.0
8.20p,KAS,Hydrangea Blauw,,2.0
8.17,KAS,Hydrangea Rood,,3.0
8.17p,KAS,Hydrangea Rood,,3.0
8.18,KAS,Hydrangea Rood,,6.0
8.18p,KAS,Hydrangea Rood,,6.0
8.19,KAS,Hydrangea Rood,,1.0
8.19p,KAS,Hydrangea Rood,,1.0
8.20,KAS,Hydrangea Rood,,2.0
8.20p,KAS,Hydrangea Rood,,2.0
8.15,KAS,Hydrangea Roze,,3.0
8.15p,KAS,Hydrangea Roze,,3.0
8.16,KAS,Hydrangea Roze,,6.0
8.16p,KAS,Hydrangea Roze,,6.0
8.19,KAS,Hydrangea Roze,,1.0
8.19p,KAS,Hydrangea Roze,,1.0
8.20,KAS,Hydrangea Roze,,2.0
8.20p,KAS,Hydrangea Roze,,2.0
8.13,KAS,Hydrangea Wit,,3.0
8.13p,KAS,Hydrangea Wit,,3.0
8.14,KAS,Hydrangea Wit,,6.0
8.14p,KAS,Hydrangea Wit,,6.0
8.19,KAS,Hydrangea Wit,,1.0
8.19p,KAS,Hydrangea Wit,,1.0
8.20,KAS,Hydrangea Wit,,2.0
8.20p,KAS,Hydrangea Wit,,2.0
8.1,KAS,Hydrangea Kyushu,,1.0
8.1p,KAS,Hydrangea Kyushu,,1.0
8.2,KAS,Hydrangea Kyushu,,2.0
8.2p,KAS,Hydrangea Kyushu,,2.0
8.9,KAS,Hydrangea Kyushu,,3.0
8.9p,KAS,Hydrangea Kyushu,,3.0
8.10,KAS,Hydrangea Kyushu,,6.0
8.10p,KAS,Hydrangea Kyushu,,6.0
8.1,KAS,Hydrangea Phantom,,1.0
8.1p,KAS,Hydrangea Phantom,,1.0
8.2,KAS,Hydrangea Phantom,,2.0
8.2p,KAS,Hydrangea Phantom,,2.0
8.5,KAS,Hydrangea Phantom,,3.0
8.5p,KAS,Hydrangea Phantom,,3.0
8.6,KAS,Hydrangea Phantom,,6.0
8.6p,KAS,Hydrangea Phantom,,6.0
8.1,KAS,Hydrangea Pink Diamond,,1.0
8.1p,KAS,Hydrangea Pink Diamond,,1.0
8.2,KAS,Hydrangea Pink Diamond,,2.0
8.2p,KAS,Hydrangea Pink Diamond,,2.0
8.7,KAS,Hydrangea Pink Diamond,,3.0
8.7p,KAS,Hydrangea Pink Diamond,,3.0
8.8,KAS,Hydrangea Pink Diamond,,6.0
8.8p,KAS,Hydrangea Pink Diamond,,6.0
8.11,KAS,Hydrangea Annabelle,,3.0
8.11p,KAS,Hydrangea Annabelle,,3.0
8.12,KAS,Hydrangea Annabelle,,6.0
8.12p,KAS,Hydrangea Annabelle,,6.0
31.1,KAS,Hydrangea Petiolaris - P9,,4.0
31.1p,KAS,Hydrangea Petiolaris - P9,,4.0
31.2,KAS,Hydrangea Petiolaris - P9,,8.0
31.2p,KAS,Hydrangea Petiolaris - P9,,8.0
31.0,KAS,Hydrangea Petiolaris - P9,,2.0
31.0p,KAS,Hydrangea Petiolaris - P9,,2.0
35.1,KAS,Hydrangea Petiolaris - P9,,2.0
35.1p,KAS,Hydrangea Petiolaris - P9,,2.0
8.21,KAS,Hydrangea 'Limelight',,2.0
8.21p,KAS,Hydrangea 'Limelight',,2.0
8.22,KAS,Hydrangea 'Limelight',,3.0
8.22p,KAS,Hydrangea 'Limelight',,3.0
8.23,KAS,Hydrangea 'Limelight',,6.0
8.23p,KAS,Hydrangea 'Limelight',,6.0
8.24,KAS,Hydrangea quercifolia 'Snow Queen' - P9,,2.0
8.24p,KAS,Hydrangea quercifolia 'Snow Queen' - P9,,2.0
8.25,KAS,Hydrangea quercifolia 'Snow Queen' - P9,,3.0
8.25p,KAS,Hydrangea quercifolia 'Snow Queen' - P9,,3.0
8.26,KAS,Hydrangea quercifolia 'Snow Queen' - P9,,6.0
8.26p,KAS,Hydrangea quercifolia 'Snow Queen' - P9,,6.0
281.1,KAS,Hydarngea arbo. 'Strong Annabelle' (P19),,1.0
281.1p,KAS,Hydarngea arbo. 'Strong Annabelle' (P19),,1.0
281.2,KAS,Hydarngea arbo. 'Strong Annabelle' (P19),,2.0
281.2p,KAS,Hydarngea arbo. 'Strong Annabelle' (P19),,2.0
281.3,KAS,Hydarngea arbo. 'Strong Annabelle' (P19),,3.0
281.3p,KAS,Hydarngea arbo. 'Strong Annabelle' (P19),,3.0
282.1,KAS,Hydarngea arbo. 'Pink Annabelle' (P19),,1.0
282.1p,KAS,Hydarngea arbo. 'Pink Annabelle' (P19),,1.0
282.2,KAS,Hydarngea arbo. 'Pink Annabelle' (P19),,2.0
282.2p,KAS,Hydarngea arbo. 'Pink Annabelle' (P19),,2.0
282.3,KAS,Hydarngea arbo. 'Pink Annabelle' (P19),,3.0
282.3p,KAS,Hydarngea arbo. 'Pink Annabelle' (P19),,3.0
283.1,KAS,Hydarngea arbo. 'Ruby Annabelle' (P19),,1.0
283.1p,KAS,Hydarngea arbo. 'Ruby Annabelle' (P19),,1.0
283.2,KAS,Hydarngea arbo. 'Ruby Annabelle' (P19),,2.0
283.2p,KAS,Hydarngea arbo. 'Ruby Annabelle' (P19),,2.0
283.3,KAS,Hydarngea arbo. 'Ruby Annabelle' (P19),,3.0
283.3p,KAS,Hydarngea arbo. 'Ruby Annabelle' (P19),,3.0
55.1,KAS,Festuca glauca 'Elija Blue' - P9,,4.0
55.1p,KAS,Festuca glauca 'Elija Blue' - P9,,4.0
55.2,KAS,Festuca glauca 'Elija Blue' - P9,,8.0
55.2p,KAS,Festuca glauca 'Elija Blue' - P9,,8.0
56.2,KAS,Festuca glauca 'Elija Blue' - P9,,2.0
56.2p,KAS,Festuca glauca 'Elija Blue' - P9,,2.0
56.3,KAS,Festuca glauca 'Elija Blue' - P9,,1.0
56.3p,KAS,Festuca glauca 'Elija Blue' - P9,,1.0
56.4,KAS,Festuca glauca 'Elija Blue' - P9,,2.0
56.4p,KAS,Festuca glauca 'Elija Blue' - P9,,2.0
53.1,KAS,Imperata cyl. 'Red Baron' - P9,,4.0
53.1p,KAS,Imperata cyl. 'Red Baron' - P9,,4.0
53.2,KAS,Imperata cyl. 'Red Baron' - P9,,8.0
53.2p,KAS,Imperata cyl. 'Red Baron' - P9,,8.0
56.1,KAS,Imperata cyl. 'Red Baron' - P9,,2.0
56.1p,KAS,Imperata cyl. 'Red Baron' - P9,,2.0
56.2,KAS,Imperata cyl. 'Red Baron' - P9,,2.0
56.2p,KAS,Imperata cyl. 'Red Baron' - P9,,2.0
56.3,KAS,Imperata cyl. 'Red Baron' - P9,,1.0
56.3p,KAS,Imperata cyl. 'Red Baron' - P9,,1.0
56.4,KAS,Imperata cyl. 'Red Baron' - P9,,2.0
56.4p,KAS,Imperata cyl. 'Red Baron' - P9,,2.0
54.1,KAS,Liriope muscari - P9,,4.0
54.1p,KAS,Liriope muscari - P9,,4.0
54.2,KAS,Liriope muscari - P9,,8.0
54.2p,KAS,Liriope muscari - P9,,8.0
56.2,KAS,Liriope muscari - P9,,2.0
56.2p,KAS,Liriope muscari - P9,,2.0
9.1,KAS,Pampasgras Roze - P9,,2.0
9.1p,KAS,Pampasgras Roze - P9,,2.0
9.2,KAS,Pampasgras Roze - P9,,4.0
9.2p,KAS,Pampasgras Roze - P9,,4.0
9.4,KAS,Pampasgras Roze - P9,,3.0
9.4p,KAS,Pampasgras Roze - P9,,3.0
9.6,KAS,Pampasgras Roze - P9,,6.0
9.6p,KAS,Pampasgras Roze - P9,,6.0
9.8,KAS,Pampasgras Roze - P9,,3.0
9.8p,KAS,Pampasgras Roze - P9,,3.0
9.9,KAS,Pampasgras Roze - P9,,12.0
9.9p,KAS,Pampasgras Roze - P9,,12.0
9.11,KAS,Pampasgras Roze - P9,,2.0
9.11p,KAS,Pampasgras Roze - P9,,2.0
9.1,KAS,Pampasgras Wit - P9,,2.0
9.1p,KAS,Pampasgras Wit - P9,,2.0
9.2,KAS,Pampasgras Wit - P9,,4.0
9.2p,KAS,Pampasgras Wit - P9,,4.0
9.4,KAS,Pampasgras Wit - P9,,3.0
9.4p,KAS,Pampasgras Wit - P9,,3.0
9.5,KAS,Pampasgras Wit - P9,,6.0
9.5p,KAS,Pampasgras Wit - P9,,6.0
9.7,KAS,Pampasgras Wit - P9,,3.0
9.7p,KAS,Pampasgras Wit - P9,,3.0
9.9,KAS,Pampasgras Wit - P9,,12.0
9.9p,KAS,Pampasgras Wit - P9,,12.0
56.1,KAS,Pampasgras Wit - P9,,2.0
56.1p,KAS,Pampasgras Wit - P9,,2.0
9.10,KAS,Pampasgras Wit - P9,,2.0
9.10p,KAS,Pampasgras Wit - P9,,2.0
52.1,KAS,Pennisetum alap. 'Hameln' - P9,,4.0
52.1p,KAS,Pennisetum alap. 'Hameln' - P9,,4.0
52.2,KAS,Pennisetum alap. 'Hameln' - P9,,8.0
52.2p,KAS,Pennisetum alap. 'Hameln' - P9,,8.0
56.1,KAS,Pennisetum alap. 'Hameln' - P9,,2.0
56.1p,KAS,Pennisetum alap. 'Hameln' - P9,,2.0
56.2,KAS,Pennisetum alap. 'Hameln' - P9,,2.0
56.2p,KAS,Pennisetum alap. 'Hameln' - P9,,2.0
56.3,KAS,Pennisetum alap. 'Hameln' - P9,,1.0
56.3p,KAS,Pennisetum alap. 'Hameln' - P9,,1.0
56.4,KAS,Pennisetum alap. 'Hameln' - P9,,2.0
56.4p,KAS,Pennisetum alap. 'Hameln' - P9,,2.0
39.1,KAS,Stipa Tenuissima 'Ponytails' - P9,,4.0
39.1p,KAS,Stipa Tenuissima 'Ponytails' - P9,,4.0
39.2,KAS,Stipa Tenuissima 'Ponytails' - P9,,8.0
39.2p,KAS,Stipa Tenuissima 'Ponytails' - P9,,8.0
56.1,KAS,Stipa Tenuissima 'Ponytails' - P9,,2.0
56.1p,KAS,Stipa Tenuissima 'Ponytails' - P9,,2.0
56.3,KAS,Stipa Tenuissima 'Ponytails' - P9,,1.0
56.3p,KAS,Stipa Tenuissima 'Ponytails' - P9,,1.0
56.4,KAS,Stipa Tenuissima 'Ponytails' - P9,,2.0
56.4p,KAS,Stipa Tenuissima 'Ponytails' - P9,,2.0
39.0,KAS,Stipa Tenuissima 'Ponytails' - P9,,3.0
39.0p,KAS,Stipa Tenuissima 'Ponytails' - P9,,3.0
57.1,KAS,Miscanthus sin. 'Kleine Silbersp.' 23 cm,,1.0
57.1p,KAS,Miscanthus sin. 'Kleine Silbersp.' 23 cm,,1.0
57.2,KAS,Miscanthus sin. 'Red Chief' 23 cm,,1.0
57.2p,KAS,Miscanthus sin. 'Red Chief' 23 cm,,1.0
57.3,KAS,Miscanthus sin. 'Zebrinus'  23 cm,,1.0
57.3p,KAS,Miscanthus sin. 'Zebrinus'  23 cm,,1.0
58.1,KAS,Pennisetum al. 'Hameln' 23 cm,,1.0
58.1p,KAS,Pennisetum al. 'Hameln' 23 cm,,1.0
58.2,KAS,Pennisetum al. 'Hameln' 23 cm,,2.0
58.2p,KAS,Pennisetum al. 'Hameln' 23 cm,,2.0
340.1,KAS,Nandina dom. 'Magical Lemon and Lime' (P15),,1.0
340.1p,KAS,Nandina dom. 'Magical Lemon and Lime' (P15),,1.0
340.2,KAS,Nandina dom. 'Magical Lemon and Lime' (P15),,2.0
340.2p,KAS,Nandina dom. 'Magical Lemon and Lime' (P15),,2.0
341.1,KAS,Nandina dom. 'Magical Sunrise' (P15),,1.0
341.1p,KAS,Nandina dom. 'Magical Sunrise' (P15),,1.0
341.2,KAS,Nandina dom. 'Magical Sunrise' (P15),,2.0
341.2p,KAS,Nandina dom. 'Magical Sunrise' (P15),,2.0
342.1,KAS,Nandina dom. 'Obsessed' (P15),,1.0
342.1p,KAS,Nandina dom. 'Obsessed' (P15),,1.0
342.2,KAS,Nandina dom. 'Obsessed' (P15),,2.0
342.2p,KAS,Nandina dom. 'Obsessed' (P15),,2.0
343.1,KAS,Nandina dom. 'Twilight' (P15),,1.0
343.1p,KAS,Nandina dom. 'Twilight' (P15),,1.0
343.2,KAS,Nandina dom. 'Twilight' (P15),,2.0
343.2p,KAS,Nandina dom. 'Twilight' (P15),,2.0
50.1,KAS,Nandina Domestica Obsessed (P17),,1.0
50.1p,KAS,Nandina Domestica Obsessed (P17),,1.0
50.2,KAS,Nandina Domestica Obsessed (P17),,2.0
50.2p,KAS,Nandina Domestica Obsessed (P17),,2.0
345.1,KAS,Nandina dom. 'Magical Lemon and Lime' (P19),,1.0
345.1p,KAS,Nandina dom. 'Magical Lemon and Lime' (P19),,1.0
345.2,KAS,Nandina dom. 'Magical Lemon and Lime' (P19),,2.0
345.2p,KAS,Nandina dom. 'Magical Lemon and Lime' (P19),,2.0
346.1,KAS,Nandina dom. 'Magical Sunrise' (P19),,1.0
346.1p,KAS,Nandina dom. 'Magical Sunrise' (P19),,1.0
346.2,KAS,Nandina dom. 'Magical Sunrise' (P19),,2.0
346.2p,KAS,Nandina dom. 'Magical Sunrise' (P19),,2.0
347.1,KAS,Nandina dom. 'Obsessed' (P19),,1.0
347.1p,KAS,Nandina dom. 'Obsessed' (P19),,1.0
347.2,KAS,Nandina dom. 'Obsessed' (P19),,2.0
347.2p,KAS,Nandina dom. 'Obsessed' (P19),,2.0
348.1,KAS,Nandina dom. 'Twilight' (P19),,1.0
348.1p,KAS,Nandina dom. 'Twilight' (P19),,1.0
348.2,KAS,Nandina dom. 'Twilight' (P19),,2.0
348.2p,KAS,Nandina dom. 'Twilight' (P19),,2.0
41.3,KAS,"Fargesia Medium ""Niet woekerend"" C1",,2.0
41.3p,KAS,"Fargesia Medium ""Niet woekerend"" C1",,2.0
41.4,KAS,"Fargesia Medium ""Niet woekerend"" C1",,4.0
41.4p,KAS,"Fargesia Medium ""Niet woekerend"" C1",,4.0
41.1,KAS,"Fargesia XL ""Niet woekerend"" C2",,1.0
41.1p,KAS,"Fargesia XL ""Niet woekerend"" C2",,1.0
41.2,KAS,"Fargesia XL ""Niet woekerend"" C2",,2.0
41.2p,KAS,"Fargesia XL ""Niet woekerend"" C2",,2.0
269.1,KAS,Fargesia 'Groen' P10,,2.0
269.1p,KAS,Fargesia 'Groen' P10,,2.0
270.1,KAS,Fargesia 'Rood' C1 ,,3.0
270.1p,KAS,Fargesia 'Rood' C1 ,,3.0
270.2,KAS,Fargesia 'Rood' C1 ,,6.0
270.2p,KAS,Fargesia 'Rood' C1 ,,6.0
270.0,KAS,Fargesia 'Rood' C1 ,,2.0
270.0p,KAS,Fargesia 'Rood' C1 ,,2.0
271.1,KAS,Fargesia 'Groen' C1,,3.0
271.1p,KAS,Fargesia 'Groen' C1,,3.0
271.2,KAS,Fargesia 'Groen' C1,,6.0
271.2p,KAS,Fargesia 'Groen' C1,,6.0
273.1,KAS,Fargesia 'Rood' C2 ,,2.0
273.1p,KAS,Fargesia 'Rood' C2 ,,2.0
273.2,KAS,Fargesia 'Rood' C2 ,,4.0
273.2p,KAS,Fargesia 'Rood' C2 ,,4.0
273.3,KAS,Fargesia 'Rood' C2 ,,6.0
273.3p,KAS,Fargesia 'Rood' C2 ,,6.0
272.1,KAS,Fargesia 'Groen' C2,,2.0
272.1p,KAS,Fargesia 'Groen' C2,,2.0
272.2,KAS,Fargesia 'Groen' C2,,4.0
272.2p,KAS,Fargesia 'Groen' C2,,4.0
272.3,KAS,Fargesia 'Groen' C2,,6.0
272.3p,KAS,Fargesia 'Groen' C2,,6.0
7.1,KAS,Blauwe bes,,4.0
7.1p,KAS,Blauwe bes,,4.0
7.2,KAS,Blauwe bes,,8.0
7.2p,KAS,Blauwe bes,,8.0
29.1,KAS,Blauwe bes,,1.0
29.1p,KAS,Blauwe bes,,1.0
29.2,KAS,Blauwe bes,,2.0
29.2p,KAS,Blauwe bes,,2.0
15.1,KAS,Blauwe bes,,1.0
15.1p,KAS,Blauwe bes,,1.0
29.1,KAS,Gojibes,,1.0
29.1p,KAS,Gojibes,,1.0
29.2,KAS,Gojibes,,2.0
29.2p,KAS,Gojibes,,2.0
30.1,KAS,Gojibes,,4.0
30.1p,KAS,Gojibes,,4.0
29.1,KAS,Granaatappel,,1.0
29.1p,KAS,Granaatappel,,1.0
29.2,KAS,Granaatappel,,2.0
29.2p,KAS,Granaatappel,,2.0
29.1,KAS,Honingbes,,1.0
29.1p,KAS,Honingbes,,1.0
29.2,KAS,Honingbes,,2.0
29.2p,KAS,Honingbes,,2.0
25.1,KAS,Kiwi 'Jenny',,3.0
25.1p,KAS,Kiwi 'Jenny',,3.0
25.2,KAS,Kiwi 'Jenny',,6.0
25.2p,KAS,Kiwi 'Jenny',,6.0
44.1,KAS,Paeonia lactiflora Red,,3.0
44.1p,KAS,Paeonia lactiflora Red,,3.0
44.2,KAS,Paeonia lactiflora Red,,6.0
44.2p,KAS,Paeonia lactiflora Red,,6.0
44.3,KAS,Paeonia lactiflora Red,,1.0
44.3p,KAS,Paeonia lactiflora Red,,1.0
44.4,KAS,Paeonia lactiflora Red,,2.0
44.4p,KAS,Paeonia lactiflora Red,,2.0
44.3,KAS,Paeonia lactiflora Pink,,1.0
44.3p,KAS,Paeonia lactiflora Pink,,1.0
44.4,KAS,Paeonia lactiflora Pink,,2.0
44.4p,KAS,Paeonia lactiflora Pink,,2.0
44.5,KAS,Paeonia lactiflora Pink,,3.0
44.5p,KAS,Paeonia lactiflora Pink,,3.0
44.6,KAS,Paeonia lactiflora Pink,,6.0
44.6p,KAS,Paeonia lactiflora Pink,,6.0
44.3,KAS,Paeonia lactiflora White ,,1.0
44.3p,KAS,Paeonia lactiflora White ,,1.0
44.4,KAS,Paeonia lactiflora White ,,2.0
44.4p,KAS,Paeonia lactiflora White ,,2.0
44.7,KAS,Paeonia lactiflora White ,,3.0
44.7p,KAS,Paeonia lactiflora White ,,3.0
44.8,KAS,Paeonia lactiflora White ,,6.0
44.8p,KAS,Paeonia lactiflora White ,,6.0
70.1,KAS,Azalea Paars,,3.0
70.1p,KAS,Azalea Paars,,3.0
70.5,KAS,Azalea Paars,,1.0
70.5p,KAS,Azalea Paars,,1.0
70.6,KAS,Azalea Paars,,2.0
70.6p,KAS,Azalea Paars,,2.0
70.12,KAS,Azalea Paars,,6.0
70.12p,KAS,Azalea Paars,,6.0
70.2,KAS,Azalea Rood,,3.0
70.2p,KAS,Azalea Rood,,3.0
70.5,KAS,Azalea Rood,,1.0
70.5p,KAS,Azalea Rood,,1.0
70.6,KAS,Azalea Rood,,2.0
70.6p,KAS,Azalea Rood,,2.0
70.7,KAS,Azalea Rood,,6.0
70.7p,KAS,Azalea Rood,,6.0
70.10,KAS,Azalea Rood,,1.0
70.10p,KAS,Azalea Rood,,1.0
70.11,KAS,Azalea Rood,,2.0
70.11p,KAS,Azalea Rood,,2.0
70.3,KAS,Azalea Roze,,3.0
70.3p,KAS,Azalea Roze,,3.0
70.5,KAS,Azalea Roze,,1.0
70.5p,KAS,Azalea Roze,,1.0
70.6,KAS,Azalea Roze,,2.0
70.6p,KAS,Azalea Roze,,2.0
70.8,KAS,Azalea Roze,,6.0
70.8p,KAS,Azalea Roze,,6.0
70.10,KAS,Azalea Roze,,1.0
70.10p,KAS,Azalea Roze,,1.0
70.11,KAS,Azalea Roze,,2.0
70.11p,KAS,Azalea Roze,,2.0
70.4,KAS,Azalea Wit,,3.0
70.4p,KAS,Azalea Wit,,3.0
70.5,KAS,Azalea Wit,,1.0
70.5p,KAS,Azalea Wit,,1.0
70.6,KAS,Azalea Wit,,2.0
70.6p,KAS,Azalea Wit,,2.0
70.9,KAS,Azalea Wit,,6.0
70.9p,KAS,Azalea Wit,,6.0
70.10,KAS,Azalea Wit,,1.0
70.10p,KAS,Azalea Wit,,1.0
70.11,KAS,Azalea Wit,,2.0
70.11p,KAS,Azalea Wit,,2.0
71.0,KAS,Rhododendron 'Cunningham's White',,3.0
71.0p,KAS,Rhododendron 'Cunningham's White',,3.0
71.1,KAS,Rhododendron 'Cunningham's White',,6.0
71.1p,KAS,Rhododendron 'Cunningham's White',,6.0
71.8,KAS,Rhododendron 'Cunningham's White',,1.0
71.8p,KAS,Rhododendron 'Cunningham's White',,1.0
71.9,KAS,Rhododendron 'Cunningham's White',,2.0
71.9p,KAS,Rhododendron 'Cunningham's White',,2.0
71.2,KAS,Rhododendron 'Roseum Elegans',,3.0
71.2p,KAS,Rhododendron 'Roseum Elegans',,3.0
71.3,KAS,Rhododendron 'Roseum Elegans',,6.0
71.3p,KAS,Rhododendron 'Roseum Elegans',,6.0
71.8,KAS,Rhododendron 'Roseum Elegans',,1.0
71.8p,KAS,Rhododendron 'Roseum Elegans',,1.0
71.9,KAS,Rhododendron 'Roseum Elegans',,2.0
71.9p,KAS,Rhododendron 'Roseum Elegans',,2.0
71.4,KAS,Rhododendron 'Nova Zembla',,3.0
71.4p,KAS,Rhododendron 'Nova Zembla',,3.0
71.5,KAS,Rhododendron 'Nova Zembla',,6.0
71.5p,KAS,Rhododendron 'Nova Zembla',,6.0
71.8,KAS,Rhododendron 'Nova Zembla',,1.0
71.8p,KAS,Rhododendron 'Nova Zembla',,1.0
71.9,KAS,Rhododendron 'Nova Zembla',,2.0
71.9p,KAS,Rhododendron 'Nova Zembla',,2.0
71.6,KAS,Rhododendron 'Cosmopolitan',,3.0
71.6p,KAS,Rhododendron 'Cosmopolitan',,3.0
71.7,KAS,Rhododendron 'Cosmopolitan',,6.0
71.7p,KAS,Rhododendron 'Cosmopolitan',,6.0
71.8,KAS,Rhododendron 'Cosmopolitan',,1.0
71.8p,KAS,Rhododendron 'Cosmopolitan',,1.0
71.9,KAS,Rhododendron 'Cosmopolitan',,2.0
71.9p,KAS,Rhododendron 'Cosmopolitan',,2.0
72.6,KAS,Rhododendron P13 Roze,,3.0
72.6p,KAS,Rhododendron P13 Roze,,3.0
72.7,KAS,Rhododendron P13 Roze,,6.0
72.7p,KAS,Rhododendron P13 Roze,,6.0
72.8,KAS,Rhododendron P13 Roze,,1.0
72.8p,KAS,Rhododendron P13 Roze,,1.0
72.9,KAS,Rhododendron P13 Roze,,2.0
72.9p,KAS,Rhododendron P13 Roze,,2.0
72.0,KAS,Rhododendron P13 Paars,,3.0
72.0p,KAS,Rhododendron P13 Paars,,3.0
72.1,KAS,Rhododendron P13 Paars,,6.0
72.1p,KAS,Rhododendron P13 Paars,,6.0
72.4,KAS,Rhododendron P13 Rood,,3.0
72.4p,KAS,Rhododendron P13 Rood,,3.0
72.5,KAS,Rhododendron P13 Rood,,6.0
72.5p,KAS,Rhododendron P13 Rood,,6.0
72.8,KAS,Rhododendron P13 Rood,,1.0
72.8p,KAS,Rhododendron P13 Rood,,1.0
72.9,KAS,Rhododendron P13 Rood,,2.0
72.9p,KAS,Rhododendron P13 Rood,,2.0
72.2,KAS,Rhododendron P13 Wit,,3.0
72.2p,KAS,Rhododendron P13 Wit,,3.0
72.3,KAS,Rhododendron P13 Wit,,6.0
72.3p,KAS,Rhododendron P13 Wit,,6.0
72.8,KAS,Rhododendron P13 Wit,,1.0
72.8p,KAS,Rhododendron P13 Wit,,1.0
72.9,KAS,Rhododendron P13 Wit,,2.0
72.9p,KAS,Rhododendron P13 Wit,,2.0
200.0,KAS,C2 - Blauwe Bes,,2.0
200.0p,KAS,C2 - Blauwe Bes,,2.0
201.0,KAS,C2 - Blauwe Bes,,1.0
201.0p,KAS,C2 - Blauwe Bes,,1.0
201.1,KAS,C2 - Blauwe Bes,,1.0
201.1p,KAS,C2 - Blauwe Bes,,1.0
201.4,KAS,C2 - Blauwe Bes,,1.0
201.4p,KAS,C2 - Blauwe Bes,,1.0
201.5,KAS,C2 - Blauwe Bes,,1.0
201.5p,KAS,C2 - Blauwe Bes,,1.0
201.6,KAS,C2 - Blauwe Bes,,1.0
201.6p,KAS,C2 - Blauwe Bes,,1.0
200.1,KAS,C2 - Braam,,2.0
200.1p,KAS,C2 - Braam,,2.0
201.1,KAS,C2 - Braam,,1.0
201.1p,KAS,C2 - Braam,,1.0
201.2,KAS,C2 - Braam,,1.0
201.2p,KAS,C2 - Braam,,1.0
201.4,KAS,C2 - Braam,,1.0
201.4p,KAS,C2 - Braam,,1.0
200.2,KAS,C2 - Druif Blauw,,2.0
200.2p,KAS,C2 - Druif Blauw,,2.0
201.2,KAS,C2 - Druif Blauw,,1.0
201.2p,KAS,C2 - Druif Blauw,,1.0
201.5,KAS,C2 - Druif Blauw,,1.0
201.5p,KAS,C2 - Druif Blauw,,1.0
200.3,KAS,C2 - Druif Wit,,2.0
200.3p,KAS,C2 - Druif Wit,,2.0
201.2,KAS,C2 - Druif Wit,,1.0
201.2p,KAS,C2 - Druif Wit,,1.0
201.4,KAS,C2 - Druif Wit,,1.0
201.4p,KAS,C2 - Druif Wit,,1.0
200.4,KAS,C2 - Framboos,,2.0
200.4p,KAS,C2 - Framboos,,2.0
201.1,KAS,C2 - Framboos,,1.0
201.1p,KAS,C2 - Framboos,,1.0
201.2,KAS,C2 - Framboos,,1.0
201.2p,KAS,C2 - Framboos,,1.0
201.4,KAS,C2 - Framboos,,1.0
201.4p,KAS,C2 - Framboos,,1.0
201.5,KAS,C2 - Framboos,,1.0
201.5p,KAS,C2 - Framboos,,1.0
200.5,KAS,C2 - Rode Bes,,2.0
200.5p,KAS,C2 - Rode Bes,,2.0
201.0,KAS,C2 - Rode Bes,,1.0
201.0p,KAS,C2 - Rode Bes,,1.0
201.1,KAS,C2 - Rode Bes,,1.0
201.1p,KAS,C2 - Rode Bes,,1.0
201.3,KAS,C2 - Rode Bes,,1.0
201.3p,KAS,C2 - Rode Bes,,1.0
201.5,KAS,C2 - Rode Bes,,1.0
201.5p,KAS,C2 - Rode Bes,,1.0
200.6,KAS,C2 - Kruisbes Groen,,2.0
200.6p,KAS,C2 - Kruisbes Groen,,2.0
201.3,KAS,C2 - Kruisbes Groen,,1.0
201.3p,KAS,C2 - Kruisbes Groen,,1.0
201.6,KAS,C2 - Kruisbes Groen,,1.0
201.6p,KAS,C2 - Kruisbes Groen,,1.0
200.7,KAS,C2 - Kruisbes Rood,,2.0
200.7p,KAS,C2 - Kruisbes Rood,,2.0
201.3,KAS,C2 - Kruisbes Rood,,1.0
201.3p,KAS,C2 - Kruisbes Rood,,1.0
201.6,KAS,C2 - Kruisbes Rood,,1.0
201.6p,KAS,C2 - Kruisbes Rood,,1.0
200.8,KAS,C2 - Witte Bes,,2.0
200.8p,KAS,C2 - Witte Bes,,2.0
201.0,KAS,C2 - Witte Bes,,1.0
201.0p,KAS,C2 - Witte Bes,,1.0
201.6,KAS,C2 - Witte Bes,,1.0
201.6p,KAS,C2 - Witte Bes,,1.0
200.9,KAS,C2 - Zwarte Bes,,2.0
200.9p,KAS,C2 - Zwarte Bes,,2.0
201.0,KAS,C2 - Zwarte Bes,,1.0
201.0p,KAS,C2 - Zwarte Bes,,1.0
201.3,KAS,C2 - Zwarte Bes,,1.0
201.3p,KAS,C2 - Zwarte Bes,,1.0
204.0,KAS,C2 - Wisteria sin. 'Alba' Wit ,,2.0
204.0p,KAS,C2 - Wisteria sin. 'Alba' Wit ,,2.0
204.3,KAS,C2 - Wisteria sin. 'Alba' Wit ,,1.0
204.3p,KAS,C2 - Wisteria sin. 'Alba' Wit ,,1.0
204.1,KAS,C2 - Wisteria sin. 'Rosea' Roze ,,2.0
204.1p,KAS,C2 - Wisteria sin. 'Rosea' Roze ,,2.0
204.3,KAS,C2 - Wisteria sin. 'Rosea' Roze ,,1.0
204.3p,KAS,C2 - Wisteria sin. 'Rosea' Roze ,,1.0
204.2,KAS,C2 - Wisteria sin. 'Prolific' Blauw ,,2.0
204.2p,KAS,C2 - Wisteria sin. 'Prolific' Blauw ,,2.0
204.3,KAS,C2 - Wisteria sin. 'Prolific' Blauw ,,1.0
204.3p,KAS,C2 - Wisteria sin. 'Prolific' Blauw ,,1.0
207.0,KAS,C2 - Hydrangea macr. Blauw,,2.0
207.0p,KAS,C2 - Hydrangea macr. Blauw,,2.0
207.4,KAS,C2 - Hydrangea macr. Blauw,,1.0
207.4p,KAS,C2 - Hydrangea macr. Blauw,,1.0
206.1,KAS,C2 - Hydrangea macr. Blauw,,1.0
206.1p,KAS,C2 - Hydrangea macr. Blauw,,1.0
207.1,KAS,C2 - Hydrangea macr. Rood ,,2.0
207.1p,KAS,C2 - Hydrangea macr. Rood ,,2.0
207.4,KAS,C2 - Hydrangea macr. Rood ,,1.0
207.4p,KAS,C2 - Hydrangea macr. Rood ,,1.0
206.2,KAS,C2 - Hydrangea macr. Rood ,,1.0
206.2p,KAS,C2 - Hydrangea macr. Rood ,,1.0
207.2,KAS,C2 - Hydrangea macr. Roze,,2.0
207.2p,KAS,C2 - Hydrangea macr. Roze,,2.0
207.4,KAS,C2 - Hydrangea macr. Roze,,1.0
207.4p,KAS,C2 - Hydrangea macr. Roze,,1.0
206.3,KAS,C2 - Hydrangea macr. Roze,,1.0
206.3p,KAS,C2 - Hydrangea macr. Roze,,1.0
207.3,KAS,C2 - Hydrangea macr. Wit,,2.0
207.3p,KAS,C2 - Hydrangea macr. Wit,,2.0
207.4,KAS,C2 - Hydrangea macr. Wit,,1.0
207.4p,KAS,C2 - Hydrangea macr. Wit,,1.0
206.4,KAS,C2 - Hydrangea macr. Wit,,1.0
206.4p,KAS,C2 - Hydrangea macr. Wit,,1.0
T010,KAS,C2 - Lavendel,,4.0
T010p,KAS,C2 - Lavendel,,4.0
T011,KAS,C2 - Lavendel,,6.0
T011p,KAS,C2 - Lavendel,,6.0
T012,KAS,C2 - Lavendel,,8.0
T012p,KAS,C2 - Lavendel,,8.0
209.0,KAS,C2 - Cornus alba 'Siberica',,2.0
209.0p,KAS,C2 - Cornus alba 'Siberica',,2.0
209.5,KAS,C2 - Cornus alba 'Siberica',,1.0
209.5p,KAS,C2 - Cornus alba 'Siberica',,1.0
209.1,KAS,C2 - Deutzia scabra ,,2.0
209.1p,KAS,C2 - Deutzia scabra ,,2.0
209.5,KAS,C2 - Deutzia scabra ,,1.0
209.5p,KAS,C2 - Deutzia scabra ,,1.0
209.2,KAS,C2 - Forsythia int. 'Spectabilis' ,,2.0
209.2p,KAS,C2 - Forsythia int. 'Spectabilis' ,,2.0
209.5,KAS,C2 - Forsythia int. 'Spectabilis' ,,1.0
209.5p,KAS,C2 - Forsythia int. 'Spectabilis' ,,1.0
209.3,KAS,C2 - Philadelphus 'Virginal' ,,2.0
209.3p,KAS,C2 - Philadelphus 'Virginal' ,,2.0
209.5,KAS,C2 - Philadelphus 'Virginal' ,,1.0
209.5p,KAS,C2 - Philadelphus 'Virginal' ,,1.0
209.4,KAS,C2 - Weigela 'Bristol Ruby' ,,2.0
209.4p,KAS,C2 - Weigela 'Bristol Ruby' ,,2.0
209.5,KAS,C2 - Weigela 'Bristol Ruby' ,,1.0
209.5p,KAS,C2 - Weigela 'Bristol Ruby' ,,1.0
210.0,KAS,C3 - Hibiscus syr. 'Totus Albus' Wit,,2.0
210.0p,KAS,C3 - Hibiscus syr. 'Totus Albus' Wit,,2.0
210.4,KAS,C3 - Hibiscus syr. 'Totus Albus' Wit,,1.0
210.4p,KAS,C3 - Hibiscus syr. 'Totus Albus' Wit,,1.0
210.1,KAS,C3 - Hibiscus syr. 'Oiseau Bleu' Blauw,,2.0
210.1p,KAS,C3 - Hibiscus syr. 'Oiseau Bleu' Blauw,,2.0
210.4,KAS,C3 - Hibiscus syr. 'Oiseau Bleu' Blauw,,1.0
210.4p,KAS,C3 - Hibiscus syr. 'Oiseau Bleu' Blauw,,1.0
210.2,KAS,C3 - Hibiscus syr. 'Woodbridge' Roze,,2.0
210.2p,KAS,C3 - Hibiscus syr. 'Woodbridge' Roze,,2.0
210.4,KAS,C3 - Hibiscus syr. 'Woodbridge' Roze,,1.0
210.4p,KAS,C3 - Hibiscus syr. 'Woodbridge' Roze,,1.0
210.3,KAS,C3 - Hibiscus syr. 'Hamabo' Wit met rood hart,,2.0
210.3p,KAS,C3 - Hibiscus syr. 'Hamabo' Wit met rood hart,,2.0
210.4,KAS,C3 - Hibiscus syr. 'Hamabo' Wit met rood hart,,1.0
210.4p,KAS,C3 - Hibiscus syr. 'Hamabo' Wit met rood hart,,1.0
64.1,KAS,Elaeagnus ebbingei,,3.0
64.1p,KAS,Elaeagnus ebbingei,,3.0
64.2,KAS,Elaeagnus ebbingei,,6.0
64.2p,KAS,Elaeagnus ebbingei,,6.0
61.1,KAS,Ilex aquifolium 'Argentea Marginata',,3.0
61.1p,KAS,Ilex aquifolium 'Argentea Marginata',,3.0
61.2,KAS,Ilex aquifolium 'Argentea Marginata',,6.0
61.2p,KAS,Ilex aquifolium 'Argentea Marginata',,6.0
63.1,KAS,Ilex aquifolium 'Argentea Marginata',,1.0
63.1p,KAS,Ilex aquifolium 'Argentea Marginata',,1.0
63.2,KAS,Ilex aquifolium 'Argentea Marginata',,2.0
63.2p,KAS,Ilex aquifolium 'Argentea Marginata',,2.0
60.1,KAS,Ilex meserveae 'Blue Maid',,3.0
60.1p,KAS,Ilex meserveae 'Blue Maid',,3.0
60.2,KAS,Ilex meserveae 'Blue Maid',,6.0
60.2p,KAS,Ilex meserveae 'Blue Maid',,6.0
63.1,KAS,Ilex meserveae 'Blue Maid',,1.0
63.1p,KAS,Ilex meserveae 'Blue Maid',,1.0
63.2,KAS,Ilex meserveae 'Blue Maid',,2.0
63.2p,KAS,Ilex meserveae 'Blue Maid',,2.0
63.1,KAS,Photinia fras. 'Red Robin' - P9,,1.0
63.1p,KAS,Photinia fras. 'Red Robin' - P9,,1.0
63.2,KAS,Photinia fras. 'Red Robin' - P9,,2.0
63.2p,KAS,Photinia fras. 'Red Robin' - P9,,2.0
24.1,KAS,Photinia fras. 'Red Robin' - P9,,3.0
24.1p,KAS,Photinia fras. 'Red Robin' - P9,,3.0
24.2,KAS,Photinia fras. 'Red Robin' - P9,,6.0
24.2p,KAS,Photinia fras. 'Red Robin' - P9,,6.0
12.1,KAS,Photinia fras. Carré Rouge - P15,,2.0
12.1p,KAS,Photinia fras. Carré Rouge - P15,,2.0
12.2,KAS,Photinia fras. Carré Rouge - P15,,4.0
12.2p,KAS,Photinia fras. Carré Rouge - P15,,4.0
62.1,KAS,Prunus lusitanica 'Angustifolia',,3.0
62.1p,KAS,Prunus lusitanica 'Angustifolia',,3.0
62.2,KAS,Prunus lusitanica 'Angustifolia',,6.0
62.2p,KAS,Prunus lusitanica 'Angustifolia',,6.0
63.1,KAS,Prunus lusitanica 'Angustifolia',,1.0
63.1p,KAS,Prunus lusitanica 'Angustifolia',,1.0
63.2,KAS,Prunus lusitanica 'Angustifolia',,2.0
63.2p,KAS,Prunus lusitanica 'Angustifolia',,2.0
202.0,KAS,C4 - Zuil Appel,,2.0
202.0p,KAS,C4 - Zuil Appel,,2.0
202.2,KAS,C4 - Zuil Appel,,1.0
202.2p,KAS,C4 - Zuil Appel,,1.0
202.3,KAS,C4 - Zuil Appel,,1.0
202.3p,KAS,C4 - Zuil Appel,,1.0
202.1,KAS,C4 - Zuil Peer,,2.0
202.1p,KAS,C4 - Zuil Peer,,2.0
202.2,KAS,C4 - Zuil Peer,,1.0
202.2p,KAS,C4 - Zuil Peer,,1.0
202.4,KAS,C4 - Zuil Peer,,1.0
202.4p,KAS,C4 - Zuil Peer,,1.0
107.0,KAS,Choisya ternata 'Sundance' - P9,,2.0
107.0p,KAS,Choisya ternata 'Sundance' - P9,,2.0
107.1,KAS,Choisya ternata 'Sundance' - P9,,3.0
107.1p,KAS,Choisya ternata 'Sundance' - P9,,3.0
107.2,KAS,Choisya ternata 'Sundance' - P9,,6.0
107.2p,KAS,Choisya ternata 'Sundance' - P9,,6.0
22.1,KAS,Eucalyptus Gunnii Azura op stam ,,1.0
22.1p,KAS,Eucalyptus Gunnii Azura op stam ,,1.0
22.2,KAS,Eucalyptus Gunnii Azura op stam ,,2.0
22.2p,KAS,Eucalyptus Gunnii Azura op stam ,,2.0
259.1,KAS,Eucalyptus 'Silver Dollar' XXL,,1.0
259.1p,KAS,Eucalyptus 'Silver Dollar' XXL,,1.0
259.2,KAS,Eucalyptus 'Silver Dollar' XXL,,2.0
259.2p,KAS,Eucalyptus 'Silver Dollar' XXL,,2.0
280.1,KAS,Eucalyptus Gunnii Azura struik,,1.0
280.1p,KAS,Eucalyptus Gunnii Azura struik,,1.0
280.2,KAS,Eucalyptus Gunnii Azura struik,,2.0
280.2p,KAS,Eucalyptus Gunnii Azura struik,,2.0
23.1,KAS,"Salix integra ""Flamingo"" struik",,3.0
23.1p,KAS,"Salix integra ""Flamingo"" struik",,3.0
23.2,KAS,"Salix integra ""Flamingo"" struik",,6.0
23.2p,KAS,"Salix integra ""Flamingo"" struik",,6.0
23.3,KAS,"Salix integra ""Flamingo"" op stam",,1.0
23.3p,KAS,"Salix integra ""Flamingo"" op stam",,1.0
23.4,KAS,"Salix integra ""Flamingo"" op stam",,2.0
23.4p,KAS,"Salix integra ""Flamingo"" op stam",,2.0
32.1,KAS,Wisteria,,3.0
32.1p,KAS,Wisteria,,3.0
32.2,KAS,Wisteria,,6.0
32.2p,KAS,Wisteria,,6.0
114.1,KAMER,Alocasia 'Polly' - P12,,1.0
114.1p,KAMER,Alocasia 'Polly' - P12,,1.0
123.1,KAMER,Areca Dypsis Lutescens - P12,,1.0
123.1p,KAMER,Areca Dypsis Lutescens - P12,,1.0
116.1,KAMER,Asparagus Plumosus - P12,,1.0
116.1p,KAMER,Asparagus Plumosus - P12,,1.0
117.1,KAMER,Asplenium Antiquum - P12,,1.0
117.1p,KAMER,Asplenium Antiquum - P12,,1.0
122.1,KAMER,Asplenium Antiquum - P12,,1.0
122.1p,KAMER,Asplenium Antiquum - P12,,1.0
119.1,KAMER,Asplenium Parvati - P12,,1.0
119.1p,KAMER,Asplenium Parvati - P12,,1.0
122.1,KAMER,Asplenium Parvati - P12,,1.0
122.1p,KAMER,Asplenium Parvati - P12,,1.0
119.1,KAMER,Chamaedorea Elegance - P12,,1.0
119.1p,KAMER,Chamaedorea Elegance - P12,,1.0
118.1,KAMER,Chamaedorea Elegance - P12,,1.0
118.1p,KAMER,Chamaedorea Elegance - P12,,1.0
119.1,KAMER,Chlorophytum Variegatum - P12,,1.0
119.1p,KAMER,Chlorophytum Variegatum - P12,,1.0
118.1,KAMER,Coffea Arabica - P12,,1.0
118.1p,KAMER,Coffea Arabica - P12,,1.0
115.1,KAMER,Croton Sunny Star - P12,,1.0
115.1p,KAMER,Croton Sunny Star - P12,,1.0
115.1,KAMER,Dieffenbachia Camilla - P12,,1.0
115.1p,KAMER,Dieffenbachia Camilla - P12,,1.0
120.1,KAMER,Dracaena Compacta - P12,,2.0
120.1p,KAMER,Dracaena Compacta - P12,,2.0
117.1,KAMER,Dracaena Compacta - P12,,1.0
117.1p,KAMER,Dracaena Compacta - P12,,1.0
116.1,KAMER,Dracaena Compacta - P12,,1.0
116.1p,KAMER,Dracaena Compacta - P12,,1.0
118.1,KAMER,Dracaena Compacta - P12,,1.0
118.1p,KAMER,Dracaena Compacta - P12,,1.0
120.1,KAMER,Dracaena 'Lemon Lime' - P12,,2.0
120.1p,KAMER,Dracaena 'Lemon Lime' - P12,,2.0
115.1,KAMER,Dracaena 'Lemon Lime' - P12,,1.0
115.1p,KAMER,Dracaena 'Lemon Lime' - P12,,1.0
123.1,KAMER,Ficus Bengalensis - P12,,1.0
123.1p,KAMER,Ficus Bengalensis - P12,,1.0
121.1,KAMER,Ficus Benjamina 'Green Kinky' - P12,,1.0
121.1p,KAMER,Ficus Benjamina 'Green Kinky' - P12,,1.0
119.1,KAMER,Ficus Benjamina 'Kinky' - P12,,1.0
119.1p,KAMER,Ficus Benjamina 'Kinky' - P12,,1.0
121.1,KAMER,Ficus Benjamina 'Kinky' - P12,,1.0
121.1p,KAMER,Ficus Benjamina 'Kinky' - P12,,1.0
121.1,KAMER,Ficus Benjamina 'Natasja' - P12,,1.0
121.1p,KAMER,Ficus Benjamina 'Natasja' - P12,,1.0
115.1,KAMER,Ficus Benjamina 'Natasja' - P12,,1.0
115.1p,KAMER,Ficus Benjamina 'Natasja' - P12,,1.0
117.1,KAMER,Ficus Elastica 'Robusta' - P12,,1.0
117.1p,KAMER,Ficus Elastica 'Robusta' - P12,,1.0
114.1,KAMER,Maranta Kerchoveana - P12,,1.0
114.1p,KAMER,Maranta Kerchoveana - P12,,1.0
114.1,KAMER,Musa Oriental Dwarf - P12,,1.0
114.1p,KAMER,Musa Oriental Dwarf - P12,,1.0
118.1,KAMER,Musa Oriental Dwarf - P12,,1.0
118.1p,KAMER,Musa Oriental Dwarf - P12,,1.0
123.1,KAMER,Musa Oriental Dwarf - P12,,1.0
123.1p,KAMER,Musa Oriental Dwarf - P12,,1.0
102.1,KAMER,Musa Oriental Dwarf - P12,,3.0
102.1p,KAMER,Musa Oriental Dwarf - P12,,3.0
102.2,KAMER,Musa Oriental Dwarf - P12,,6.0
102.2p,KAMER,Musa Oriental Dwarf - P12,,6.0
116.1,KAMER,Nephrolepis Boston - P12,,1.0
116.1p,KAMER,Nephrolepis Boston - P12,,1.0
122.1,KAMER,Nephrolepis Boston - P12,,1.0
122.1p,KAMER,Nephrolepis Boston - P12,,1.0
114.1,KAMER,Peperomia Lilian - P12,,1.0
114.1p,KAMER,Peperomia Lilian - P12,,1.0
117.1,KAMER,Spathiphyllum Korto - P12,,1.0
117.1p,KAMER,Spathiphyllum Korto - P12,,1.0
117.1,KAMER,Syngonium Arrow - P12,,1.0
117.1p,KAMER,Syngonium Arrow - P12,,1.0
116.1,KAMER,Syngonium Arrow - P12,,1.0
116.1p,KAMER,Syngonium Arrow - P12,,1.0
141.1,KAMER,Cycas Revoluta Medium,,1.0
141.1p,KAMER,Cycas Revoluta Medium,,1.0
141.2,KAMER,Cycas Revoluta Medium,,2.0
141.2p,KAMER,Cycas Revoluta Medium,,2.0
141.3,KAMER,Cycas Revoluta Large,,1.0
141.3p,KAMER,Cycas Revoluta Large,,1.0
141.4,KAMER,Cycas Revoluta Large,,2.0
141.4p,KAMER,Cycas Revoluta Large,,2.0
128.1,KAMER,Chamaedorea Elegance - P17,,1.0
128.1p,KAMER,Chamaedorea Elegance - P17,,1.0
128.2,KAMER,Chamaedorea Elegance - P17,,2.0
128.2p,KAMER,Chamaedorea Elegance - P17,,2.0
2.8,KAMER,Strelitzia Reginae - P9,,1.0
2.8p,KAMER,Strelitzia Reginae - P9,,1.0
2.9,KAMER,Strelitzia Reginae - P9,,2.0
2.9p,KAMER,Strelitzia Reginae - P9,,2.0
104.1,KAMER,Strelitzia Reginae - P9,,3.0
104.1p,KAMER,Strelitzia Reginae - P9,,3.0
104.2,KAMER,Strelitzia Reginae - P9,,6.0
104.2p,KAMER,Strelitzia Reginae - P9,,6.0
3.1p,POKON,Pokon Tuinmest 1kg,,1.0
3.2p,POKON,Pokon Tuinmest 1kg,,1.0
3.3p,POKON,Pokon Tuinmest 1kg,,1.0
3.4p,POKON,Pokon Tuinmest 1kg,,1.0
3.5p,POKON,Pokon Tuinmest 1kg,,1.0
3.6p,POKON,Pokon Tuinmest 1kg,,1.0
3.7p,POKON,Pokon Tuinmest 1kg,,1.0
3.8p,POKON,Pokon Tuinmest 1kg,,1.0
4.0p,POKON,Pokon Tuinmest 1kg,,1.0
4.1p,POKON,Pokon Tuinmest 1kg,,1.0
4.2p,POKON,Pokon Tuinmest 1kg,,1.0
4.3p,POKON,Pokon Tuinmest 1kg,,1.0
6.1p,POKON,Pokon Tuinmest 1kg,,1.0
6.2p,POKON,Pokon Tuinmest 1kg,,1.0
6.3p,POKON,Pokon Tuinmest 1kg,,1.0
6.4p,POKON,Pokon Tuinmest 1kg,,1.0
6.5p,POKON,Pokon Tuinmest 1kg,,1.0
12.1p,POKON,Pokon Tuinmest 1kg,,1.0
12.2p,POKON,Pokon Tuinmest 1kg,,1.0
13.1p,POKON,Pokon Tuinmest 1kg,,1.0
13.2p,POKON,Pokon Tuinmest 1kg,,1.0
13.3p,POKON,Pokon Tuinmest 1kg,,1.0
13.4p,POKON,Pokon Tuinmest 1kg,,1.0
13.5p,POKON,Pokon Tuinmest 1kg,,1.0
13.6p,POKON,Pokon Tuinmest 1kg,,1.0
13.7p,POKON,Pokon Tuinmest 1kg,,1.0
14.1p,POKON,Pokon Tuinmest 1kg,,1.0
14.2p,POKON,Pokon Tuinmest 1kg,,1.0
16.1p,POKON,Pokon Tuinmest 1kg,,1.0
16.2p,POKON,Pokon Tuinmest 1kg,,1.0
16.3p,POKON,Pokon Tuinmest 1kg,,1.0
16.4p,POKON,Pokon Tuinmest 1kg,,1.0
16.5p,POKON,Pokon Tuinmest 1kg,,1.0
16.6p,POKON,Pokon Tuinmest 1kg,,1.0
16.7p,POKON,Pokon Tuinmest 1kg,,1.0
16.8p,POKON,Pokon Tuinmest 1kg,,1.0
16.9p,POKON,Pokon Tuinmest 1kg,,1.0
19.0p,POKON,Pokon Tuinmest 1kg,,1.0
19.1p,POKON,Pokon Tuinmest 1kg,,1.0
19.2p,POKON,Pokon Tuinmest 1kg,,1.0
21.0p,POKON,Pokon Tuinmest 1kg,,1.0
21.1p,POKON,Pokon Tuinmest 1kg,,1.0
21.2p,POKON,Pokon Tuinmest 1kg,,1.0
22.1p,POKON,Pokon Tuinmest 1kg,,1.0
22.2p,POKON,Pokon Tuinmest 1kg,,1.0
23.1p,POKON,Pokon Tuinmest 1kg,,1.0
23.2p,POKON,Pokon Tuinmest 1kg,,1.0
23.3p,POKON,Pokon Tuinmest 1kg,,1.0
23.4p,POKON,Pokon Tuinmest 1kg,,1.0
24.1p,POKON,Pokon Tuinmest 1kg,,1.0
24.2p,POKON,Pokon Tuinmest 1kg,,1.0
25.1p,POKON,Pokon Tuinmest 1kg,,1.0
25.2p,POKON,Pokon Tuinmest 1kg,,1.0
32.1p,POKON,Pokon Tuinmest 1kg,,1.0
32.2p,POKON,Pokon Tuinmest 1kg,,1.0
33.1p,POKON,Pokon Tuinmest 1kg,,1.0
33.2p,POKON,Pokon Tuinmest 1kg,,1.0
34.1p,POKON,Pokon Tuinmest 1kg,,1.0
34.2p,POKON,Pokon Tuinmest 1kg,,1.0
35.1p,POKON,Pokon Tuinmest 1kg,,1.0
40.1p,POKON,Pokon Tuinmest 1kg,,1.0
40.2p,POKON,Pokon Tuinmest 1kg,,1.0
40.3p,POKON,Pokon Tuinmest 1kg,,1.0
40.4p,POKON,Pokon Tuinmest 1kg,,1.0
40.5p,POKON,Pokon Tuinmest 1kg,,1.0
40.6p,POKON,Pokon Tuinmest 1kg,,1.0
40.7p,POKON,Pokon Tuinmest 1kg,,1.0
40.8p,POKON,Pokon Tuinmest 1kg,,1.0
44.1p,POKON,Pokon Tuinmest 1kg,,1.0
44.2p,POKON,Pokon Tuinmest 1kg,,1.0
44.3p,POKON,Pokon Tuinmest 1kg,,1.0
44.4p,POKON,Pokon Tuinmest 1kg,,1.0
44.5p,POKON,Pokon Tuinmest 1kg,,1.0
44.6p,POKON,Pokon Tuinmest 1kg,,1.0
44.7p,POKON,Pokon Tuinmest 1kg,,1.0
44.8p,POKON,Pokon Tuinmest 1kg,,1.0
50.1p,POKON,Pokon Tuinmest 1kg,,1.0
50.2p,POKON,Pokon Tuinmest 1kg,,1.0
60.1p,POKON,Pokon Tuinmest 1kg,,1.0
60.2p,POKON,Pokon Tuinmest 1kg,,1.0
61.1p,POKON,Pokon Tuinmest 1kg,,1.0
61.2p,POKON,Pokon Tuinmest 1kg,,1.0
62.1p,POKON,Pokon Tuinmest 1kg,,1.0
62.2p,POKON,Pokon Tuinmest 1kg,,1.0
63.1p,POKON,Pokon Tuinmest 1kg,,1.0
63.2p,POKON,Pokon Tuinmest 1kg,,1.0
64.1p,POKON,Pokon Tuinmest 1kg,,1.0
64.2p,POKON,Pokon Tuinmest 1kg,,1.0
107.0p,POKON,Pokon Tuinmest 1kg,,1.0
107.1p,POKON,Pokon Tuinmest 1kg,,1.0
107.2p,POKON,Pokon Tuinmest 1kg,,1.0
204.0p,POKON,Pokon Tuinmest 1kg,,1.0
204.1p,POKON,Pokon Tuinmest 1kg,,1.0
204.2p,POKON,Pokon Tuinmest 1kg,,1.0
204.3p,POKON,Pokon Tuinmest 1kg,,1.0
209.0p,POKON,Pokon Tuinmest 1kg,,1.0
209.1p,POKON,Pokon Tuinmest 1kg,,1.0
209.2p,POKON,Pokon Tuinmest 1kg,,1.0
209.3p,POKON,Pokon Tuinmest 1kg,,1.0
209.4p,POKON,Pokon Tuinmest 1kg,,1.0
209.5p,POKON,Pokon Tuinmest 1kg,,1.0
210.0p,POKON,Pokon Tuinmest 1kg,,1.0
210.1p,POKON,Pokon Tuinmest 1kg,,1.0
210.2p,POKON,Pokon Tuinmest 1kg,,1.0
210.3p,POKON,Pokon Tuinmest 1kg,,1.0
210.4p,POKON,Pokon Tuinmest 1kg,,1.0
230.1p,POKON,Pokon Tuinmest 1kg,,1.0
231.1p,POKON,Pokon Tuinmest 1kg,,1.0
232.1p,POKON,Pokon Tuinmest 1kg,,1.0
233.1p,POKON,Pokon Tuinmest 1kg,,1.0
234.1p,POKON,Pokon Tuinmest 1kg,,1.0
235.1p,POKON,Pokon Tuinmest 1kg,,1.0
236.0p,POKON,Pokon Tuinmest 1kg,,1.0
236.1p,POKON,Pokon Tuinmest 1kg,,1.0
237.0p,POKON,Pokon Tuinmest 1kg,,1.0
237.1p,POKON,Pokon Tuinmest 1kg,,1.0
253.1p,POKON,Pokon Tuinmest 1kg,,1.0
253.2p,POKON,Pokon Tuinmest 1kg,,1.0
254.1p,POKON,Pokon Tuinmest 1kg,,1.0
254.2p,POKON,Pokon Tuinmest 1kg,,1.0
255.1p,POKON,Pokon Tuinmest 1kg,,1.0
255.2p,POKON,Pokon Tuinmest 1kg,,1.0
256.1p,POKON,Pokon Tuinmest 1kg,,1.0
256.2p,POKON,Pokon Tuinmest 1kg,,1.0
257.1p,POKON,Pokon Tuinmest 1kg,,1.0
257.2p,POKON,Pokon Tuinmest 1kg,,1.0
258.1p,POKON,Pokon Tuinmest 1kg,,1.0
258.2p,POKON,Pokon Tuinmest 1kg,,1.0
259.1p,POKON,Pokon Tuinmest 1kg,,1.0
259.2p,POKON,Pokon Tuinmest 1kg,,1.0
260.1p,POKON,Pokon Tuinmest 1kg,,1.0
260.2p,POKON,Pokon Tuinmest 1kg,,1.0
261.1p,POKON,Pokon Tuinmest 1kg,,1.0
261.2p,POKON,Pokon Tuinmest 1kg,,1.0
262.1p,POKON,Pokon Tuinmest 1kg,,1.0
262.2p,POKON,Pokon Tuinmest 1kg,,1.0
274.1p,POKON,Pokon Tuinmest 1kg,,1.0
275.1p,POKON,Pokon Tuinmest 1kg,,1.0
275.2p,POKON,Pokon Tuinmest 1kg,,1.0
276.1p,POKON,Pokon Tuinmest 1kg,,1.0
276.2p,POKON,Pokon Tuinmest 1kg,,1.0
277.1p,POKON,Pokon Tuinmest 1kg,,1.0
277.2p,POKON,Pokon Tuinmest 1kg,,1.0
278.1p,POKON,Pokon Tuinmest 1kg,,1.0
278.2p,POKON,Pokon Tuinmest 1kg,,1.0
279.1p,POKON,Pokon Tuinmest 1kg,,1.0
279.2p,POKON,Pokon Tuinmest 1kg,,1.0
280.1p,POKON,Pokon Tuinmest 1kg,,1.0
280.2p,POKON,Pokon Tuinmest 1kg,,1.0
T001p,POKON,Pokon Tuinmest 1kg,,1.0
T002p,POKON,Pokon Tuinmest 1kg,,1.0
T003p,POKON,Pokon Tuinmest 1kg,,1.0
T004p,POKON,Pokon Tuinmest 1kg,,1.0
T005p,POKON,Pokon Tuinmest 1kg,,1.0
T006p,POKON,Pokon Tuinmest 1kg,,1.0
T007p,POKON,Pokon Tuinmest 1kg,,1.0
T008p,POKON,Pokon Tuinmest 1kg,,1.0
T009p,POKON,Pokon Tuinmest 1kg,,1.0
T010p,POKON,Pokon Tuinmest 1kg,,1.0
T011p,POKON,Pokon Tuinmest 1kg,,1.0
T012p,POKON,Pokon Tuinmest 1kg,,1.0
294.2p,POKON,Pokon Tuinmest 1kg,,1.0
295.1p,POKON,Pokon Tuinmest 1kg,,1.0
295.2p,POKON,Pokon Tuinmest 1kg,,1.0
296.1p,POKON,Pokon Tuinmest 1kg,,1.0
296.2p,POKON,Pokon Tuinmest 1kg,,1.0
297.1p,POKON,Pokon Tuinmest 1kg,,1.0
297.2p,POKON,Pokon Tuinmest 1kg,,1.0
298.1p,POKON,Pokon Tuinmest 1kg,,1.0
298.2p,POKON,Pokon Tuinmest 1kg,,1.0
299.1p,POKON,Pokon Tuinmest 1kg,,1.0
299.2p,POKON,Pokon Tuinmest 1kg,,1.0
300.1p,POKON,Pokon Tuinmest 1kg,,1.0
300.2p,POKON,Pokon Tuinmest 1kg,,1.0
301.1p,POKON,Pokon Tuinmest 1kg,,1.0
301.2p,POKON,Pokon Tuinmest 1kg,,1.0
302.1p,POKON,Pokon Tuinmest 1kg,,1.0
302.2p,POKON,Pokon Tuinmest 1kg,,1.0
303.1p,POKON,Pokon Tuinmest 1kg,,1.0
303.2p,POKON,Pokon Tuinmest 1kg,,1.0
304.1p,POKON,Pokon Tuinmest 1kg,,1.0
304.2p,POKON,Pokon Tuinmest 1kg,,1.0
305.1p,POKON,Pokon Tuinmest 1kg,,1.0
305.2p,POKON,Pokon Tuinmest 1kg,,1.0
306.1p,POKON,Pokon Tuinmest 1kg,,1.0
306.2p,POKON,Pokon Tuinmest 1kg,,1.0
306.3p,POKON,Pokon Tuinmest 1kg,,1.0
306.4p,POKON,Pokon Tuinmest 1kg,,1.0
310.1p,POKON,Pokon Tuinmest 1kg,,1.0
310.2p,POKON,Pokon Tuinmest 1kg,,1.0
330.1p,POKON,Pokon Tuinmest 1kg,,1.0
330.2p,POKON,Pokon Tuinmest 1kg,,1.0
331.1p,POKON,Pokon Tuinmest 1kg,,1.0
331.2p,POKON,Pokon Tuinmest 1kg,,1.0
332.1p,POKON,Pokon Tuinmest 1kg,,1.0
332.2p,POKON,Pokon Tuinmest 1kg,,1.0
333.1p,POKON,Pokon Tuinmest 1kg,,1.0
333.2p,POKON,Pokon Tuinmest 1kg,,1.0
340.1p,POKON,Pokon Tuinmest 1kg,,1.0
340.2p,POKON,Pokon Tuinmest 1kg,,1.0
341.1p,POKON,Pokon Tuinmest 1kg,,1.0
341.2p,POKON,Pokon Tuinmest 1kg,,1.0
342.1p,POKON,Pokon Tuinmest 1kg,,1.0
342.2p,POKON,Pokon Tuinmest 1kg,,1.0
343.1p,POKON,Pokon Tuinmest 1kg,,1.0
343.2p,POKON,Pokon Tuinmest 1kg,,1.0
345.1p,POKON,Pokon Tuinmest 1kg,,1.0
345.2p,POKON,Pokon Tuinmest 1kg,,1.0
346.1p,POKON,Pokon Tuinmest 1kg,,1.0
346.2p,POKON,Pokon Tuinmest 1kg,,1.0
347.1p,POKON,Pokon Tuinmest 1kg,,1.0
347.2p,POKON,Pokon Tuinmest 1kg,,1.0
348.1p,POKON,Pokon Tuinmest 1kg,,1.0
348.2p,POKON,Pokon Tuinmest 1kg,,1.0
1.1p,POKON,Pokon Rozen Mest 1kg,,1.0
1.10p,POKON,Pokon Rozen Mest 1kg,,1.0
1.11p,POKON,Pokon Rozen Mest 1kg,,1.0
1.12p,POKON,Pokon Rozen Mest 1kg,,1.0
1.13p,POKON,Pokon Rozen Mest 1kg,,1.0
1.14p,POKON,Pokon Rozen Mest 1kg,,1.0
1.15p,POKON,Pokon Rozen Mest 1kg,,1.0
1.2p,POKON,Pokon Rozen Mest 1kg,,1.0
1.20p,POKON,Pokon Rozen Mest 1kg,,1.0
1.21p,POKON,Pokon Rozen Mest 1kg,,1.0
1.22p,POKON,Pokon Rozen Mest 1kg,,1.0
1.3p,POKON,Pokon Rozen Mest 1kg,,1.0
1.30p,POKON,Pokon Rozen Mest 1kg,,1.0
1.31p,POKON,Pokon Rozen Mest 1kg,,1.0
1.32p,POKON,Pokon Rozen Mest 1kg,,1.0
1.4p,POKON,Pokon Rozen Mest 1kg,,1.0
1.5p,POKON,Pokon Rozen Mest 1kg,,1.0
5.1p,POKON,Pokon Rozen Mest 1kg,,1.0
5.2p,POKON,Pokon Rozen Mest 1kg,,1.0
5.3p,POKON,Pokon Rozen Mest 1kg,,1.0
5.4p,POKON,Pokon Rozen Mest 1kg,,1.0
5.5p,POKON,Pokon Rozen Mest 1kg,,1.0
5.6p,POKON,Pokon Rozen Mest 1kg,,1.0
5.7p,POKON,Pokon Rozen Mest 1kg,,1.0
18.1p,POKON,Pokon Rozen Mest 1kg,,1.0
18.2p,POKON,Pokon Rozen Mest 1kg,,1.0
18.3p,POKON,Pokon Rozen Mest 1kg,,1.0
18.4p,POKON,Pokon Rozen Mest 1kg,,1.0
18.5p,POKON,Pokon Rozen Mest 1kg,,1.0
18.6p,POKON,Pokon Rozen Mest 1kg,,1.0
18.7p,POKON,Pokon Rozen Mest 1kg,,1.0
18.8p,POKON,Pokon Rozen Mest 1kg,,1.0
36.1p,POKON,Pokon Rozen Mest 1kg,,1.0
36.2p,POKON,Pokon Rozen Mest 1kg,,1.0
36.3p,POKON,Pokon Rozen Mest 1kg,,1.0
36.4p,POKON,Pokon Rozen Mest 1kg,,1.0
36.5p,POKON,Pokon Rozen Mest 1kg,,1.0
8.1p,POKON,"Pokon Rhododendron, Hortensia & Azalea Mest 1kg",,1.0
8.2p,POKON,"Pokon Rhododendron, Hortensia & Azalea Mest 1kg",,1.0
8.3p,POKON,"Pokon Rhododendron, Hortensia & Azalea Mest 1kg",,1.0
8.4p,POKON,"Pokon Rhododendron, Hortensia & Azalea Mest 1kg",,1.0
8.5p,POKON,"Pokon Rhododendron, Hortensia & Azalea Mest 1kg",,1.0
8.6p,POKON,"Pokon Rhododendron, Hortensia & Azalea Mest 1kg",,1.0
8.7p,POKON,"Pokon Rhododendron, Hortensia & Azalea Mest 1kg",,1.0
8.8p,POKON,"Pokon Rhododendron, Hortensia & Azalea Mest 1kg",,1.0
8.9p,POKON,"Pokon Rhododendron, Hortensia & Azalea Mest 1kg",,1.0
8.10p,POKON,"Pokon Rhododendron, Hortensia & Azalea Mest 1kg",,1.0
8.11p,POKON,"Pokon Rhododendron, Hortensia & Azalea Mest 1kg",,1.0
8.12p,POKON,"Pokon Rhododendron, Hortensia & Azalea Mest 1kg",,1.0
8.13p,POKON,"Pokon Rhododendron, Hortensia & Azalea Mest 1kg",,1.0
8.14p,POKON,"Pokon Rhododendron, Hortensia & Azalea Mest 1kg",,1.0
8.15p,POKON,"Pokon Rhododendron, Hortensia & Azalea Mest 1kg",,1.0
8.16p,POKON,"Pokon Rhododendron, Hortensia & Azalea Mest 1kg",,1.0
8.17p,POKON,"Pokon Rhododendron, Hortensia & Azalea Mest 1kg",,1.0
8.18p,POKON,"Pokon Rhododendron, Hortensia & Azalea Mest 1kg",,1.0
8.19p,POKON,"Pokon Rhododendron, Hortensia & Azalea Mest 1kg",,1.0
8.20p,POKON,"Pokon Rhododendron, Hortensia & Azalea Mest 1kg",,1.0
8.21p,POKON,"Pokon Rhododendron, Hortensia & Azalea Mest 1kg",,1.0
8.22p,POKON,"Pokon Rhododendron, Hortensia & Azalea Mest 1kg",,1.0
8.23p,POKON,"Pokon Rhododendron, Hortensia & Azalea Mest 1kg",,1.0
31.0p,POKON,"Pokon Rhododendron, Hortensia & Azalea Mest 1kg",,1.0
31.1p,POKON,"Pokon Rhododendron, Hortensia & Azalea Mest 1kg",,1.0
31.2p,POKON,"Pokon Rhododendron, Hortensia & Azalea Mest 1kg",,1.0
70.1p,POKON,"Pokon Rhododendron, Hortensia & Azalea Mest 1kg",,1.0
70.2p,POKON,"Pokon Rhododendron, Hortensia & Azalea Mest 1kg",,1.0
70.3p,POKON,"Pokon Rhododendron, Hortensia & Azalea Mest 1kg",,1.0
70.4p,POKON,"Pokon Rhododendron, Hortensia & Azalea Mest 1kg",,1.0
70.5p,POKON,"Pokon Rhododendron, Hortensia & Azalea Mest 1kg",,1.0
70.6p,POKON,"Pokon Rhododendron, Hortensia & Azalea Mest 1kg",,1.0
70.7p,POKON,"Pokon Rhododendron, Hortensia & Azalea Mest 1kg",,1.0
70.8p,POKON,"Pokon Rhododendron, Hortensia & Azalea Mest 1kg",,1.0
70.9p,POKON,"Pokon Rhododendron, Hortensia & Azalea Mest 1kg",,1.0
70.10p,POKON,"Pokon Rhododendron, Hortensia & Azalea Mest 1kg",,1.0
70.11p,POKON,"Pokon Rhododendron, Hortensia & Azalea Mest 1kg",,1.0
71.0p,POKON,"Pokon Rhododendron, Hortensia & Azalea Mest 1kg",,1.0
71.1p,POKON,"Pokon Rhododendron, Hortensia & Azalea Mest 1kg",,1.0
71.2p,POKON,"Pokon Rhododendron, Hortensia & Azalea Mest 1kg",,1.0
71.3p,POKON,"Pokon Rhododendron, Hortensia & Azalea Mest 1kg",,1.0
71.4p,POKON,"Pokon Rhododendron, Hortensia & Azalea Mest 1kg",,1.0
71.5p,POKON,"Pokon Rhododendron, Hortensia & Azalea Mest 1kg",,1.0
71.6p,POKON,"Pokon Rhododendron, Hortensia & Azalea Mest 1kg",,1.0
71.7p,POKON,"Pokon Rhododendron, Hortensia & Azalea Mest 1kg",,1.0
71.8p,POKON,"Pokon Rhododendron, Hortensia & Azalea Mest 1kg",,1.0
71.9p,POKON,"Pokon Rhododendron, Hortensia & Azalea Mest 1kg",,1.0
72.0p,POKON,"Pokon Rhododendron, Hortensia & Azalea Mest 1kg",,1.0
72.1p,POKON,"Pokon Rhododendron, Hortensia & Azalea Mest 1kg",,1.0
72.2p,POKON,"Pokon Rhododendron, Hortensia & Azalea Mest 1kg",,1.0
72.3p,POKON,"Pokon Rhododendron, Hortensia & Azalea Mest 1kg",,1.0
72.4p,POKON,"Pokon Rhododendron, Hortensia & Azalea Mest 1kg",,1.0
72.5p,POKON,"Pokon Rhododendron, Hortensia & Azalea Mest 1kg",,1.0
72.6p,POKON,"Pokon Rhododendron, Hortensia & Azalea Mest 1kg",,1.0
72.7p,POKON,"Pokon Rhododendron, Hortensia & Azalea Mest 1kg",,1.0
72.8p,POKON,"Pokon Rhododendron, Hortensia & Azalea Mest 1kg",,1.0
72.9p,POKON,"Pokon Rhododendron, Hortensia & Azalea Mest 1kg",,1.0
207.0p,POKON,"Pokon Rhododendron, Hortensia & Azalea Mest 1kg",,1.0
207.1p,POKON,"Pokon Rhododendron, Hortensia & Azalea Mest 1kg",,1.0
207.2p,POKON,"Pokon Rhododendron, Hortensia & Azalea Mest 1kg",,1.0
207.3p,POKON,"Pokon Rhododendron, Hortensia & Azalea Mest 1kg",,1.0
207.4p,POKON,"Pokon Rhododendron, Hortensia & Azalea Mest 1kg",,1.0
281.1p,POKON,"Pokon Rhododendron, Hortensia & Azalea Mest 1kg",,1.0
281.2p,POKON,"Pokon Rhododendron, Hortensia & Azalea Mest 1kg",,1.0
281.3p,POKON,"Pokon Rhododendron, Hortensia & Azalea Mest 1kg",,1.0
206.1p,POKON,"Pokon Rhododendron, Hortensia & Azalea Mest 1kg",,1.0
206.2p,POKON,"Pokon Rhododendron, Hortensia & Azalea Mest 1kg",,1.0
206.3p,POKON,"Pokon Rhododendron, Hortensia & Azalea Mest 1kg",,1.0
206.4p,POKON,"Pokon Rhododendron, Hortensia & Azalea Mest 1kg",,1.0
8.24,POKON,"Pokon Rhododendron, Hortensia & Azalea Mest 1kg",,1.0
8.24p,POKON,"Pokon Rhododendron, Hortensia & Azalea Mest 1kg",,1.0
8.25,POKON,"Pokon Rhododendron, Hortensia & Azalea Mest 1kg",,1.0
8.25p,POKON,"Pokon Rhododendron, Hortensia & Azalea Mest 1kg",,1.0
8.26,POKON,"Pokon Rhododendron, Hortensia & Azalea Mest 1kg",,1.0
8.26p,POKON,"Pokon Rhododendron, Hortensia & Azalea Mest 1kg",,1.0
2.1p,POKON,Pokon Mediterrane Planten Mest 1kg,,1.0
2.2p,POKON,Pokon Mediterrane Planten Mest 1kg,,1.0
2.3p,POKON,Pokon Mediterrane Planten Mest 1kg,,1.0
2.4p,POKON,Pokon Mediterrane Planten Mest 1kg,,1.0
2.5p,POKON,Pokon Mediterrane Planten Mest 1kg,,1.0
2.6p,POKON,Pokon Mediterrane Planten Mest 1kg,,1.0
2.7p,POKON,Pokon Mediterrane Planten Mest 1kg,,1.0
2.8p,POKON,Pokon Mediterrane Planten Mest 1kg,,1.0
2.9p,POKON,Pokon Mediterrane Planten Mest 1kg,,1.0
100.1p,POKON,Pokon Mediterrane Planten Mest 1kg,,1.0
100.2p,POKON,Pokon Mediterrane Planten Mest 1kg,,1.0
100.3p,POKON,Pokon Mediterrane Planten Mest 1kg,,1.0
100.4p,POKON,Pokon Mediterrane Planten Mest 1kg,,1.0
100.5p,POKON,Pokon Mediterrane Planten Mest 1kg,,1.0
100.6p,POKON,Pokon Mediterrane Planten Mest 1kg,,1.0
101.0p,POKON,Pokon Mediterrane Planten Mest 1kg,,1.0
101.1p,POKON,Pokon Mediterrane Planten Mest 1kg,,1.0
101.2p,POKON,Pokon Mediterrane Planten Mest 1kg,,1.0
101.3p,POKON,Pokon Mediterrane Planten Mest 1kg,,1.0
101.4p,POKON,Pokon Mediterrane Planten Mest 1kg,,1.0
101.5p,POKON,Pokon Mediterrane Planten Mest 1kg,,1.0
101.6p,POKON,Pokon Mediterrane Planten Mest 1kg,,1.0
101.7p,POKON,Pokon Mediterrane Planten Mest 1kg,,1.0
128.1p,POKON,Pokon Mediterrane Planten Mest 1kg,,1.0
128.2p,POKON,Pokon Mediterrane Planten Mest 1kg,,1.0
141.1p,POKON,Pokon Mediterrane Planten Mest 1kg,,1.0
141.2p,POKON,Pokon Mediterrane Planten Mest 1kg,,1.0
141.3p,POKON,Pokon Mediterrane Planten Mest 1kg,,1.0
141.4p,POKON,Pokon Mediterrane Planten Mest 1kg,,1.0
150.1p,POKON,Pokon Mediterrane Planten Mest 1kg,,1.0
150.2p,POKON,Pokon Mediterrane Planten Mest 1kg,,1.0
150.3p,POKON,Pokon Mediterrane Planten Mest 1kg,,1.0
150.4p,POKON,Pokon Mediterrane Planten Mest 1kg,,1.0
151.1p,POKON,Pokon Mediterrane Planten Mest 1kg,,1.0
151.2p,POKON,Pokon Mediterrane Planten Mest 1kg,,1.0
151.3p,POKON,Pokon Mediterrane Planten Mest 1kg,,1.0
151.4p,POKON,Pokon Mediterrane Planten Mest 1kg,,1.0
152.1p,POKON,Pokon Mediterrane Planten Mest 1kg,,1.0
152.2p,POKON,Pokon Mediterrane Planten Mest 1kg,,1.0
152.3p,POKON,Pokon Mediterrane Planten Mest 1kg,,1.0
152.4p,POKON,Pokon Mediterrane Planten Mest 1kg,,1.0
153.1p,POKON,Pokon Mediterrane Planten Mest 1kg,,1.0
153.2p,POKON,Pokon Mediterrane Planten Mest 1kg,,1.0
153.3p,POKON,Pokon Mediterrane Planten Mest 1kg,,1.0
153.4p,POKON,Pokon Mediterrane Planten Mest 1kg,,1.0
160.1p,POKON,Pokon Mediterrane Planten Mest 1kg,,1.0
161.0p,POKON,Pokon Mediterrane Planten Mest 1kg,,1.0
161.1p,POKON,Pokon Mediterrane Planten Mest 1kg,,1.0
161.2p,POKON,Pokon Mediterrane Planten Mest 1kg,,1.0
249.0p,POKON,Pokon Mediterrane Planten Mest 1kg,,1.0
249.1p,POKON,Pokon Mediterrane Planten Mest 1kg,,1.0
249.2p,POKON,Pokon Mediterrane Planten Mest 1kg,,1.0
249.4p,POKON,Pokon Mediterrane Planten Mest 1kg,,1.0
250.1p,POKON,Pokon Mediterrane Planten Mest 1kg,,1.0
250.2p,POKON,Pokon Mediterrane Planten Mest 1kg,,1.0
251.1p,POKON,Pokon Mediterrane Planten Mest 1kg,,1.0
251.2p,POKON,Pokon Mediterrane Planten Mest 1kg,,1.0
252.1p,POKON,Pokon Mediterrane Planten Mest 1kg,,1.0
252.2p,POKON,Pokon Mediterrane Planten Mest 1kg,,1.0
263.1p,POKON,Pokon Mediterrane Planten Mest 1kg,,1.0
263.2p,POKON,Pokon Mediterrane Planten Mest 1kg,,1.0
37.0p,POKON,Pokon Mediterrane Planten Mest 1kg,,1.0
103.1p,POKON,Pokon Mediterrane Planten Mest 1kg,,1.0
105.0p,POKON,Pokon Mediterrane Planten Mest 1kg,,1.0
105.1p,POKON,Pokon Mediterrane Planten Mest 1kg,,1.0
105.2p,POKON,Pokon Mediterrane Planten Mest 1kg,,1.0
106.0p,POKON,Pokon Mediterrane Planten Mest 1kg,,1.0
106.1p,POKON,Pokon Mediterrane Planten Mest 1kg,,1.0
106.2p,POKON,Pokon Mediterrane Planten Mest 1kg,,1.0
9.1p,POKON,Pokon Siergrassen & Bamboe Mest 1kg,,1.0
9.2p,POKON,Pokon Siergrassen & Bamboe Mest 1kg,,1.0
9.4p,POKON,Pokon Siergrassen & Bamboe Mest 1kg,,1.0
9.5p,POKON,Pokon Siergrassen & Bamboe Mest 1kg,,1.0
9.6p,POKON,Pokon Siergrassen & Bamboe Mest 1kg,,1.0
9.7p,POKON,Pokon Siergrassen & Bamboe Mest 1kg,,1.0
9.8p,POKON,Pokon Siergrassen & Bamboe Mest 1kg,,1.0
9.9p,POKON,Pokon Siergrassen & Bamboe Mest 1kg,,1.0
9.10p,POKON,Pokon Siergrassen & Bamboe Mest 1kg,,1.0
9.11p,POKON,Pokon Siergrassen & Bamboe Mest 1kg,,1.0
39.1p,POKON,Pokon Siergrassen & Bamboe Mest 1kg,,1.0
39.2p,POKON,Pokon Siergrassen & Bamboe Mest 1kg,,1.0
41.1p,POKON,Pokon Siergrassen & Bamboe Mest 1kg,,1.0
41.2p,POKON,Pokon Siergrassen & Bamboe Mest 1kg,,1.0
41.3p,POKON,Pokon Siergrassen & Bamboe Mest 1kg,,1.0
41.4p,POKON,Pokon Siergrassen & Bamboe Mest 1kg,,1.0
52.1p,POKON,Pokon Siergrassen & Bamboe Mest 1kg,,1.0
52.2p,POKON,Pokon Siergrassen & Bamboe Mest 1kg,,1.0
53.1p,POKON,Pokon Siergrassen & Bamboe Mest 1kg,,1.0
53.2p,POKON,Pokon Siergrassen & Bamboe Mest 1kg,,1.0
54.1p,POKON,Pokon Siergrassen & Bamboe Mest 1kg,,1.0
54.2p,POKON,Pokon Siergrassen & Bamboe Mest 1kg,,1.0
55.1p,POKON,Pokon Siergrassen & Bamboe Mest 1kg,,1.0
55.2p,POKON,Pokon Siergrassen & Bamboe Mest 1kg,,1.0
56.1p,POKON,Pokon Siergrassen & Bamboe Mest 1kg,,1.0
56.2p,POKON,Pokon Siergrassen & Bamboe Mest 1kg,,1.0
56.3p,POKON,Pokon Siergrassen & Bamboe Mest 1kg,,1.0
56.4p,POKON,Pokon Siergrassen & Bamboe Mest 1kg,,1.0
270.0p,POKON,Pokon Siergrassen & Bamboe Mest 1kg,,1.0
270.1p,POKON,Pokon Siergrassen & Bamboe Mest 1kg,,1.0
270.2p,POKON,Pokon Siergrassen & Bamboe Mest 1kg,,1.0
271.1p,POKON,Pokon Siergrassen & Bamboe Mest 1kg,,1.0
271.2p,POKON,Pokon Siergrassen & Bamboe Mest 1kg,,1.0
272.1p,POKON,Pokon Siergrassen & Bamboe Mest 1kg,,1.0
272.2p,POKON,Pokon Siergrassen & Bamboe Mest 1kg,,1.0
272.3p,POKON,Pokon Siergrassen & Bamboe Mest 1kg,,1.0
273.1p,POKON,Pokon Siergrassen & Bamboe Mest 1kg,,1.0
273.2p,POKON,Pokon Siergrassen & Bamboe Mest 1kg,,1.0
273.3p,POKON,Pokon Siergrassen & Bamboe Mest 1kg,,1.0
57.1p,POKON,Pokon Siergrassen & Bamboe Mest 1kg,,1.0
57.2p,POKON,Pokon Siergrassen & Bamboe Mest 1kg,,1.0
57.3p,POKON,Pokon Siergrassen & Bamboe Mest 1kg,,1.0
58.1p,POKON,Pokon Siergrassen & Bamboe Mest 1kg,,1.0
58.2p,POKON,Pokon Siergrassen & Bamboe Mest 1kg,,1.0
282.1p,POKON,Pokon Siergrassen & Bamboe Mest 1kg,,1.0
282.2p,POKON,Pokon Siergrassen & Bamboe Mest 1kg,,1.0
282.3p,POKON,Pokon Siergrassen & Bamboe Mest 1kg,,1.0
283.1p,POKON,Pokon Siergrassen & Bamboe Mest 1kg,,1.0
283.2p,POKON,Pokon Siergrassen & Bamboe Mest 1kg,,1.0
283.3p,POKON,Pokon Siergrassen & Bamboe Mest 1kg,,1.0
11.0p,POKON,Pokon Bio Fruitbomen Mest 1kg ,,1.0
11.1p,POKON,Pokon Bio Fruitbomen Mest 1kg ,,1.0
11.2p,POKON,Pokon Bio Fruitbomen Mest 1kg ,,1.0
11.3p,POKON,Pokon Bio Fruitbomen Mest 1kg ,,1.0
11.4p,POKON,Pokon Bio Fruitbomen Mest 1kg ,,1.0
11.5p,POKON,Pokon Bio Fruitbomen Mest 1kg ,,1.0
11.6p,POKON,Pokon Bio Fruitbomen Mest 1kg ,,1.0
11.7p,POKON,Pokon Bio Fruitbomen Mest 1kg ,,1.0
17.1p,POKON,Pokon Bio Fruitbomen Mest 1kg ,,1.0
17.2p,POKON,Pokon Bio Fruitbomen Mest 1kg ,,1.0
17.3p,POKON,Pokon Bio Fruitbomen Mest 1kg ,,1.0
17.4p,POKON,Pokon Bio Fruitbomen Mest 1kg ,,1.0
17.5p,POKON,Pokon Bio Fruitbomen Mest 1kg ,,1.0
17.6p,POKON,Pokon Bio Fruitbomen Mest 1kg ,,1.0
17.7p,POKON,Pokon Bio Fruitbomen Mest 1kg ,,1.0
202.0p,POKON,Pokon Bio Fruitbomen Mest 1kg ,,1.0
202.1p,POKON,Pokon Bio Fruitbomen Mest 1kg ,,1.0
202.2p,POKON,Pokon Bio Fruitbomen Mest 1kg ,,1.0
7.1p,POKON,Pokon Bio Kleinfruit Mest 1kg ,,1.0
7.2p,POKON,Pokon Bio Kleinfruit Mest 1kg ,,1.0
10.1p,POKON,Pokon Bio Kleinfruit Mest 1kg ,,1.0
10.2p,POKON,Pokon Bio Kleinfruit Mest 1kg ,,1.0
10.3p,POKON,Pokon Bio Kleinfruit Mest 1kg ,,1.0
10.4p,POKON,Pokon Bio Kleinfruit Mest 1kg ,,1.0
10.5p,POKON,Pokon Bio Kleinfruit Mest 1kg ,,1.0
10.6p,POKON,Pokon Bio Kleinfruit Mest 1kg ,,1.0
10.7p,POKON,Pokon Bio Kleinfruit Mest 1kg ,,1.0
10.8p,POKON,Pokon Bio Kleinfruit Mest 1kg ,,1.0
10.9p,POKON,Pokon Bio Kleinfruit Mest 1kg ,,1.0
10.10p,POKON,Pokon Bio Kleinfruit Mest 1kg ,,1.0
10.11p,POKON,Pokon Bio Kleinfruit Mest 1kg ,,1.0
15.1p,POKON,Pokon Bio Kleinfruit Mest 1kg ,,1.0
26.1p,POKON,Pokon Bio Kleinfruit Mest 1kg ,,1.0
26.2p,POKON,Pokon Bio Kleinfruit Mest 1kg ,,1.0
26.3p,POKON,Pokon Bio Kleinfruit Mest 1kg ,,1.0
26.4p,POKON,Pokon Bio Kleinfruit Mest 1kg ,,1.0
26.5p,POKON,Pokon Bio Kleinfruit Mest 1kg ,,1.0
27.1p,POKON,Pokon Bio Kleinfruit Mest 1kg ,,1.0
27.2p,POKON,Pokon Bio Kleinfruit Mest 1kg ,,1.0
27.3p,POKON,Pokon Bio Kleinfruit Mest 1kg ,,1.0
28.1p,POKON,Pokon Bio Kleinfruit Mest 1kg ,,1.0
28.2p,POKON,Pokon Bio Kleinfruit Mest 1kg ,,1.0
28.3p,POKON,Pokon Bio Kleinfruit Mest 1kg ,,1.0
29.1p,POKON,Pokon Bio Kleinfruit Mest 1kg ,,1.0
29.2p,POKON,Pokon Bio Kleinfruit Mest 1kg ,,1.0
30.1p,POKON,Pokon Bio Kleinfruit Mest 1kg ,,1.0
200.0p,POKON,Pokon Bio Kleinfruit Mest 1kg ,,1.0
200.1p,POKON,Pokon Bio Kleinfruit Mest 1kg ,,1.0
200.2p,POKON,Pokon Bio Kleinfruit Mest 1kg ,,1.0
200.3p,POKON,Pokon Bio Kleinfruit Mest 1kg ,,1.0
200.4p,POKON,Pokon Bio Kleinfruit Mest 1kg ,,1.0
200.5p,POKON,Pokon Bio Kleinfruit Mest 1kg ,,1.0
200.6p,POKON,Pokon Bio Kleinfruit Mest 1kg ,,1.0
200.7p,POKON,Pokon Bio Kleinfruit Mest 1kg ,,1.0
200.8p,POKON,Pokon Bio Kleinfruit Mest 1kg ,,1.0
200.9p,POKON,Pokon Bio Kleinfruit Mest 1kg ,,1.0
201.0p,POKON,Pokon Bio Kleinfruit Mest 1kg ,,1.0
201.1p,POKON,Pokon Bio Kleinfruit Mest 1kg ,,1.0
201.2p,POKON,Pokon Bio Kleinfruit Mest 1kg ,,1.0
201.3p,POKON,Pokon Bio Kleinfruit Mest 1kg ,,1.0
201.4p,POKON,Pokon Bio Kleinfruit Mest 1kg ,,1.0
201.5p,POKON,Pokon Bio Kleinfruit Mest 1kg ,,1.0
201.6p,POKON,Pokon Bio Kleinfruit Mest 1kg ,,1.0
114.1p,POKON,Pokon Bio Kamerplanten Voeding 250ml,,1.0
115.1p,POKON,Pokon Bio Kamerplanten Voeding 250ml,,1.0
116.1p,POKON,Pokon Bio Kamerplanten Voeding 250ml,,1.0
117.1p,POKON,Pokon Bio Kamerplanten Voeding 250ml,,1.0
118.1p,POKON,Pokon Bio Kamerplanten Voeding 250ml,,1.0
119.1p,POKON,Pokon Bio Kamerplanten Voeding 250ml,,1.0
120.1p,POKON,Pokon Bio Kamerplanten Voeding 250ml,,1.0
121.1p,POKON,Pokon Bio Kamerplanten Voeding 250ml,,1.0
122.1p,POKON,Pokon Bio Kamerplanten Voeding 250ml,,1.0
123.1p,POKON,Pokon Bio Kamerplanten Voeding 250ml,,1.0
1.1,DOZEN,14,,1.0
1.1p,DOZEN,2,,1.0
1.10,DOZEN,15,,1.0
1.10p,DOZEN,14,,1.0
1.10p,DOZEN,15,,1.0
1.11,DOZEN,15,,1.0
1.11p,DOZEN,14,,1.0
1.11p,DOZEN,15,,1.0
1.12,DOZEN,15,,1.0
1.12p,DOZEN,14,,1.0
1.12p,DOZEN,15,,1.0
1.13,DOZEN,15,,1.0
1.13p,DOZEN,14,,1.0
1.13p,DOZEN,15,,1.0
1.14,DOZEN,15,,1.0
1.14p,DOZEN,14,,1.0
1.14p,DOZEN,15,,1.0
1.15,DOZEN,15,,1.0
1.15p,DOZEN,14,,1.0
1.15p,DOZEN,15,,1.0
1.2,DOZEN,14,,1.0
1.2p,DOZEN,2,,1.0
1.20,DOZEN,15,,1.0
1.20p,DOZEN,14,,1.0
1.20p,DOZEN,15,,1.0
1.21,DOZEN,15,,1.0
1.21p,DOZEN,14,,1.0
1.21p,DOZEN,15,,1.0
1.22,DOZEN,15,,1.0
1.22p,DOZEN,14,,1.0
1.22p,DOZEN,15,,1.0
1.3,DOZEN,1,,1.0
1.3p,DOZEN,14,,1.0
1.30,DOZEN,15,,1.0
1.30p,DOZEN,14,,1.0
1.30p,DOZEN,15,,1.0
1.31,DOZEN,15,,1.0
1.31p,DOZEN,14,,1.0
1.31p,DOZEN,15,,1.0
1.32,DOZEN,15,,1.0
1.32p,DOZEN,14,,1.0
1.32p,DOZEN,15,,1.0
1.4,DOZEN,15,,1.0
1.4p,DOZEN,14,,1.0
1.4p,DOZEN,15,,1.0
1.5,DOZEN,15,,1.0
1.5p,DOZEN,14,,1.0
1.5p,DOZEN,15,,1.0
2.1,DOZEN,1,,1.0
2.1p,DOZEN,14,,1.0
2.2,DOZEN,2,,1.0
2.2p,DOZEN,12,,1.0
2.3,DOZEN,1,,1.0
2.3p,DOZEN,14,,1.0
2.4,DOZEN,2,,1.0
2.4p,DOZEN,12,,1.0
2.5,DOZEN,1,,1.0
2.5p,DOZEN,14,,1.0
2.6,DOZEN,1,,1.0
2.6p,DOZEN,14,,1.0
2.7,DOZEN,2,,1.0
2.7p,DOZEN,12,,1.0
2.8,DOZEN,14,,1.0
2.8p,DOZEN,2,,1.0
2.9,DOZEN,12,,1.0
2.9p,DOZEN,4,,1.0
3.1,DOZEN,15,,1.0
3.1p,DOZEN,14,,1.0
3.1p,DOZEN,15,,1.0
3.2,DOZEN,14,,1.0
3.2p,DOZEN,2,,1.0
3.3,DOZEN,15,,1.0
3.3p,DOZEN,14,,1.0
3.3p,DOZEN,15,,1.0
3.4,DOZEN,15,,1.0
3.4p,DOZEN,14,,1.0
3.4p,DOZEN,15,,1.0
3.5,DOZEN,15,,1.0
3.5p,DOZEN,14,,1.0
3.5p,DOZEN,15,,1.0
3.6,DOZEN,14,,1.0
3.6p,DOZEN,2,,1.0
3.7,DOZEN,14,,1.0
3.7p,DOZEN,2,,1.0
3.8,DOZEN,14,,1.0
3.8p,DOZEN,2,,1.0
4.0,DOZEN,15,,1.0
4.0p,DOZEN,14,,1.0
4.0p,DOZEN,15,,1.0
4.1,DOZEN,15,,1.0
4.1p,DOZEN,14,,1.0
4.1p,DOZEN,15,,1.0
4.2,DOZEN,15,,1.0
4.2p,DOZEN,14,,1.0
4.2p,DOZEN,15,,1.0
4.3,DOZEN,15,,1.0
4.3p,DOZEN,14,,1.0
4.3p,DOZEN,15,,1.0
5.1,DOZEN,3,,1.0
5.1p,DOZEN,4,,1.0
5.2,DOZEN,4,,1.0
5.2p,DOZEN,4,,1.0
5.3,DOZEN,3,,1.0
5.3p,DOZEN,4,,1.0
5.4,DOZEN,3,,1.0
5.4p,DOZEN,4,,1.0
5.5,DOZEN,3,,1.0
5.5p,DOZEN,4,,1.0
5.6,DOZEN,3,,1.0
5.6p,DOZEN,4,,1.0
5.7,DOZEN,3,,1.0
5.7p,DOZEN,4,,1.0
6.1,DOZEN,15,,1.0
6.1p,DOZEN,14,,1.0
6.1p,DOZEN,15,,1.0
6.2,DOZEN,14,,1.0
6.2p,DOZEN,2,,1.0
6.3,DOZEN,15,,1.0
6.3p,DOZEN,14,,1.0
6.3p,DOZEN,15,,1.0
6.4,DOZEN,15,,1.0
6.4p,DOZEN,14,,1.0
6.4p,DOZEN,15,,1.0
6.5,DOZEN,15,,1.0
6.5p,DOZEN,14,,1.0
6.5p,DOZEN,15,,1.0
7.1,DOZEN,1,,1.0
7.1p,DOZEN,14,,1.0
7.2,DOZEN,2,,1.0
7.2p,DOZEN,12,,1.0
8.1,DOZEN,1,,1.0
8.1p,DOZEN,14,,1.0
8.2,DOZEN,2,,1.0
8.2p,DOZEN,12,,1.0
8.3,DOZEN,15,,1.0
8.3p,DOZEN,14,,1.0
8.3p,DOZEN,15,,1.0
8.4,DOZEN,14,,1.0
8.4p,DOZEN,2,,1.0
8.5,DOZEN,15,,1.0
8.5p,DOZEN,14,,1.0
8.5p,DOZEN,15,,1.0
8.6,DOZEN,14,,1.0
8.6p,DOZEN,2,,1.0
8.7,DOZEN,15,,1.0
8.7p,DOZEN,14,,1.0
8.7p,DOZEN,15,,1.0
8.8,DOZEN,14,,1.0
8.8p,DOZEN,2,,1.0
8.9,DOZEN,15,,1.0
8.9p,DOZEN,14,,1.0
8.9p,DOZEN,15,,1.0
8.10,DOZEN,14,,1.0
8.10p,DOZEN,2,,1.0
8.11,DOZEN,15,,1.0
8.11p,DOZEN,14,,1.0
8.11p,DOZEN,15,,1.0
8.12,DOZEN,14,,1.0
8.12p,DOZEN,2,,1.0
8.13,DOZEN,15,,1.0
8.13p,DOZEN,14,,1.0
8.13p,DOZEN,15,,1.0
8.14,DOZEN,14,,1.0
8.14p,DOZEN,2,,1.0
8.15,DOZEN,15,,1.0
8.15p,DOZEN,14,,1.0
8.15p,DOZEN,15,,1.0
8.16,DOZEN,14,,1.0
8.16p,DOZEN,2,,1.0
8.17,DOZEN,15,,1.0
8.17p,DOZEN,14,,1.0
8.17p,DOZEN,15,,1.0
8.18,DOZEN,14,,1.0
8.18p,DOZEN,2,,1.0
8.19,DOZEN,1,,1.0
8.19p,DOZEN,14,,1.0
8.20,DOZEN,2,,1.0
8.20p,DOZEN,12,,1.0
8.21,DOZEN,15,,1.0
8.21p,DOZEN,1,,1.0
8.22,DOZEN,15,,1.0
8.22p,DOZEN,14,,1.0
8.22p,DOZEN,15,,1.0
8.23,DOZEN,14,,1.0
8.23p,DOZEN,2,,1.0
8.24,DOZEN,15,,1.0
8.24p,DOZEN,1,,1.0
8.25,DOZEN,15,,1.0
8.25p,DOZEN,14,,1.0
8.25p,DOZEN,15,,1.0
8.26,DOZEN,14,,1.0
8.26p,DOZEN,2,,1.0
9.1,DOZEN,1,,1.0
9.1p,DOZEN,14,,1.0
9.2,DOZEN,2,,1.0
9.2p,DOZEN,12,,1.0
9.4,DOZEN,14,,1.0
9.4p,DOZEN,2,,1.0
9.5,DOZEN,14,,1.0
9.5p,DOZEN,2,,1.0
9.6,DOZEN,14,,1.0
9.6p,DOZEN,2,,1.0
9.7,DOZEN,15,,1.0
9.7p,DOZEN,14,,1.0
9.7p,DOZEN,15,,1.0
9.8,DOZEN,15,,1.0
9.8p,DOZEN,14,,1.0
9.8p,DOZEN,15,,1.0
9.9,DOZEN,EUR40,,1.0
9.9p,DOZEN,EUR40,,1.0
9.10,DOZEN,15,,1.0
9.10p,DOZEN,1,,1.0
9.11,DOZEN,15,,1.0
9.11p,DOZEN,1,,1.0
10.1,DOZEN,1,,1.0
10.1p,DOZEN,14,,1.0
10.2,DOZEN,2,,1.0
10.2p,DOZEN,12,,1.0
10.3,DOZEN,15,,1.0
10.3p,DOZEN,14,,1.0
10.3p,DOZEN,15,,1.0
10.4,DOZEN,15,,1.0
10.4p,DOZEN,14,,1.0
10.4p,DOZEN,15,,1.0
10.5,DOZEN,14,,1.0
10.5p,DOZEN,2,,1.0
10.6,DOZEN,15,,1.0
10.6p,DOZEN,14,,1.0
10.6p,DOZEN,15,,1.0
10.7,DOZEN,15,,1.0
10.7p,DOZEN,14,,1.0
10.7p,DOZEN,15,,1.0
10.8,DOZEN,14,,1.0
10.8p,DOZEN,2,,1.0
10.9,DOZEN,15,,1.0
10.9p,DOZEN,14,,1.0
10.9p,DOZEN,15,,1.0
10.10,DOZEN,15,,1.0
10.10p,DOZEN,14,,1.0
10.10p,DOZEN,15,,1.0
10.11,DOZEN,14,,1.0
10.11p,DOZEN,2,,1.0
11.0,DOZEN,5,,1.0
11.0p,DOZEN,5,,1.0
11.1,DOZEN,5,,1.0
11.1p,DOZEN,5,,1.0
11.2,DOZEN,6,,1.0
11.2p,DOZEN,6,,1.0
11.3,DOZEN,5,,1.0
11.3p,DOZEN,5,,1.0
11.4,DOZEN,5,,1.0
11.4p,DOZEN,5,,1.0
11.5,DOZEN,5,,1.0
11.5p,DOZEN,5,,1.0
11.6,DOZEN,5,,1.0
11.6p,DOZEN,5,,1.0
11.7,DOZEN,5,,1.0
11.7p,DOZEN,5,,1.0
12.1,DOZEN,3,,1.0
12.1p,DOZEN,3,,1.0
12.2,DOZEN,4,,1.0
12.2p,DOZEN,4,,1.0
13.1,DOZEN,15,,1.0
13.1p,DOZEN,14,,1.0
13.1p,DOZEN,15,,1.0
13.2,DOZEN,14,,1.0
13.2p,DOZEN,2,,1.0
13.3,DOZEN,15,,1.0
13.3p,DOZEN,14,,1.0
13.3p,DOZEN,15,,1.0
13.4,DOZEN,15,,1.0
13.4p,DOZEN,14,,1.0
13.4p,DOZEN,15,,1.0
13.5,DOZEN,15,,1.0
13.5p,DOZEN,14,,1.0
13.5p,DOZEN,15,,1.0
13.6,DOZEN,15,,1.0
13.6p,DOZEN,14,,1.0
13.6p,DOZEN,15,,1.0
13.7,DOZEN,2,,1.0
13.7p,DOZEN,12,,1.0
14.1,DOZEN,1,,1.0
14.1p,DOZEN,14,,1.0
14.2,DOZEN,2,,1.0
14.2p,DOZEN,12,,1.0
15.1,DOZEN,14,,1.0
15.1p,DOZEN,2,,1.0
16.1,DOZEN,3,,1.0
16.1p,DOZEN,4,,1.0
16.2,DOZEN,4,,1.0
16.2p,DOZEN,4,,1.0
16.3,DOZEN,3,,1.0
16.3p,DOZEN,3,,1.0
16.4,DOZEN,3,,1.0
16.4p,DOZEN,3,,1.0
16.5,DOZEN,3,,1.0
16.5p,DOZEN,3,,1.0
16.6,DOZEN,3,,1.0
16.6p,DOZEN,3,,1.0
16.7,DOZEN,3,,1.0
16.7p,DOZEN,3,,1.0
16.8,DOZEN,3,,1.0
16.8p,DOZEN,3,,1.0
16.9,DOZEN,3,,1.0
16.9p,DOZEN,3,,1.0
17.1,DOZEN,13,,1.0
17.1p,DOZEN,13,,1.0
17.2,DOZEN,13,,1.0
17.2p,DOZEN,13,,1.0
17.3,DOZEN,13,,1.0
17.3p,DOZEN,13,,1.0
17.4,DOZEN,13,,1.0
17.4p,DOZEN,13,,1.0
17.5,DOZEN,13,,1.0
17.5p,DOZEN,13,,1.0
17.6,DOZEN,13,,1.0
17.6p,DOZEN,13,,1.0
17.7,DOZEN,13,,1.0
17.7p,DOZEN,13,,1.0
18.1,DOZEN,13,,1.0
18.1p,DOZEN,13,,1.0
18.2,DOZEN,13,,1.0
18.2p,DOZEN,13,,1.0
18.3,DOZEN,13,,1.0
18.3p,DOZEN,13,,1.0
18.4,DOZEN,13,,1.0
18.4p,DOZEN,13,,1.0
18.5,DOZEN,13,,1.0
18.5p,DOZEN,13,,1.0
18.6,DOZEN,13,,1.0
18.6p,DOZEN,13,,1.0
18.7,DOZEN,13,,1.0
18.7p,DOZEN,13,,1.0
18.8,DOZEN,13,,1.0
18.8p,DOZEN,13,,1.0
19.0,DOZEN,13,,1.0
19.0p,DOZEN,13,,1.0
19.1,DOZEN,13,,1.0
19.1p,DOZEN,13,,1.0
19.2,DOZEN,13,,1.0
19.2p,DOZEN,13,,1.0
21.0,DOZEN,13,,1.0
21.0p,DOZEN,13,,1.0
21.1,DOZEN,13,,1.0
21.1p,DOZEN,13,,1.0
21.2,DOZEN,13,,1.0
21.2p,DOZEN,13,,1.0
22.1,DOZEN,3,,1.0
22.1p,DOZEN,3,,1.0
22.2,DOZEN,3,,1.0
22.2p,DOZEN,3,,1.0
23.1,DOZEN,8,,1.0
23.1p,DOZEN,8,,1.0
23.2,DOZEN,9,,1.0
23.2p,DOZEN,9,,1.0
23.3,DOZEN,10,,1.0
23.3p,DOZEN,10,,1.0
23.4,DOZEN,10,,1.0
23.4p,DOZEN,10,,1.0
24.1,DOZEN,15,,1.0
24.1p,DOZEN,14,,1.0
24.1p,DOZEN,15,,1.0
24.2,DOZEN,14,,1.0
24.2p,DOZEN,2,,1.0
25.1,DOZEN,15,,1.0
25.1p,DOZEN,14,,1.0
25.1p,DOZEN,15,,1.0
25.2,DOZEN,14,,1.0
25.2p,DOZEN,2,,1.0
26.1,DOZEN,11,,1.0
26.1p,DOZEN,11,,1.0
26.2,DOZEN,11,,1.0
26.2p,DOZEN,11,,1.0
26.3,DOZEN,11,,1.0
26.3p,DOZEN,11,,1.0
26.4,DOZEN,11,,1.0
26.4p,DOZEN,11,,1.0
26.5,DOZEN,11,,1.0
26.5p,DOZEN,11,,1.0
27.1,DOZEN,15,,1.0
27.1p,DOZEN,15,,1.0
27.2,DOZEN,15,,1.0
27.2p,DOZEN,15,,1.0
27.3,DOZEN,15,,1.0
27.3p,DOZEN,15,,1.0
28.1,DOZEN,3,,1.0
28.1p,DOZEN,4,,1.0
28.2,DOZEN,3,,1.0
28.2p,DOZEN,3,,1.0
28.3,DOZEN,3,,1.0
28.3p,DOZEN,3,,1.0
29.1,DOZEN,1,,1.0
29.1p,DOZEN,14,,1.0
29.2,DOZEN,2,,1.0
29.2p,DOZEN,12,,1.0
30.1,DOZEN,1,,1.0
30.1p,DOZEN,14,,1.0
31.0,DOZEN,15,,1.0
31.0p,DOZEN,14,,1.0
31.0p,DOZEN,15,,1.0
31.1,DOZEN,1,,1.0
31.1p,DOZEN,14,,1.0
31.2,DOZEN,2,,1.0
31.2p,DOZEN,12,,1.0
32.1,DOZEN,15,,1.0
32.1p,DOZEN,14,,1.0
32.1p,DOZEN,15,,1.0
32.2,DOZEN,14,,1.0
32.2p,DOZEN,2,,1.0
33.1,DOZEN,15,,1.0
33.1p,DOZEN,14,,1.0
33.1p,DOZEN,15,,1.0
33.2,DOZEN,14,,1.0
33.2p,DOZEN,2,,1.0
34.1,DOZEN,15,,1.0
34.1p,DOZEN,14,,1.0
34.1p,DOZEN,15,,1.0
34.2,DOZEN,14,,1.0
34.2p,DOZEN,2,,1.0
35.1,DOZEN,2,,1.0
35.1p,DOZEN,12,,1.0
36.1,DOZEN,3,,1.0
36.1p,DOZEN,4,,1.0
36.2,DOZEN,3,,1.0
36.2p,DOZEN,4,,1.0
36.3,DOZEN,3,,1.0
36.3p,DOZEN,4,,1.0
36.4,DOZEN,3,,1.0
36.4p,DOZEN,4,,1.0
36.5,DOZEN,3,,1.0
36.5p,DOZEN,4,,1.0
37.0,DOZEN,15,,1.0
37.0p,DOZEN,1,,1.0
39.0,DOZEN,15,,1.0
39.0p,DOZEN,14,,1.0
39.0p,DOZEN,15,,1.0
39.1,DOZEN,1,,1.0
39.1p,DOZEN,14,,1.0
39.2,DOZEN,2,,1.0
39.2p,DOZEN,12,,1.0
40.1,DOZEN,3,,1.0
40.1p,DOZEN,3,,1.0
40.2,DOZEN,3,,1.0
40.2p,DOZEN,3,,1.0
40.3,DOZEN,3,,1.0
40.3p,DOZEN,3,,1.0
40.4,DOZEN,3,,1.0
40.4p,DOZEN,3,,1.0
40.5,DOZEN,3,,1.0
40.5p,DOZEN,3,,1.0
40.6,DOZEN,3,,1.0
40.6p,DOZEN,3,,1.0
40.7,DOZEN,3,,1.0
40.7p,DOZEN,3,,1.0
40.8,DOZEN,3,,1.0
40.8p,DOZEN,3,,1.0
41.1,DOZEN,3,,1.0
41.1p,DOZEN,3,,1.0
41.2,DOZEN,3,,1.0
41.2p,DOZEN,3,,1.0
41.3,DOZEN,8,,1.0
41.3p,DOZEN,8,,1.0
41.4,DOZEN,9,,1.0
41.4p,DOZEN,9,,1.0
44.1,DOZEN,15,,1.0
44.1p,DOZEN,14,,1.0
44.1p,DOZEN,15,,1.0
44.2,DOZEN,14,,1.0
44.2p,DOZEN,2,,1.0
44.3,DOZEN,15,,1.0
44.3p,DOZEN,14,,1.0
44.3p,DOZEN,15,,1.0
44.4,DOZEN,14,,1.0
44.4p,DOZEN,2,,1.0
44.5,DOZEN,15,,1.0
44.5p,DOZEN,14,,1.0
44.5p,DOZEN,15,,1.0
44.6,DOZEN,14,,1.0
44.6p,DOZEN,2,,1.0
44.7,DOZEN,15,,1.0
44.7p,DOZEN,14,,1.0
44.7p,DOZEN,15,,1.0
44.8,DOZEN,14,,1.0
44.8p,DOZEN,2,,1.0
50.1,DOZEN,3,,1.0
50.1p,DOZEN,3,,1.0
50.2,DOZEN,3,,1.0
50.2p,DOZEN,3,,1.0
52.1,DOZEN,1,,1.0
52.1p,DOZEN,14,,1.0
52.2,DOZEN,2,,1.0
52.2p,DOZEN,12,,1.0
53.1,DOZEN,1,,1.0
53.1p,DOZEN,14,,1.0
53.2,DOZEN,2,,1.0
53.2p,DOZEN,12,,1.0
54.1,DOZEN,1,,1.0
54.1p,DOZEN,14,,1.0
54.2,DOZEN,2,,1.0
54.2p,DOZEN,12,,1.0
55.1,DOZEN,1,,1.0
55.1p,DOZEN,14,,1.0
55.2,DOZEN,2,,1.0
55.2p,DOZEN,12,,1.0
56.1,DOZEN,2,,1.0
56.1p,DOZEN,12,,1.0
56.2,DOZEN,2,,1.0
56.2p,DOZEN,12,,1.0
56.3,DOZEN,1,,1.0
56.3p,DOZEN,14,,1.0
56.4,DOZEN,2,,1.0
56.4p,DOZEN,12,,1.0
57.1,DOZEN,11,,1.0
57.1p,DOZEN,11,,1.0
57.2,DOZEN,11,,1.0
57.2p,DOZEN,11,,1.0
57.3,DOZEN,11,,1.0
57.3p,DOZEN,11,,1.0
58.1,DOZEN,11,,1.0
58.1p,DOZEN,11,,1.0
58.2,DOZEN,11,,1.0
58.2p,DOZEN,11,,1.0
60.1,DOZEN,15,,1.0
60.1p,DOZEN,14,,1.0
60.1p,DOZEN,15,,1.0
60.2,DOZEN,14,,1.0
60.2p,DOZEN,2,,1.0
61.1,DOZEN,15,,1.0
61.1p,DOZEN,14,,1.0
61.1p,DOZEN,15,,1.0
61.2,DOZEN,14,,1.0
61.2p,DOZEN,2,,1.0
62.1,DOZEN,15,,1.0
62.1p,DOZEN,14,,1.0
62.1p,DOZEN,15,,1.0
62.2,DOZEN,14,,1.0
62.2p,DOZEN,2,,1.0
63.1,DOZEN,1,,1.0
63.1p,DOZEN,14,,1.0
63.2,DOZEN,2,,1.0
63.2p,DOZEN,12,,1.0
64.1,DOZEN,15,,1.0
64.1p,DOZEN,14,,1.0
64.1p,DOZEN,15,,1.0
64.2,DOZEN,14,,1.0
64.2p,DOZEN,2,,1.0
70.1,DOZEN,15,,1.0
70.1p,DOZEN,14,,1.0
70.1p,DOZEN,15,,1.0
70.2,DOZEN,15,,1.0
70.2p,DOZEN,14,,1.0
70.2p,DOZEN,15,,1.0
70.3,DOZEN,15,,1.0
70.3p,DOZEN,14,,1.0
70.3p,DOZEN,15,,1.0
70.4,DOZEN,15,,1.0
70.4p,DOZEN,14,,1.0
70.4p,DOZEN,15,,1.0
70.5,DOZEN,1,,1.0
70.5p,DOZEN,14,,1.0
70.6,DOZEN,2,,1.0
70.6p,DOZEN,12,,1.0
70.7,DOZEN,14,,1.0
70.7p,DOZEN,2,,1.0
70.8,DOZEN,14,,1.0
70.8p,DOZEN,2,,1.0
70.9,DOZEN,14,,1.0
70.9p,DOZEN,2,,1.0
70.10,DOZEN,15,,1.0
70.10p,DOZEN,14,,1.0
70.10p,DOZEN,15,,1.0
70.11,DOZEN,14,,1.0
70.11p,DOZEN,2,,1.0
70.12,DOZEN,14,,1.0
70.12p,DOZEN,2,,1.0
71.0,DOZEN,15,,1.0
71.0p,DOZEN,14,,1.0
71.0p,DOZEN,15,,1.0
71.1,DOZEN,14,,1.0
71.1p,DOZEN,2,,1.0
71.2,DOZEN,15,,1.0
71.2p,DOZEN,14,,1.0
71.2p,DOZEN,15,,1.0
71.3,DOZEN,14,,1.0
71.3p,DOZEN,2,,1.0
71.4,DOZEN,15,,1.0
71.4p,DOZEN,14,,1.0
71.4p,DOZEN,15,,1.0
71.5,DOZEN,14,,1.0
71.5p,DOZEN,2,,1.0
71.6,DOZEN,15,,1.0
71.6p,DOZEN,14,,1.0
71.6p,DOZEN,15,,1.0
71.7,DOZEN,14,,1.0
71.7p,DOZEN,2,,1.0
71.8,DOZEN,1,,1.0
71.8p,DOZEN,14,,1.0
71.9,DOZEN,2,,1.0
71.9p,DOZEN,12,,1.0
72.0,DOZEN,8,,1.0
72.0p,DOZEN,8,,1.0
72.1,DOZEN,9,,1.0
72.1p,DOZEN,9,,1.0
72.2,DOZEN,8,,1.0
72.2p,DOZEN,8,,1.0
72.3,DOZEN,9,,1.0
72.3p,DOZEN,9,,1.0
72.4,DOZEN,8,,1.0
72.4p,DOZEN,8,,1.0
72.5,DOZEN,9,,1.0
72.5p,DOZEN,9,,1.0
72.6,DOZEN,8,,1.0
72.6p,DOZEN,8,,1.0
72.7,DOZEN,9,,1.0
72.7p,DOZEN,9,,1.0
72.8,DOZEN,8,,1.0
72.8p,DOZEN,8,,1.0
72.9,DOZEN,9,,1.0
72.9p,DOZEN,9,,1.0
100.1,DOZEN,10,,1.0
100.1p,DOZEN,10,,1.0
100.2,DOZEN,11,,1.0
100.2p,DOZEN,11,,1.0
100.3,DOZEN,3,,1.0
100.3p,DOZEN,3,,1.0
100.4,DOZEN,3,,1.0
100.4p,DOZEN,3,,1.0
100.5,DOZEN,3,,1.0
100.5p,DOZEN,3,,1.0
100.6,DOZEN,3,,1.0
100.6p,DOZEN,3,,1.0
101.0,DOZEN,15,,1.0
101.0p,DOZEN,1,,1.0
101.1,DOZEN,1,,1.0
101.1p,DOZEN,14,,1.0
101.2,DOZEN,2,,1.0
101.2p,DOZEN,12,,1.0
101.3,DOZEN,15,,1.0
101.3p,DOZEN,1,,1.0
101.4,DOZEN,1,,1.0
101.4p,DOZEN,14,,1.0
101.5,DOZEN,2,,1.0
101.5p,DOZEN,12,,1.0
101.6,DOZEN,1,,1.0
101.6p,DOZEN,14,,1.0
101.7,DOZEN,2,,1.0
101.7p,DOZEN,12,,1.0
102.1,DOZEN,9,,1.0
102.1p,DOZEN,9,,1.0
102.2,DOZEN,9,,1.0
102.2p,DOZEN,9,,1.0
103.1,DOZEN,15,,1.0
103.1p,DOZEN,15,,1.0
104.1,DOZEN,15,,1.0
104.1p,DOZEN,14,,1.0
104.1p,DOZEN,15,,1.0
104.2,DOZEN,14,,1.0
104.2p,DOZEN,2,,1.0
105.0,DOZEN,15,,1.0
105.0p,DOZEN,14,,1.0
105.0p,DOZEN,15,,1.0
105.1,DOZEN,15,,1.0
105.1p,DOZEN,1,,1.0
105.2,DOZEN,14,,1.0
105.2p,DOZEN,2,,1.0
106.0,DOZEN,15,,1.0
106.0p,DOZEN,14,,1.0
106.0p,DOZEN,15,,1.0
106.1,DOZEN,15,,1.0
106.1p,DOZEN,1,,1.0
106.2,DOZEN,14,,1.0
106.2p,DOZEN,2,,1.0
107.0,DOZEN,15,,1.0
107.0p,DOZEN,14,,1.0
107.0p,DOZEN,15,,1.0
107.1,DOZEN,15,,1.0
107.1p,DOZEN,1,,1.0
107.2,DOZEN,14,,1.0
107.2p,DOZEN,2,,1.0
114.1,DOZEN,9,,1.0
114.1p,DOZEN,9,,1.0
115.1,DOZEN,9,,1.0
115.1p,DOZEN,9,,1.0
116.1,DOZEN,9,,1.0
116.1p,DOZEN,9,,1.0
117.1,DOZEN,9,,1.0
117.1p,DOZEN,9,,1.0
118.1,DOZEN,9,,1.0
118.1p,DOZEN,9,,1.0
119.1,DOZEN,9,,1.0
119.1p,DOZEN,9,,1.0
120.1,DOZEN,9,,1.0
120.1p,DOZEN,9,,1.0
121.1,DOZEN,8,,1.0
121.1p,DOZEN,8,,1.0
122.1,DOZEN,8,,1.0
122.1p,DOZEN,8,,1.0
123.1,DOZEN,8,,1.0
123.1p,DOZEN,8,,1.0
128.1,DOZEN,3,,1.0
128.1p,DOZEN,3,,1.0
128.2,DOZEN,3,,1.0
128.2p,DOZEN,3,,1.0
141.1,DOZEN,3,,1.0
141.1p,DOZEN,3,,1.0
141.2,DOZEN,3,,1.0
141.2p,DOZEN,3,,1.0
141.3,DOZEN,10,,1.0
141.3p,DOZEN,10,,1.0
141.4,DOZEN,11,,1.0
141.4p,DOZEN,11,,1.0
150.1,DOZEN,3,,1.0
150.1p,DOZEN,3,,1.0
150.2,DOZEN,10,,1.0
150.2p,DOZEN,10,,1.0
150.3,DOZEN,11,,1.0
150.3p,DOZEN,11,,1.0
150.4,DOZEN,11,,1.0
150.4p,DOZEN,11,,1.0
151.1,DOZEN,3,,1.0
151.1p,DOZEN,3,,1.0
151.2,DOZEN,10,,1.0
151.2p,DOZEN,10,,1.0
151.3,DOZEN,10,,1.0
151.3p,DOZEN,10,,1.0
151.4,DOZEN,11,,1.0
151.4p,DOZEN,11,,1.0
152.1,DOZEN,3,,1.0
152.1p,DOZEN,3,,1.0
152.2,DOZEN,10,,1.0
152.2p,DOZEN,10,,1.0
152.3,DOZEN,11,,1.0
152.3p,DOZEN,11,,1.0
152.4,DOZEN,11,,1.0
152.4p,DOZEN,11,,1.0
153.1,DOZEN,3,,1.0
153.1p,DOZEN,3,,1.0
153.2,DOZEN,10,,1.0
153.2p,DOZEN,10,,1.0
153.3,DOZEN,11,,1.0
153.3p,DOZEN,11,,1.0
153.4,DOZEN,11,,1.0
153.4p,DOZEN,11,,1.0
160.1,DOZEN,11,,1.0
160.1p,DOZEN,11,,1.0
161.0,DOZEN,10,,1.0
161.0p,DOZEN,10,,1.0
161.1,DOZEN,10,,1.0
161.1p,DOZEN,10,,1.0
161.2,DOZEN,11,,1.0
161.2p,DOZEN,11,,1.0
200.0,DOZEN,3,,1.0
200.0p,DOZEN,3,,1.0
200.1,DOZEN,3,,1.0
200.1p,DOZEN,3,,1.0
200.2,DOZEN,3,,1.0
200.2p,DOZEN,3,,1.0
200.3,DOZEN,3,,1.0
200.3p,DOZEN,3,,1.0
200.4,DOZEN,3,,1.0
200.4p,DOZEN,3,,1.0
200.5,DOZEN,3,,1.0
200.5p,DOZEN,3,,1.0
200.6,DOZEN,3,,1.0
200.6p,DOZEN,3,,1.0
200.7,DOZEN,3,,1.0
200.7p,DOZEN,3,,1.0
200.8,DOZEN,3,,1.0
200.8p,DOZEN,3,,1.0
200.9,DOZEN,3,,1.0
200.9p,DOZEN,3,,1.0
201.0,DOZEN,9,,1.0
201.0p,DOZEN,9,,1.0
201.1,DOZEN,9,,1.0
201.1p,DOZEN,9,,1.0
201.2,DOZEN,9,,1.0
201.2p,DOZEN,9,,1.0
201.3,DOZEN,9,,1.0
201.3p,DOZEN,9,,1.0
201.4,DOZEN,9,,1.0
201.4p,DOZEN,9,,1.0
201.5,DOZEN,9,,1.0
201.5p,DOZEN,9,,1.0
201.6,DOZEN,9,,1.0
201.6p,DOZEN,9,,1.0
202.0,DOZEN,10,,1.0
202.0p,DOZEN,10,,1.0
202.1,DOZEN,10,,1.0
202.1p,DOZEN,10,,1.0
202.2,DOZEN,10,,1.0
202.2p,DOZEN,10,,1.0
202.3,DOZEN,10,,1.0
202.3p,DOZEN,10,,1.0
202.4,DOZEN,10,,1.0
202.4p,DOZEN,10,,1.0
204.0,DOZEN,10,,1.0
204.0p,DOZEN,10,,1.0
204.1,DOZEN,10,,1.0
204.1p,DOZEN,10,,1.0
204.2,DOZEN,10,,1.0
204.2p,DOZEN,10,,1.0
204.3,DOZEN,10,,1.0
204.3p,DOZEN,10,,1.0
206.1,DOZEN,3,,1.0
206.1p,DOZEN,3,,1.0
206.2,DOZEN,3,,1.0
206.2p,DOZEN,3,,1.0
206.3,DOZEN,3,,1.0
206.3p,DOZEN,3,,1.0
206.4,DOZEN,3,,1.0
206.4p,DOZEN,3,,1.0
207.0,DOZEN,3,,1.0
207.0p,DOZEN,3,,1.0
207.1,DOZEN,3,,1.0
207.1p,DOZEN,3,,1.0
207.2,DOZEN,3,,1.0
207.2p,DOZEN,3,,1.0
207.3,DOZEN,3,,1.0
207.3p,DOZEN,3,,1.0
207.4,DOZEN,4,,1.0
207.4p,DOZEN,4,,1.0
209.0,DOZEN,3,,1.0
209.0p,DOZEN,3,,1.0
209.1,DOZEN,3,,1.0
209.1p,DOZEN,3,,1.0
209.2,DOZEN,3,,1.0
209.2p,DOZEN,3,,1.0
209.3,DOZEN,3,,1.0
209.3p,DOZEN,3,,1.0
209.4,DOZEN,3,,1.0
209.4p,DOZEN,3,,1.0
209.5,DOZEN,4,,1.0
209.5p,DOZEN,4,,1.0
210.0,DOZEN,3,,1.0
210.0p,DOZEN,3,,1.0
210.1,DOZEN,3,,1.0
210.1p,DOZEN,3,,1.0
210.2,DOZEN,3,,1.0
210.2p,DOZEN,3,,1.0
210.3,DOZEN,3,,1.0
210.3p,DOZEN,3,,1.0
210.4,DOZEN,4,,1.0
210.4p,DOZEN,4,,1.0
230.1,DOZEN,9,,1.0
230.1p,DOZEN,9,,1.0
231.1,DOZEN,9,,1.0
231.1p,DOZEN,9,,1.0
232.1,DOZEN,9,,1.0
232.1p,DOZEN,9,,1.0
233.1,DOZEN,9,,1.0
233.1p,DOZEN,9,,1.0
234.1,DOZEN,9,,1.0
234.1p,DOZEN,9,,1.0
235.1,DOZEN,9,,1.0
235.1p,DOZEN,9,,1.0
236.0,DOZEN,1,,1.0
236.0p,DOZEN,14,,1.0
236.1,DOZEN,9,,1.0
236.1p,DOZEN,9,,1.0
237.0,DOZEN,15,,1.0
237.0p,DOZEN,14,,1.0
237.0p,DOZEN,15,,1.0
237.1,DOZEN,9,,1.0
237.1p,DOZEN,9,,1.0
249.0,DOZEN,15,,1.0
249.0p,DOZEN,1,,1.0
249.1,DOZEN,15,,1.0
249.1p,DOZEN,14,,1.0
249.1p,DOZEN,15,,1.0
249.2,DOZEN,14,,1.0
249.2p,DOZEN,2,,1.0
249.3,DOZEN,15,,1.0
249.3p,DOZEN,14,,1.0
249.3p,DOZEN,15,,1.0
249.4,DOZEN,14,,1.0
249.4p,DOZEN,2,,1.0
250.1,DOZEN,11,,1.0
250.1p,DOZEN,11,,1.0
250.2,DOZEN,11,,1.0
250.2p,DOZEN,11,,1.0
251.1,DOZEN,11,,1.0
251.1p,DOZEN,11,,1.0
251.2,DOZEN,11,,1.0
251.2p,DOZEN,11,,1.0
252.1,DOZEN,11,,1.0
252.1p,DOZEN,11,,1.0
252.2,DOZEN,11,,1.0
252.2p,DOZEN,11,,1.0
253.1,DOZEN,3,,1.0
253.1p,DOZEN,3,,1.0
253.2,DOZEN,10,,1.0
253.2p,DOZEN,10,,1.0
254.1,DOZEN,11,,1.0
254.1p,DOZEN,11,,1.0
254.2,DOZEN,11,,1.0
254.2p,DOZEN,11,,1.0
255.1,DOZEN,11,,1.0
255.1p,DOZEN,11,,1.0
255.2,DOZEN,11,,1.0
255.2p,DOZEN,11,,1.0
256.1,DOZEN,11,,1.0
256.1p,DOZEN,11,,1.0
256.2,DOZEN,11,,1.0
256.2p,DOZEN,11,,1.0
257.1,DOZEN,11,,1.0
257.1p,DOZEN,11,,1.0
257.2,DOZEN,11,,1.0
257.2p,DOZEN,11,,1.0
258.1,DOZEN,11,,1.0
258.1p,DOZEN,11,,1.0
258.2,DOZEN,11,,1.0
258.2p,DOZEN,11,,1.0
259.1,DOZEN,11,,1.0
259.1p,DOZEN,11,,1.0
259.2,DOZEN,11,,1.0
259.2p,DOZEN,11,,1.0
260.1,DOZEN,11,,1.0
260.1p,DOZEN,11,,1.0
260.2,DOZEN,11,,1.0
260.2p,DOZEN,11,,1.0
261.1,DOZEN,11,,1.0
261.1p,DOZEN,11,,1.0
261.2,DOZEN,11,,1.0
261.2p,DOZEN,11,,1.0
262.1,DOZEN,11,,1.0
262.1p,DOZEN,11,,1.0
262.2,DOZEN,11,,1.0
262.2p,DOZEN,11,,1.0
263.1,DOZEN,3,,1.0
263.1p,DOZEN,3,,1.0
263.2,DOZEN,10,,1.0
263.2p,DOZEN,10,,1.0
264.1,DOZEN,3,,1.0
264.1p,DOZEN,3,,1.0
264.2,DOZEN,3,,1.0
264.2p,DOZEN,3,,1.0
269.1,DOZEN,15,,1.0
269.1p,DOZEN,1,,1.0
270.0,DOZEN,8,,1.0
270.0p,DOZEN,8,,1.0
270.1,DOZEN,8,,1.0
270.1p,DOZEN,8,,1.0
270.2,DOZEN,9,,1.0
270.2p,DOZEN,9,,1.0
271.1,DOZEN,8,,1.0
271.1p,DOZEN,8,,1.0
271.2,DOZEN,9,,1.0
271.2p,DOZEN,9,,1.0
272.1,DOZEN,3,,1.0
272.1p,DOZEN,3,,1.0
272.2,DOZEN,4,,1.0
272.2p,DOZEN,4,,1.0
272.3,DOZEN,4,,1.0
272.3p,DOZEN,4,,1.0
273.1,DOZEN,3,,1.0
273.1p,DOZEN,3,,1.0
273.2,DOZEN,4,,1.0
273.2p,DOZEN,4,,1.0
273.3,DOZEN,4,,1.0
273.3p,DOZEN,4,,1.0
274.1,DOZEN,7,,1.0
274.1p,DOZEN,7,,1.0
274.2,DOZEN,7,,1.0
274.2p,DOZEN,7,,1.0
274.3,DOZEN,7,,1.0
274.3p,DOZEN,7,,1.0
274.4,DOZEN,7,,1.0
274.4p,DOZEN,7,,1.0
274.5,DOZEN,7,,1.0
274.5p,DOZEN,7,,1.0
275.1,DOZEN,3,,1.0
275.1p,DOZEN,3,,1.0
275.2,DOZEN,10,,1.0
275.2p,DOZEN,10,,1.0
276.1,DOZEN,3,,1.0
276.1p,DOZEN,3,,1.0
276.2,DOZEN,10,,1.0
276.2p,DOZEN,10,,1.0
277.1,DOZEN,3,,1.0
277.1p,DOZEN,3,,1.0
277.2,DOZEN,10,,1.0
277.2p,DOZEN,10,,1.0
278.1,DOZEN,3,,1.0
278.1p,DOZEN,3,,1.0
278.2,DOZEN,10,,1.0
278.2p,DOZEN,10,,1.0
279.1,DOZEN,10,,1.0
279.1p,DOZEN,10,,1.0
279.2,DOZEN,11,,1.0
279.2p,DOZEN,11,,1.0
279.3,DOZEN,10,,1.0
279.3p,DOZEN,10,,1.0
279.4,DOZEN,10,,1.0
279.4p,DOZEN,10,,1.0
280.1,DOZEN,3,,1.0
280.1p,DOZEN,3,,1.0
280.2,DOZEN,3,,1.0
280.2p,DOZEN,3,,1.0
281.1,DOZEN,3,,1.0
281.1p,DOZEN,3,,1.0
281.2,DOZEN,3,,1.0
281.2p,DOZEN,3,,1.0
281.3,DOZEN,4,,1.0
281.3p,DOZEN,4,,1.0
282.1,DOZEN,3,,1.0
282.1p,DOZEN,3,,1.0
282.2,DOZEN,3,,1.0
282.2p,DOZEN,3,,1.0
282.3,DOZEN,4,,1.0
282.3p,DOZEN,4,,1.0
283.1,DOZEN,3,,1.0
283.1p,DOZEN,3,,1.0
283.2,DOZEN,3,,1.0
283.2p,DOZEN,3,,1.0
283.3,DOZEN,4,,1.0
283.3p,DOZEN,4,,1.0
290.1,DOZEN,3,,1.0
290.1p,DOZEN,3,,1.0
290.2,DOZEN,3,,1.0
290.2p,DOZEN,3,,1.0
291.1,DOZEN,3,,1.0
291.1p,DOZEN,3,,1.0
291.2,DOZEN,3,,1.0
291.2p,DOZEN,3,,1.0
292.1,DOZEN,3,,1.0
292.1p,DOZEN,3,,1.0
292.2,DOZEN,3,,1.0
292.2p,DOZEN,3,,1.0
293.1,DOZEN,3,,1.0
293.1p,DOZEN,3,,1.0
293.2,DOZEN,3,,1.0
293.2p,DOZEN,3,,1.0
294.1,DOZEN,3,,1.0
294.1p,DOZEN,3,,1.0
294.2,DOZEN,3,,1.0
294.2p,DOZEN,3,,1.0
295.1,DOZEN,3,,1.0
295.1p,DOZEN,3,,1.0
295.2,DOZEN,3,,1.0
295.2p,DOZEN,3,,1.0
296.1,DOZEN,3,,1.0
296.1p,DOZEN,3,,1.0
296.2,DOZEN,3,,1.0
296.2p,DOZEN,3,,1.0
297.1,DOZEN,3,,1.0
297.1p,DOZEN,3,,1.0
297.2,DOZEN,10,,1.0
297.2p,DOZEN,10,,1.0
298.1,DOZEN,3,,1.0
298.1p,DOZEN,3,,1.0
298.2,DOZEN,10,,1.0
298.2p,DOZEN,10,,1.0
299.1,DOZEN,3,,1.0
299.1p,DOZEN,3,,1.0
299.2,DOZEN,10,,1.0
299.2p,DOZEN,10,,1.0
300.1,DOZEN,3,,1.0
300.1p,DOZEN,3,,1.0
300.2,DOZEN,10,,1.0
300.2p,DOZEN,10,,1.0
301.1,DOZEN,3,,1.0
301.1p,DOZEN,3,,1.0
301.2,DOZEN,10,,1.0
301.2p,DOZEN,10,,1.0
302.1,DOZEN,3,,1.0
302.1p,DOZEN,3,,1.0
302.2,DOZEN,10,,1.0
302.2p,DOZEN,10,,1.0
303.1,DOZEN,3,,1.0
303.1p,DOZEN,3,,1.0
303.2,DOZEN,10,,1.0
303.2p,DOZEN,10,,1.0
304.1,DOZEN,3,,1.0
304.1p,DOZEN,3,,1.0
304.2,DOZEN,10,,1.0
304.2p,DOZEN,10,,1.0
305.1,DOZEN,3,,1.0
305.1p,DOZEN,3,,1.0
305.2,DOZEN,10,,1.0
305.2p,DOZEN,10,,1.0
306.1,DOZEN,10,,1.0
306.1p,DOZEN,10,,1.0
306.2,DOZEN,10,,1.0
306.2p,DOZEN,10,,1.0
306.3,DOZEN,3,,1.0
306.3p,DOZEN,3,,1.0
306.4,DOZEN,3,,1.0
306.4p,DOZEN,3,,1.0
310.1,DOZEN,KB,,1.0
310.1p,DOZEN,KB,,1.0
310.2,DOZEN,KB,,1.0
310.2p,DOZEN,KB,,1.0
330.1,DOZEN,3,,1.0
330.1p,DOZEN,3,,1.0
330.2,DOZEN,3,,1.0
330.2p,DOZEN,3,,1.0
331.1,DOZEN,3,,1.0
331.1p,DOZEN,3,,1.0
331.2,DOZEN,3,,1.0
331.2p,DOZEN,3,,1.0
332.1,DOZEN,3,,1.0
332.1p,DOZEN,3,,1.0
332.2,DOZEN,3,,1.0
332.2p,DOZEN,3,,1.0
333.1,DOZEN,3,,1.0
333.1p,DOZEN,3,,1.0
333.2,DOZEN,3,,1.0
333.2p,DOZEN,3,,1.0
340.1,DOZEN,3,,1.0
340.1p,DOZEN,3,,1.0
340.2,DOZEN,3,,1.0
340.2p,DOZEN,3,,1.0
341.1,DOZEN,3,,1.0
341.1p,DOZEN,3,,1.0
341.2,DOZEN,3,,1.0
341.2p,DOZEN,3,,1.0
342.1,DOZEN,3,,1.0
342.1p,DOZEN,3,,1.0
342.2,DOZEN,3,,1.0
342.2p,DOZEN,3,,1.0
343.1,DOZEN,3,,1.0
343.1p,DOZEN,3,,1.0
343.2,DOZEN,3,,1.0
343.2p,DOZEN,3,,1.0
345.1,DOZEN,3,,1.0
345.1p,DOZEN,3,,1.0
345.2,DOZEN,3,,1.0
345.2p,DOZEN,3,,1.0
346.1,DOZEN,3,,1.0
346.1p,DOZEN,3,,1.0
346.2,DOZEN,3,,1.0
346.2p,DOZEN,3,,1.0
347.1,DOZEN,3,,1.0
347.1p,DOZEN,3,,1.0
347.2,DOZEN,3,,1.0
347.2p,DOZEN,3,,1.0
348.1,DOZEN,3,,1.0
348.1p,DOZEN,3,,1.0
348.2,DOZEN,3,,1.0
348.2p,DOZEN,3,,1.0
T001,DOZEN,3,,1.0
T001p,DOZEN,3,,1.0
T002,DOZEN,10,,1.0
T002p,DOZEN,10,,1.0
T003,DOZEN,3,,1.0
T003p,DOZEN,3,,1.0
T004,DOZEN,10,,1.0
T004p,DOZEN,10,,1.0
T005,DOZEN,10,,1.0
T005p,DOZEN,10,,1.0
T006,DOZEN,KB,,1.0
T006p,DOZEN,KB,,1.0
T007,DOZEN,KB,,1.0
T007p,DOZEN,KB,,1.0
T008,DOZEN,KB,,1.0
T008p,DOZEN,KB,,1.0
T009,DOZEN,KB,,1.0
T009p,DOZEN,KB,,1.0
T010,DOZEN,4,,1.0
T010p,DOZEN,4,,1.0
T011,DOZEN,EUR40,,1.0
T011p,DOZEN,EUR40,,1.0
T012,DOZEN,EUR40,,1.0
T012p,DOZEN,EUR40,,1.0
