ordernummer,datum,kanaal,pakketnummer,aantal
migratie-Amazon-2026-07-01-71.4,2026-07-01,Amazon,71.4,1.0
migratie-Amazon-2026-07-01-249.2,2026-07-01,Amazon,249.2,3.0
migratie-Amazon-2026-07-01-249.3,2026-07-01,Amazon,249.3,1.0
migratie-Amazon-2026-07-01-250.1,2026-07-01,Amazon,250.1,1.0
migratie-Amazon-2026-07-01-280.1,2026-07-01,Amazon,280.1,1.0
migratie-Amazon-2026-07-01-280.2,2026-07-01,Amazon,280.2,1.0
migratie-Amazon-2026-07-02-71.4,2026-07-02,Amazon,71.4,1.0
migratie-Amazon-2026-07-02-249.2,2026-07-02,Amazon,249.2,1.0
migratie-Amazon-2026-07-02-249.3,2026-07-02,Amazon,249.3,3.0
migratie-Amazon-2026-07-02-280.1,2026-07-02,Amazon,280.1,1.0
migratie-Amazon-2026-07-03-249.3,2026-07-03,Amazon,249.3,3.0
migratie-Amazon-2026-07-03-280.1,2026-07-03,Amazon,280.1,3.0
migratie-Amazon-2026-07-06-50.2,2026-07-06,Amazon,50.2,1.0
migratie-Amazon-2026-07-06-70.3,2026-07-06,Amazon,70.3,1.0
migratie-Amazon-2026-07-06-209.4,2026-07-06,Amazon,209.4,1.0
migratie-Amazon-2026-07-06-249.2,2026-07-06,Amazon,249.2,7.0
migratie-Amazon-2026-07-06-249.3,2026-07-06,Amazon,249.3,8.0
migratie-Amazon-2026-07-06-249.4,2026-07-06,Amazon,249.4,1.0
migratie-Amazon-2026-07-06-280.1,2026-07-06,Amazon,280.1,5.0
migratie-Amazon-2026-07-07-249.3,2026-07-07,Amazon,249.3,2.0
migratie-Amazon-2026-07-07-255.1,2026-07-07,Amazon,255.1,1.0
migratie-Amazon-2026-07-07-279.3,2026-07-07,Amazon,279.3,2.0
migratie-Amazon-2026-07-08-161.1,2026-07-08,Amazon,161.1,1.0
migratie-Amazon-2026-07-08-249.2,2026-07-08,Amazon,249.2,3.0
migratie-Amazon-2026-07-08-249.4,2026-07-08,Amazon,249.4,1.0
migratie-Amazon-2026-07-08-258.2,2026-07-08,Amazon,258.2,4.0
migratie-Amazon-2026-07-08-279.2,2026-07-08,Amazon,279.2,1.0
migratie-Amazon-2026-07-08-280.1,2026-07-08,Amazon,280.1,3.0
migratie-Amazon-2026-07-09-249.2,2026-07-09,Amazon,249.2,3.0
migratie-Amazon-2026-07-09-249.3,2026-07-09,Amazon,249.3,3.0
migratie-Amazon-2026-07-09-249.4,2026-07-09,Amazon,249.4,1.0
migratie-Amazon-2026-07-09-279.3,2026-07-09,Amazon,279.3,1.0
migratie-Amazon-2026-07-10-70.7,2026-07-10,Amazon,70.7,1.0
migratie-Amazon-2026-07-10-70.12,2026-07-10,Amazon,70.12,1.0
migratie-Amazon-2026-07-10-249.3,2026-07-10,Amazon,249.3,3.0
migratie-Amazon-2026-07-10-279.3,2026-07-10,Amazon,279.3,2.0
migratie-Amazon-2026-07-10-280.1,2026-07-10,Amazon,280.1,3.0
migratie-Amazon-2026-07-10-280.2,2026-07-10,Amazon,280.2,3.0
migratie-Amazon-2026-07-13-50.2,2026-07-13,Amazon,50.2,1.0
migratie-Amazon-2026-07-13-161.0,2026-07-13,Amazon,161.0,1.0
migratie-Amazon-2026-07-13-161.1,2026-07-13,Amazon,161.1,1.0
migratie-Amazon-2026-07-13-249.2,2026-07-13,Amazon,249.2,6.0
migratie-Amazon-2026-07-13-249.3,2026-07-13,Amazon,249.3,15.0
migratie-Amazon-2026-07-13-249.4,2026-07-13,Amazon,249.4,6.0
migratie-Amazon-2026-07-13-263.2,2026-07-13,Amazon,263.2,2.0
migratie-Amazon-2026-07-13-279.2,2026-07-13,Amazon,279.2,1.0
migratie-Amazon-2026-07-13-280.1,2026-07-13,Amazon,280.1,9.0
migratie-Amazon-2026-07-13-280.2,2026-07-13,Amazon,280.2,1.0
migratie-Amazon-2026-07-14-50.1,2026-07-14,Amazon,50.1,2.0
migratie-Amazon-2026-07-14-71.2,2026-07-14,Amazon,71.2,1.0
migratie-Amazon-2026-07-14-141.3,2026-07-14,Amazon,141.3,1.0
migratie-Amazon-2026-07-14-249.2,2026-07-14,Amazon,249.2,1.0
migratie-Amazon-2026-07-14-249.3,2026-07-14,Amazon,249.3,5.0
migratie-Amazon-2026-07-14-263.1,2026-07-14,Amazon,263.1,1.0
migratie-Amazon-2026-07-14-280.1,2026-07-14,Amazon,280.1,2.0
migratie-Amazon-2026-07-15-50.2,2026-07-15,Amazon,50.2,1.0
migratie-Amazon-2026-07-15-71.4,2026-07-15,Amazon,71.4,2.0
migratie-Amazon-2026-07-15-249.2,2026-07-15,Amazon,249.2,1.0
migratie-Amazon-2026-07-15-249.3,2026-07-15,Amazon,249.3,4.0
migratie-Amazon-2026-07-15-249.4,2026-07-15,Amazon,249.4,3.0
migratie-Amazon-2026-07-15-280.1,2026-07-15,Amazon,280.1,2.0
migratie-Amazon-2026-07-15-280.2,2026-07-15,Amazon,280.2,2.0
migratie-Amazon-2026-07-16-161.1,2026-07-16,Amazon,161.1,1.0
migratie-Amazon-2026-07-16-249.2,2026-07-16,Amazon,249.2,2.0
migratie-Amazon-2026-07-16-249.3,2026-07-16,Amazon,249.3,1.0
migratie-Amazon-2026-07-16-249.4,2026-07-16,Amazon,249.4,2.0
migratie-Amazon-2026-07-16-251.2,2026-07-16,Amazon,251.2,2.0
migratie-Amazon-2026-07-16-258.2,2026-07-16,Amazon,258.2,4.0
migratie-Amazon-2026-07-16-263.1,2026-07-16,Amazon,263.1,2.0
migratie-Amazon-2026-07-16-275.1,2026-07-16,Amazon,275.1,1.0
migratie-Amazon-2026-07-16-280.1,2026-07-16,Amazon,280.1,1.0
migratie-Amazon-2026-07-17-71.4,2026-07-17,Amazon,71.4,1.0
migratie-Amazon-2026-07-17-249.2,2026-07-17,Amazon,249.2,2.0
migratie-Amazon-2026-07-17-249.3,2026-07-17,Amazon,249.3,1.0
migratie-Amazon-2026-07-17-249.4,2026-07-17,Amazon,249.4,2.0
migratie-Amazon-2026-07-17-263.1,2026-07-17,Amazon,263.1,4.0
migratie-Amazon-2026-07-17-280.1,2026-07-17,Amazon,280.1,2.0
migratie-Amazon-2026-07-20-70.3,2026-07-20,Amazon,70.3,1.0
migratie-Amazon-2026-07-20-71.2,2026-07-20,Amazon,71.2,1.0
migratie-Amazon-2026-07-20-71.6,2026-07-20,Amazon,71.6,1.0
migratie-Amazon-2026-07-20-71.7,2026-07-20,Amazon,71.7,1.0
migratie-Amazon-2026-07-20-141.4,2026-07-20,Amazon,141.4,1.0
migratie-Amazon-2026-07-20-161.0,2026-07-20,Amazon,161.0,1.0
migratie-Amazon-2026-07-20-161.1,2026-07-20,Amazon,161.1,1.0
migratie-Amazon-2026-07-20-161.2,2026-07-20,Amazon,161.2,1.0
migratie-Amazon-2026-07-20-249.2,2026-07-20,Amazon,249.2,3.0
migratie-Amazon-2026-07-20-249.3,2026-07-20,Amazon,249.3,3.0
migratie-Amazon-2026-07-20-249.4,2026-07-20,Amazon,249.4,1.0
migratie-Amazon-2026-07-20-263.1,2026-07-20,Amazon,263.1,3.0
migratie-Amazon-2026-07-20-263.2,2026-07-20,Amazon,263.2,3.0
migratie-Amazon-2026-07-20-270.2,2026-07-20,Amazon,270.2,2.0
migratie-Amazon-2026-07-20-280.1,2026-07-20,Amazon,280.1,9.0
migratie-Amazon-2026-07-20-280.2,2026-07-20,Amazon,280.2,2.0
migratie-Amazon-2026-07-21-249.2,2026-07-21,Amazon,249.2,2.0
migratie-Amazon-2026-07-21-249.3,2026-07-21,Amazon,249.3,4.0
migratie-Amazon-2026-07-21-263.2,2026-07-21,Amazon,263.2,1.0
migratie-Amazon-2026-07-21-274.1,2026-07-21,Amazon,274.1,1.0
migratie-Amazon-2026-07-21-280.1,2026-07-21,Amazon,280.1,1.0
migratie-Amazon-2026-07-21-280.2,2026-07-21,Amazon,280.2,1.0
migratie-Amazon-2026-07-22-249.3,2026-07-22,Amazon,249.3,2.0
migratie-Amazon-2026-07-22-259.2,2026-07-22,Amazon,259.2,1.0
migratie-Amazon-2026-07-22-280.1,2026-07-22,Amazon,280.1,1.0
migratie-Amazon-2026-07-23-249.2,2026-07-23,Amazon,249.2,2.0
migratie-Amazon-2026-07-23-249.3,2026-07-23,Amazon,249.3,1.0
migratie-Amazon-2026-07-23-280.2,2026-07-23,Amazon,280.2,2.0
migratie-Amazon-2026-07-24-71.4,2026-07-24,Amazon,71.4,1.0
migratie-Amazon-2026-07-24-249.2,2026-07-24,Amazon,249.2,4.0
migratie-Amazon-2026-07-24-249.3,2026-07-24,Amazon,249.3,2.0
migratie-Amazon-2026-07-24-249.4,2026-07-24,Amazon,249.4,1.0
migratie-Amazon-2026-07-24-279.3,2026-07-24,Amazon,279.3,1.0
migratie-Amazon-2026-07-24-279.4,2026-07-24,Amazon,279.4,1.0
migratie-Amazon-2026-07-24-280.1,2026-07-24,Amazon,280.1,1.0
migratie-Amazon-2026-07-27-50.1,2026-07-27,Amazon,50.1,1.0
migratie-Amazon-2026-07-27-249.2,2026-07-27,Amazon,249.2,8.0
migratie-Amazon-2026-07-27-249.3,2026-07-27,Amazon,249.3,10.0
migratie-Amazon-2026-07-27-249.4,2026-07-27,Amazon,249.4,5.0
migratie-Amazon-2026-07-27-270.1,2026-07-27,Amazon,270.1,1.0
migratie-Amazon-2026-07-27-276.1,2026-07-27,Amazon,276.1,1.0
migratie-Amazon-2026-07-27-278.1,2026-07-27,Amazon,278.1,1.0
migratie-Amazon-2026-07-27-279.3,2026-07-27,Amazon,279.3,1.0
migratie-Amazon-2026-07-27-280.1,2026-07-27,Amazon,280.1,7.0
migratie-Amazon-2026-07-27-280.2,2026-07-27,Amazon,280.2,2.0
migratie-Amazon-2026-07-28-161.1,2026-07-28,Amazon,161.1,1.0
migratie-Amazon-2026-07-28-249.2,2026-07-28,Amazon,249.2,1.0
migratie-Amazon-2026-07-28-249.4,2026-07-28,Amazon,249.4,1.0
migratie-Amazon-2026-07-28-279.3,2026-07-28,Amazon,279.3,1.0
migratie-Amazon-2026-07-28-280.1,2026-07-28,Amazon,280.1,1.0
migratie-Amazon-2026-07-29-50.1,2026-07-29,Amazon,50.1,1.0
migratie-Amazon-2026-07-29-249.2,2026-07-29,Amazon,249.2,1.0
migratie-Amazon-2026-07-29-249.3,2026-07-29,Amazon,249.3,1.0
migratie-Amazon-2026-07-29-249.4,2026-07-29,Amazon,249.4,1.0
migratie-Amazon-2026-07-29-279.4,2026-07-29,Amazon,279.4,2.0
migratie-Amazon-2026-07-29-280.1,2026-07-29,Amazon,280.1,1.0
migratie-Amazon-2026-07-30-209.2,2026-07-30,Amazon,209.2,1.0
migratie-Amazon-2026-07-30-249.2,2026-07-30,Amazon,249.2,2.0
migratie-Amazon-2026-07-30-249.3,2026-07-30,Amazon,249.3,6.0
migratie-Amazon-2026-07-30-249.4,2026-07-30,Amazon,249.4,3.0
migratie-Amazon-2026-07-30-280.1,2026-07-30,Amazon,280.1,2.0
migratie-Amazon-2026-07-30-280.2,2026-07-30,Amazon,280.2,1.0
migratie-Amazon-2026-07-31-71.5,2026-07-31,Amazon,71.5,1.0
migratie-Amazon-2026-07-31-200.7,2026-07-31,Amazon,200.7,1.0
migratie-Amazon-2026-07-31-249.3,2026-07-31,Amazon,249.3,4.0
migratie-Amazon-2026-07-31-280.1,2026-07-31,Amazon,280.1,3.0
migratie-Amazon-2026-07-31-280.2,2026-07-31,Amazon,280.2,1.0
migratie-Amazon-2026-08-03-71.6,2026-08-03,Amazon,71.6,1.0
migratie-Amazon-2026-08-03-210.3,2026-08-03,Amazon,210.3,1.0
migratie-Amazon-2026-08-03-231.1,2026-08-03,Amazon,231.1,5.0
migratie-Amazon-2026-08-03-232.1,2026-08-03,Amazon,232.1,3.0
migratie-Amazon-2026-08-03-249.2,2026-08-03,Amazon,249.2,5.0
migratie-Amazon-2026-08-03-249.3,2026-08-03,Amazon,249.3,3.0
migratie-Amazon-2026-08-03-249.4,2026-08-03,Amazon,249.4,4.0
migratie-Amazon-2026-08-03-251.2,2026-08-03,Amazon,251.2,1.0
migratie-Amazon-2026-08-03-280.1,2026-08-03,Amazon,280.1,7.0
migratie-Amazon-2026-08-04-249.2,2026-08-04,Amazon,249.2,1.0
migratie-Amazon-2026-08-04-249.4,2026-08-04,Amazon,249.4,2.0
migratie-Amazon-2026-08-04-251.1,2026-08-04,Amazon,251.1,2.0
migratie-Amazon-2026-08-04-252.2,2026-08-04,Amazon,252.2,2.0
migratie-Amazon-2026-08-04-258.2,2026-08-04,Amazon,258.2,1.0
migratie-Amazon-2026-08-04-275.1,2026-08-04,Amazon,275.1,2.0
migratie-Amazon-2026-08-04-277.1,2026-08-04,Amazon,277.1,1.0
migratie-Amazon-2026-08-04-280.1,2026-08-04,Amazon,280.1,1.0
migratie-Amazon-2026-08-05-71.4,2026-08-05,Amazon,71.4,1.0
migratie-Amazon-2026-08-05-161.0,2026-08-05,Amazon,161.0,1.0
migratie-Amazon-2026-08-05-231.1,2026-08-05,Amazon,231.1,1.0
migratie-Amazon-2026-08-05-280.1,2026-08-05,Amazon,280.1,2.0
migratie-Amazon-2026-08-06-71.5,2026-08-06,Amazon,71.5,1.0
migratie-Amazon-2026-08-06-279.4,2026-08-06,Amazon,279.4,1.0
migratie-Amazon-2026-08-07-280.2,2026-08-07,Amazon,280.2,2.0
migratie-Amazon-2026-08-10-71.3,2026-08-10,Amazon,71.3,2.0
migratie-Amazon-2026-08-10-71.4,2026-08-10,Amazon,71.4,1.0
migratie-Amazon-2026-08-10-210.0,2026-08-10,Amazon,210.0,1.0
migratie-Amazon-2026-08-10-210.1,2026-08-10,Amazon,210.1,1.0
migratie-Amazon-2026-08-10-249.1,2026-08-10,Amazon,249.1,2.0
migratie-Amazon-2026-08-10-249.2,2026-08-10,Amazon,249.2,1.0
migratie-Amazon-2026-08-10-249.3,2026-08-10,Amazon,249.3,3.0
migratie-Amazon-2026-08-10-258.2,2026-08-10,Amazon,258.2,1.0
migratie-Amazon-2026-08-10-279.3,2026-08-10,Amazon,279.3,1.0
migratie-Amazon-2026-08-10-280.1,2026-08-10,Amazon,280.1,3.0
migratie-Amazon-2026-08-10-280.2,2026-08-10,Amazon,280.2,1.0
migratie-Amazon-2026-08-11-249.1,2026-08-11,Amazon,249.1,1.0
migratie-Amazon-2026-08-11-249.3,2026-08-11,Amazon,249.3,3.0
migratie-Amazon-2026-08-11-249.4,2026-08-11,Amazon,249.4,1.0
migratie-Amazon-2026-08-11-280.1,2026-08-11,Amazon,280.1,1.0
migratie-Amazon-2026-08-12-161.1,2026-08-12,Amazon,161.1,1.0
migratie-Amazon-2026-08-12-249.1,2026-08-12,Amazon,249.1,2.0
migratie-Amazon-2026-08-12-249.3,2026-08-12,Amazon,249.3,1.0
migratie-Amazon-2026-08-12-249.4,2026-08-12,Amazon,249.4,3.0
migratie-Amazon-2026-08-12-279.3,2026-08-12,Amazon,279.3,1.0
migratie-Amazon-2026-08-12-280.1,2026-08-12,Amazon,280.1,2.0
migratie-Amazon-2026-08-12-280.2,2026-08-12,Amazon,280.2,1.0
migratie-Amazon-2026-08-13-71.0,2026-08-13,Amazon,71.0,1.0
migratie-Amazon-2026-08-13-71.4,2026-08-13,Amazon,71.4,1.0
migratie-Amazon-2026-08-13-71.5,2026-08-13,Amazon,71.5,2.0
migratie-Amazon-2026-08-13-161.1,2026-08-13,Amazon,161.1,2.0
migratie-Amazon-2026-08-13-249.4,2026-08-13,Amazon,249.4,2.0
migratie-Amazon-2026-08-13-251.2,2026-08-13,Amazon,251.2,2.0
migratie-Amazon-2026-08-13-280.1,2026-08-13,Amazon,280.1,2.0
migratie-Amazon-2026-08-14-50.2,2026-08-14,Amazon,50.2,1.0
migratie-Amazon-2026-08-14-249.3,2026-08-14,Amazon,249.3,2.0
migratie-Amazon-2026-08-14-253.1,2026-08-14,Amazon,253.1,1.0
migratie-Amazon-2026-08-14-279.3,2026-08-14,Amazon,279.3,1.0
migratie-Amazon-2026-08-14-279.4,2026-08-14,Amazon,279.4,1.0
migratie-Amazon-2026-08-14-280.1,2026-08-14,Amazon,280.1,2.0
migratie-Amazon-2026-08-14-280.2,2026-08-14,Amazon,280.2,1.0
migratie-Amazon-2026-08-17-71.7,2026-08-17,Amazon,71.7,1.0
migratie-Amazon-2026-08-17-141.1,2026-08-17,Amazon,141.1,1.0
migratie-Amazon-2026-08-17-161.1,2026-08-17,Amazon,161.1,1.0
migratie-Amazon-2026-08-17-249.1,2026-08-17,Amazon,249.1,5.0
migratie-Amazon-2026-08-17-249.2,2026-08-17,Amazon,249.2,4.0
migratie-Amazon-2026-08-17-249.3,2026-08-17,Amazon,249.3,2.0
migratie-Amazon-2026-08-17-249.4,2026-08-17,Amazon,249.4,2.0
migratie-Amazon-2026-08-17-258.2,2026-08-17,Amazon,258.2,1.0
migratie-Amazon-2026-08-17-279.3,2026-08-17,Amazon,279.3,1.0
migratie-Amazon-2026-08-17-280.1,2026-08-17,Amazon,280.1,3.0
migratie-Amazon-2026-08-17-280.2,2026-08-17,Amazon,280.2,4.0
migratie-Amazon-2026-08-18-249.1,2026-08-18,Amazon,249.1,1.0
migratie-Amazon-2026-08-18-249.3,2026-08-18,Amazon,249.3,3.0
migratie-Amazon-2026-08-19-71.5,2026-08-19,Amazon,71.5,3.0
migratie-Amazon-2026-08-19-249.1,2026-08-19,Amazon,249.1,1.0
migratie-Amazon-2026-08-19-279.3,2026-08-19,Amazon,279.3,1.0
migratie-Amazon-2026-08-19-280.2,2026-08-19,Amazon,280.2,2.0
migratie-Amazon-2026-08-20-50.2,2026-08-20,Amazon,50.2,2.0
migratie-Amazon-2026-08-20-161.2,2026-08-20,Amazon,161.2,1.0
migratie-Amazon-2026-08-20-249.3,2026-08-20,Amazon,249.3,3.0
migratie-Amazon-2026-08-20-249.4,2026-08-20,Amazon,249.4,2.0
migratie-Amazon-2026-08-20-280.1,2026-08-20,Amazon,280.1,1.0
migratie-Amazon-2026-08-21-50.2,2026-08-21,Amazon,50.2,1.0
migratie-Amazon-2026-08-21-141.4,2026-08-21,Amazon,141.4,1.0
migratie-Amazon-2026-08-21-249.3,2026-08-21,Amazon,249.3,5.0
migratie-Amazon-2026-08-21-280.1,2026-08-21,Amazon,280.1,2.0
migratie-Amazon-2026-08-21-280.2,2026-08-21,Amazon,280.2,2.0
migratie-Amazon-2026-08-24-50.1,2026-08-24,Amazon,50.1,1.0
migratie-Amazon-2026-08-24-70.3,2026-08-24,Amazon,70.3,1.0
migratie-Amazon-2026-08-24-141.4,2026-08-24,Amazon,141.4,1.0
migratie-Amazon-2026-08-24-249.1,2026-08-24,Amazon,249.1,1.0
migratie-Amazon-2026-08-24-249.2,2026-08-24,Amazon,249.2,4.0
migratie-Amazon-2026-08-24-249.4,2026-08-24,Amazon,249.4,1.0
migratie-Amazon-2026-08-24-259.2,2026-08-24,Amazon,259.2,1.0
migratie-Amazon-2026-08-24-275.1,2026-08-24,Amazon,275.1,1.0
migratie-Amazon-2026-08-24-279.3,2026-08-24,Amazon,279.3,2.0
migratie-Amazon-2026-08-24-279.4,2026-08-24,Amazon,279.4,4.0
migratie-Amazon-2026-08-24-280.1,2026-08-24,Amazon,280.1,3.0
migratie-Amazon-2026-08-25-249.1,2026-08-25,Amazon,249.1,1.0
migratie-Amazon-2026-08-25-249.2,2026-08-25,Amazon,249.2,1.0
migratie-Amazon-2026-08-25-249.3,2026-08-25,Amazon,249.3,2.0
migratie-Amazon-2026-08-25-280.1,2026-08-25,Amazon,280.1,2.0
migratie-Amazon-2026-08-25-280.2,2026-08-25,Amazon,280.2,3.0
migratie-Amazon-2026-08-26-231.1,2026-08-26,Amazon,231.1,1.0
migratie-Amazon-2026-08-26-249.1,2026-08-26,Amazon,249.1,2.0
migratie-Amazon-2026-08-26-249.2,2026-08-26,Amazon,249.2,1.0
migratie-Amazon-2026-08-26-249.3,2026-08-26,Amazon,249.3,2.0
migratie-Amazon-2026-08-26-249.4,2026-08-26,Amazon,249.4,1.0
migratie-Amazon-2026-08-26-258.2,2026-08-26,Amazon,258.2,1.0
migratie-Amazon-2026-08-26-279.3,2026-08-26,Amazon,279.3,2.0
migratie-Amazon-2026-08-26-279.4,2026-08-26,Amazon,279.4,2.0
migratie-Amazon-2026-08-26-280.1,2026-08-26,Amazon,280.1,2.0
migratie-Amazon-2026-08-26-280.2,2026-08-26,Amazon,280.2,1.0
migratie-Amazon-2026-08-27-249.1,2026-08-27,Amazon,249.1,2.0
migratie-Amazon-2026-08-27-249.2,2026-08-27,Amazon,249.2,2.0
migratie-Amazon-2026-08-27-249.3,2026-08-27,Amazon,249.3,2.0
migratie-Amazon-2026-08-27-249.4,2026-08-27,Amazon,249.4,1.0
migratie-Amazon-2026-08-27-258.1,2026-08-27,Amazon,258.1,1.0
migratie-Amazon-2026-08-27-279.3,2026-08-27,Amazon,279.3,2.0
migratie-Amazon-2026-08-27-279.4,2026-08-27,Amazon,279.4,1.0
migratie-Amazon-2026-08-27-280.1,2026-08-27,Amazon,280.1,3.0
migratie-Amazon-2026-08-27-280.2,2026-08-27,Amazon,280.2,1.0
migratie-Amazon-2026-08-28-161.2,2026-08-28,Amazon,161.2,1.0
migratie-Amazon-2026-08-28-249.3,2026-08-28,Amazon,249.3,3.0
migratie-Amazon-2026-08-28-249.4,2026-08-28,Amazon,249.4,1.0
migratie-Amazon-2026-08-28-280.1,2026-08-28,Amazon,280.1,1.0
migratie-Amazon-2026-08-28-280.2,2026-08-28,Amazon,280.2,2.0
migratie-Amazon-2026-08-31-9.1,2026-08-31,Amazon,9.1,1.0
migratie-Amazon-2026-08-31-50.2,2026-08-31,Amazon,50.2,1.0
migratie-Amazon-2026-08-31-141.4,2026-08-31,Amazon,141.4,2.0
migratie-Amazon-2026-08-31-161.0,2026-08-31,Amazon,161.0,2.0
migratie-Amazon-2026-08-31-209.2,2026-08-31,Amazon,209.2,1.0
migratie-Amazon-2026-08-31-249.1,2026-08-31,Amazon,249.1,2.0
migratie-Amazon-2026-08-31-249.2,2026-08-31,Amazon,249.2,3.0
migratie-Amazon-2026-08-31-249.3,2026-08-31,Amazon,249.3,3.0
migratie-Amazon-2026-08-31-249.4,2026-08-31,Amazon,249.4,2.0
migratie-Amazon-2026-08-31-258.2,2026-08-31,Amazon,258.2,1.0
migratie-Amazon-2026-08-31-279.3,2026-08-31,Amazon,279.3,4.0
migratie-Amazon-2026-08-31-280.1,2026-08-31,Amazon,280.1,10.0
migratie-Amazon-2026-08-31-280.2,2026-08-31,Amazon,280.2,4.0
migratie-Amazon-2026-09-01-249.3,2026-09-01,Amazon,249.3,2.0
migratie-Amazon-2026-09-01-279.3,2026-09-01,Amazon,279.3,1.0
migratie-Amazon-2026-09-01-280.1,2026-09-01,Amazon,280.1,1.0
migratie-Amazon-2026-09-02-50.2,2026-09-02,Amazon,50.2,2.0
migratie-Amazon-2026-09-02-249.1,2026-09-02,Amazon,249.1,3.0
migratie-Amazon-2026-09-02-249.3,2026-09-02,Amazon,249.3,3.0
migratie-Amazon-2026-09-02-249.4,2026-09-02,Amazon,249.4,1.0
migratie-Amazon-2026-09-02-279.3,2026-09-02,Amazon,279.3,2.0
migratie-Amazon-2026-09-02-279.4,2026-09-02,Amazon,279.4,1.0
migratie-Amazon-2026-09-02-280.1,2026-09-02,Amazon,280.1,1.0
migratie-Amazon-2026-09-03-204.1,2026-09-03,Amazon,204.1,1.0
migratie-Amazon-2026-09-03-249.1,2026-09-03,Amazon,249.1,2.0
migratie-Amazon-2026-09-03-259.2,2026-09-03,Amazon,259.2,1.0
migratie-Amazon-2026-09-03-277.1,2026-09-03,Amazon,277.1,1.0
migratie-Amazon-2026-09-03-279.3,2026-09-03,Amazon,279.3,1.0
migratie-Amazon-2026-09-03-280.1,2026-09-03,Amazon,280.1,4.0
migratie-Amazon-2026-09-03-280.2,2026-09-03,Amazon,280.2,2.0
migratie-Amazon-2026-09-04-258.1,2026-09-04,Amazon,258.1,1.0
migratie-Amazon-2026-09-04-279.3,2026-09-04,Amazon,279.3,1.0
migratie-Amazon-2026-09-04-279.4,2026-09-04,Amazon,279.4,1.0
migratie-Amazon-2026-09-04-280.1,2026-09-04,Amazon,280.1,2.0
migratie-Amazon-2026-09-07-9.1,2026-09-07,Amazon,9.1,1.0
migratie-Amazon-2026-09-07-50.2,2026-09-07,Amazon,50.2,1.0
migratie-Amazon-2026-09-07-209.1,2026-09-07,Amazon,209.1,1.0
migratie-Amazon-2026-09-07-209.2,2026-09-07,Amazon,209.2,1.0
migratie-Amazon-2026-09-07-209.3,2026-09-07,Amazon,209.3,1.0
migratie-Amazon-2026-09-07-249.1,2026-09-07,Amazon,249.1,6.0
migratie-Amazon-2026-09-07-249.2,2026-09-07,Amazon,249.2,1.0
migratie-Amazon-2026-09-07-249.3,2026-09-07,Amazon,249.3,5.0
migratie-Amazon-2026-09-07-249.4,2026-09-07,Amazon,249.4,2.0
migratie-Amazon-2026-09-07-251.2,2026-09-07,Amazon,251.2,2.0
migratie-Amazon-2026-09-07-263.1,2026-09-07,Amazon,263.1,2.0
migratie-Amazon-2026-09-07-279.3,2026-09-07,Amazon,279.3,4.0
migratie-Amazon-2026-09-07-279.4,2026-09-07,Amazon,279.4,1.0
migratie-Amazon-2026-09-07-280.1,2026-09-07,Amazon,280.1,5.0
migratie-Amazon-2026-09-07-280.2,2026-09-07,Amazon,280.2,4.0
migratie-Amazon-2026-09-08-249.1,2026-09-08,Amazon,249.1,1.0
migratie-Amazon-2026-09-08-249.3,2026-09-08,Amazon,249.3,1.0
migratie-Amazon-2026-09-08-275.1,2026-09-08,Amazon,275.1,1.0
migratie-Amazon-2026-09-08-279.4,2026-09-08,Amazon,279.4,1.0
migratie-Amazon-2026-09-08-280.1,2026-09-08,Amazon,280.1,5.0
migratie-Amazon-2026-09-08-280.2,2026-09-08,Amazon,280.2,1.0
migratie-Amazon-2026-09-09-50.2,2026-09-09,Amazon,50.2,1.0
migratie-Amazon-2026-09-09-249.3,2026-09-09,Amazon,249.3,1.0
migratie-Amazon-2026-09-09-275.1,2026-09-09,Amazon,275.1,1.0
migratie-Amazon-2026-09-09-279.3,2026-09-09,Amazon,279.3,2.0
migratie-Amazon-2026-09-09-280.2,2026-09-09,Amazon,280.2,2.0
migratie-Amazon-2026-09-10-50.2,2026-09-10,Amazon,50.2,1.0
migratie-Amazon-2026-09-10-249.3,2026-09-10,Amazon,249.3,1.0
migratie-Amazon-2026-09-10-275.1,2026-09-10,Amazon,275.1,1.0
migratie-Amazon-2026-09-10-280.1,2026-09-10,Amazon,280.1,1.0
migratie-Amazon-2026-09-11-161.1,2026-09-11,Amazon,161.1,1.0
migratie-Amazon-2026-09-11-249.1,2026-09-11,Amazon,249.1,1.0
migratie-Amazon-2026-09-11-249.2,2026-09-11,Amazon,249.2,1.0
migratie-Amazon-2026-09-11-249.3,2026-09-11,Amazon,249.3,4.0
migratie-Amazon-2026-09-11-279.3,2026-09-11,Amazon,279.3,2.0
migratie-Amazon-2026-09-14-50.2,2026-09-14,Amazon,50.2,1.0
migratie-Amazon-2026-09-14-70.2,2026-09-14,Amazon,70.2,1.0
migratie-Amazon-2026-09-14-249.1,2026-09-14,Amazon,249.1,4.0
migratie-Amazon-2026-09-14-249.2,2026-09-14,Amazon,249.2,3.0
migratie-Amazon-2026-09-14-249.3,2026-09-14,Amazon,249.3,7.0
migratie-Amazon-2026-09-14-249.4,2026-09-14,Amazon,249.4,1.0
migratie-Amazon-2026-09-14-263.2,2026-09-14,Amazon,263.2,1.0
migratie-Amazon-2026-09-14-279.4,2026-09-14,Amazon,279.4,1.0
migratie-Amazon-2026-09-14-280.1,2026-09-14,Amazon,280.1,2.0
migratie-Amazon-2026-09-14-280.2,2026-09-14,Amazon,280.2,1.0
migratie-Amazon-2026-09-15-50.2,2026-09-15,Amazon,50.2,8.0
migratie-Amazon-2026-09-15-249.3,2026-09-15,Amazon,249.3,1.0
migratie-Amazon-2026-09-15-279.3,2026-09-15,Amazon,279.3,1.0
migratie-Amazon-2026-09-15-280.1,2026-09-15,Amazon,280.1,1.0
migratie-Amazon-2026-09-15-280.2,2026-09-15,Amazon,280.2,1.0
migratie-Amazon-2026-09-16-50.2,2026-09-16,Amazon,50.2,1.0
migratie-Amazon-2026-09-16-209.2,2026-09-16,Amazon,209.2,1.0
migratie-Amazon-2026-09-16-249.2,2026-09-16,Amazon,249.2,1.0
migratie-Amazon-2026-09-16-279.4,2026-09-16,Amazon,279.4,1.0
migratie-Amazon-2026-09-16-280.1,2026-09-16,Amazon,280.1,2.0
migratie-Amazon-2026-09-16-280.2,2026-09-16,Amazon,280.2,1.0
migratie-Amazon-2026-09-17-50.1,2026-09-17,Amazon,50.1,1.0
migratie-Amazon-2026-09-17-70.12,2026-09-17,Amazon,70.12,1.0
migratie-Amazon-2026-09-17-249.2,2026-09-17,Amazon,249.2,2.0
migratie-Amazon-2026-09-17-249.3,2026-09-17,Amazon,249.3,3.0
migratie-Amazon-2026-09-17-249.4,2026-09-17,Amazon,249.4,2.0
migratie-Amazon-2026-09-17-280.1,2026-09-17,Amazon,280.1,1.0
migratie-Bol.com-2026-07-01-70.7,2026-07-01,Bol.com,70.7,1.0
migratie-Bol.com-2026-07-01-232.1,2026-07-01,Bol.com,232.1,4.0
migratie-Bol.com-2026-07-01-237.1,2026-07-01,Bol.com,237.1,11.0
migratie-Bol.com-2026-07-01-279.1,2026-07-01,Bol.com,279.1,1.0
migratie-Bol.com-2026-07-02-8.12,2026-07-02,Bol.com,8.12,2.0
migratie-Bol.com-2026-07-02-8.19,2026-07-02,Bol.com,8.19,1.0
migratie-Bol.com-2026-07-02-249.1,2026-07-02,Bol.com,249.1,1.0
migratie-Bol.com-2026-07-02-249.2,2026-07-02,Bol.com,249.2,2.0
migratie-Bol.com-2026-07-02-249.3,2026-07-02,Bol.com,249.3,1.0
migratie-Bol.com-2026-07-03-53.2,2026-07-03,Bol.com,53.2,2.0
migratie-Bol.com-2026-07-03-237.1,2026-07-03,Bol.com,237.1,1.0
migratie-Bol.com-2026-07-06-8.12,2026-07-06,Bol.com,8.12,2.0
migratie-Bol.com-2026-07-06-32.1,2026-07-06,Bol.com,32.1,1.0
migratie-Bol.com-2026-07-06-53.2,2026-07-06,Bol.com,53.2,4.0
migratie-Bol.com-2026-07-06-70.2,2026-07-06,Bol.com,70.2,1.0
migratie-Bol.com-2026-07-06-249.1,2026-07-06,Bol.com,249.1,2.0
migratie-Bol.com-2026-07-06-249.2,2026-07-06,Bol.com,249.2,11.0
migratie-Bol.com-2026-07-06-249.3,2026-07-06,Bol.com,249.3,5.0
migratie-Bol.com-2026-07-06-249.4,2026-07-06,Bol.com,249.4,3.0
migratie-Bol.com-2026-07-06-279.1,2026-07-06,Bol.com,279.1,1.0
migratie-Bol.com-2026-07-07-249.2,2026-07-07,Bol.com,249.2,4.0
migratie-Bol.com-2026-07-07-249.3,2026-07-07,Bol.com,249.3,1.0
migratie-Bol.com-2026-07-07-249.4,2026-07-07,Bol.com,249.4,4.0
migratie-Bol.com-2026-07-07-253.2,2026-07-07,Bol.com,253.2,1.0
migratie-Bol.com-2026-07-07-275.1,2026-07-07,Bol.com,275.1,1.0
migratie-Bol.com-2026-07-07-280.2,2026-07-07,Bol.com,280.2,1.0
migratie-Bol.com-2026-07-08-8.12,2026-07-08,Bol.com,8.12,2.0
migratie-Bol.com-2026-07-08-249.1,2026-07-08,Bol.com,249.1,1.0
migratie-Bol.com-2026-07-08-249.2,2026-07-08,Bol.com,249.2,1.0
migratie-Bol.com-2026-07-08-249.4,2026-07-08,Bol.com,249.4,1.0
migratie-Bol.com-2026-07-08-252.2,2026-07-08,Bol.com,252.2,2.0
migratie-Bol.com-2026-07-08-276.2,2026-07-08,Bol.com,276.2,1.0
migratie-Bol.com-2026-07-08-279.1,2026-07-08,Bol.com,279.1,1.0
migratie-Bol.com-2026-07-08-280.1,2026-07-08,Bol.com,280.1,1.0
migratie-Bol.com-2026-07-09-8.12,2026-07-09,Bol.com,8.12,2.0
migratie-Bol.com-2026-07-09-8.13,2026-07-09,Bol.com,8.13,3.0
migratie-Bol.com-2026-07-09-8.20,2026-07-09,Bol.com,8.20,1.0
migratie-Bol.com-2026-07-09-33.2,2026-07-09,Bol.com,33.2,1.0
migratie-Bol.com-2026-07-09-100.1,2026-07-09,Bol.com,100.1,1.0
migratie-Bol.com-2026-07-09-231.1,2026-07-09,Bol.com,231.1,4.0
migratie-Bol.com-2026-07-09-237.1,2026-07-09,Bol.com,237.1,1.0
migratie-Bol.com-2026-07-09-249.1,2026-07-09,Bol.com,249.1,1.0
migratie-Bol.com-2026-07-09-249.3,2026-07-09,Bol.com,249.3,1.0
migratie-Bol.com-2026-07-09-260.2,2026-07-09,Bol.com,260.2,1.0
migratie-Bol.com-2026-07-09-279.1,2026-07-09,Bol.com,279.1,1.0
migratie-Bol.com-2026-07-09-279.4,2026-07-09,Bol.com,279.4,1.0
migratie-Bol.com-2026-07-10-4.3,2026-07-10,Bol.com,4.3,1.0
migratie-Bol.com-2026-07-10-249.2,2026-07-10,Bol.com,249.2,2.0
migratie-Bol.com-2026-07-10-249.3,2026-07-10,Bol.com,249.3,2.0
migratie-Bol.com-2026-07-10-249.4,2026-07-10,Bol.com,249.4,3.0
migratie-Bol.com-2026-07-10-261.2,2026-07-10,Bol.com,261.2,1.0
migratie-Bol.com-2026-07-10-276.1,2026-07-10,Bol.com,276.1,1.0
migratie-Bol.com-2026-07-13-4.2,2026-07-13,Bol.com,4.2,1.0
migratie-Bol.com-2026-07-13-32.2,2026-07-13,Bol.com,32.2,1.0
migratie-Bol.com-2026-07-13-33.1,2026-07-13,Bol.com,33.1,1.0
migratie-Bol.com-2026-07-13-34.2,2026-07-13,Bol.com,34.2,1.0
migratie-Bol.com-2026-07-13-54.2,2026-07-13,Bol.com,54.2,1.0
migratie-Bol.com-2026-07-13-100.1,2026-07-13,Bol.com,100.1,1.0
migratie-Bol.com-2026-07-13-200.2,2026-07-13,Bol.com,200.2,1.0
migratie-Bol.com-2026-07-13-249.1,2026-07-13,Bol.com,249.1,7.0
migratie-Bol.com-2026-07-13-249.2,2026-07-13,Bol.com,249.2,2.0
migratie-Bol.com-2026-07-13-249.4,2026-07-13,Bol.com,249.4,1.0
migratie-Bol.com-2026-07-13-255.2,2026-07-13,Bol.com,255.2,1.0
migratie-Bol.com-2026-07-13-276.1,2026-07-13,Bol.com,276.1,1.0
migratie-Bol.com-2026-07-14-8.11,2026-07-14,Bol.com,8.11,1.0
migratie-Bol.com-2026-07-14-32.2,2026-07-14,Bol.com,32.2,1.0
migratie-Bol.com-2026-07-14-34.2,2026-07-14,Bol.com,34.2,1.0
migratie-Bol.com-2026-07-14-249.1,2026-07-14,Bol.com,249.1,2.0
migratie-Bol.com-2026-07-14-249.2,2026-07-14,Bol.com,249.2,2.0
migratie-Bol.com-2026-07-14-249.3,2026-07-14,Bol.com,249.3,1.0
migratie-Bol.com-2026-07-14-255.2,2026-07-14,Bol.com,255.2,1.0
migratie-Bol.com-2026-07-15-53.1,2026-07-15,Bol.com,53.1,2.0
migratie-Bol.com-2026-07-15-70.3,2026-07-15,Bol.com,70.3,1.0
migratie-Bol.com-2026-07-15-249.2,2026-07-15,Bol.com,249.2,1.0
migratie-Bol.com-2026-07-16-53.2,2026-07-16,Bol.com,53.2,1.0
migratie-Bol.com-2026-07-16-249.1,2026-07-16,Bol.com,249.1,2.0
migratie-Bol.com-2026-07-16-249.4,2026-07-16,Bol.com,249.4,10.0
migratie-Bol.com-2026-07-17-141.1,2026-07-17,Bol.com,141.1,1.0
migratie-Bol.com-2026-07-17-237.1,2026-07-17,Bol.com,237.1,1.0
migratie-Bol.com-2026-07-17-249.2,2026-07-17,Bol.com,249.2,3.0
migratie-Bol.com-2026-07-17-249.3,2026-07-17,Bol.com,249.3,1.0
migratie-Bol.com-2026-07-20-31.0,2026-07-20,Bol.com,31.0,1.0
migratie-Bol.com-2026-07-20-53.2,2026-07-20,Bol.com,53.2,1.0
migratie-Bol.com-2026-07-20-202.2,2026-07-20,Bol.com,202.2,1.0
migratie-Bol.com-2026-07-20-230.1,2026-07-20,Bol.com,230.1,1.0
migratie-Bol.com-2026-07-20-237.1,2026-07-20,Bol.com,237.1,3.0
migratie-Bol.com-2026-07-20-249.2,2026-07-20,Bol.com,249.2,2.0
migratie-Bol.com-2026-07-20-249.4,2026-07-20,Bol.com,249.4,1.0
migratie-Bol.com-2026-07-20-251.1,2026-07-20,Bol.com,251.1,4.0
migratie-Bol.com-2026-07-20-276.1,2026-07-20,Bol.com,276.1,2.0
migratie-Bol.com-2026-07-20-278.1,2026-07-20,Bol.com,278.1,2.0
migratie-Bol.com-2026-07-21-8.4,2026-07-21,Bol.com,8.4,1.0
migratie-Bol.com-2026-07-21-8.12,2026-07-21,Bol.com,8.12,1.0
migratie-Bol.com-2026-07-21-141.3,2026-07-21,Bol.com,141.3,1.0
migratie-Bol.com-2026-07-21-161.2,2026-07-21,Bol.com,161.2,1.0
migratie-Bol.com-2026-07-21-237.1,2026-07-21,Bol.com,237.1,1.0
migratie-Bol.com-2026-07-21-249.2,2026-07-21,Bol.com,249.2,1.0
migratie-Bol.com-2026-07-21-249.3,2026-07-21,Bol.com,249.3,1.0
migratie-Bol.com-2026-07-21-249.4,2026-07-21,Bol.com,249.4,1.0
migratie-Bol.com-2026-07-21-280.2,2026-07-21,Bol.com,280.2,1.0
migratie-Bol.com-2026-07-22-8.14,2026-07-22,Bol.com,8.14,1.0
migratie-Bol.com-2026-07-22-31.0,2026-07-22,Bol.com,31.0,1.0
migratie-Bol.com-2026-07-22-34.2,2026-07-22,Bol.com,34.2,1.0
migratie-Bol.com-2026-07-22-70.4,2026-07-22,Bol.com,70.4,1.0
migratie-Bol.com-2026-07-22-100.2,2026-07-22,Bol.com,100.2,1.0
migratie-Bol.com-2026-07-22-232.1,2026-07-22,Bol.com,232.1,1.0
migratie-Bol.com-2026-07-22-249.1,2026-07-22,Bol.com,249.1,1.0
migratie-Bol.com-2026-07-22-249.2,2026-07-22,Bol.com,249.2,3.0
migratie-Bol.com-2026-07-22-249.3,2026-07-22,Bol.com,249.3,2.0
migratie-Bol.com-2026-07-22-261.1,2026-07-22,Bol.com,261.1,1.0
migratie-Bol.com-2026-07-22-270.2,2026-07-22,Bol.com,270.2,2.0
migratie-Bol.com-2026-07-23-34.1,2026-07-23,Bol.com,34.1,1.0
migratie-Bol.com-2026-07-23-34.2,2026-07-23,Bol.com,34.2,1.0
migratie-Bol.com-2026-07-23-54.2,2026-07-23,Bol.com,54.2,1.0
migratie-Bol.com-2026-07-23-70.3,2026-07-23,Bol.com,70.3,1.0
migratie-Bol.com-2026-07-23-233.1,2026-07-23,Bol.com,233.1,1.0
migratie-Bol.com-2026-07-23-237.1,2026-07-23,Bol.com,237.1,3.0
migratie-Bol.com-2026-07-23-260.1,2026-07-23,Bol.com,260.1,2.0
migratie-Bol.com-2026-07-24-8.6,2026-07-24,Bol.com,8.6,1.0
migratie-Bol.com-2026-07-24-8.12,2026-07-24,Bol.com,8.12,1.0
migratie-Bol.com-2026-07-24-9.1,2026-07-24,Bol.com,9.1,1.0
migratie-Bol.com-2026-07-24-141.3,2026-07-24,Bol.com,141.3,1.0
migratie-Bol.com-2026-07-24-237.1,2026-07-24,Bol.com,237.1,1.0
migratie-Bol.com-2026-07-24-249.3,2026-07-24,Bol.com,249.3,1.0
migratie-Bol.com-2026-07-27-31.0,2026-07-27,Bol.com,31.0,1.0
migratie-Bol.com-2026-07-27-55.2,2026-07-27,Bol.com,55.2,1.0
migratie-Bol.com-2026-07-27-141.1,2026-07-27,Bol.com,141.1,1.0
migratie-Bol.com-2026-07-27-233.1,2026-07-27,Bol.com,233.1,1.0
migratie-Bol.com-2026-07-27-237.1,2026-07-27,Bol.com,237.1,1.0
migratie-Bol.com-2026-07-27-249.1,2026-07-27,Bol.com,249.1,1.0
migratie-Bol.com-2026-07-27-249.2,2026-07-27,Bol.com,249.2,2.0
migratie-Bol.com-2026-07-27-249.3,2026-07-27,Bol.com,249.3,4.0
migratie-Bol.com-2026-07-27-249.4,2026-07-27,Bol.com,249.4,1.0
migratie-Bol.com-2026-07-27-260.2,2026-07-27,Bol.com,260.2,1.0
migratie-Bol.com-2026-07-27-270.2,2026-07-27,Bol.com,270.2,1.0
migratie-Bol.com-2026-07-27-279.4,2026-07-27,Bol.com,279.4,1.0
migratie-Bol.com-2026-07-28-8.12,2026-07-28,Bol.com,8.12,2.0
migratie-Bol.com-2026-07-28-8.14,2026-07-28,Bol.com,8.14,1.0
migratie-Bol.com-2026-07-28-8.19,2026-07-28,Bol.com,8.19,1.0
migratie-Bol.com-2026-07-28-31.0,2026-07-28,Bol.com,31.0,1.0
migratie-Bol.com-2026-07-28-34.1,2026-07-28,Bol.com,34.1,1.0
migratie-Bol.com-2026-07-28-55.1,2026-07-28,Bol.com,55.1,1.0
migratie-Bol.com-2026-07-28-232.1,2026-07-28,Bol.com,232.1,1.0
migratie-Bol.com-2026-07-28-249.1,2026-07-28,Bol.com,249.1,1.0
migratie-Bol.com-2026-07-28-249.2,2026-07-28,Bol.com,249.2,1.0
migratie-Bol.com-2026-07-28-249.3,2026-07-28,Bol.com,249.3,1.0
migratie-Bol.com-2026-07-28-249.4,2026-07-28,Bol.com,249.4,1.0
migratie-Bol.com-2026-07-28-271.2,2026-07-28,Bol.com,271.2,1.0
migratie-Bol.com-2026-07-29-8.3,2026-07-29,Bol.com,8.3,1.0
migratie-Bol.com-2026-07-29-31.1,2026-07-29,Bol.com,31.1,1.0
migratie-Bol.com-2026-07-29-53.2,2026-07-29,Bol.com,53.2,2.0
migratie-Bol.com-2026-07-29-209.3,2026-07-29,Bol.com,209.3,1.0
migratie-Bol.com-2026-07-29-249.2,2026-07-29,Bol.com,249.2,1.0
migratie-Bol.com-2026-07-29-249.4,2026-07-29,Bol.com,249.4,1.0
migratie-Bol.com-2026-07-29-262.1,2026-07-29,Bol.com,262.1,1.0
migratie-Bol.com-2026-07-30-8.12,2026-07-30,Bol.com,8.12,1.0
migratie-Bol.com-2026-07-30-54.1,2026-07-30,Bol.com,54.1,1.0
migratie-Bol.com-2026-07-30-55.2,2026-07-30,Bol.com,55.2,1.0
migratie-Bol.com-2026-07-30-233.1,2026-07-30,Bol.com,233.1,1.0
migratie-Bol.com-2026-07-30-236.1,2026-07-30,Bol.com,236.1,1.0
migratie-Bol.com-2026-07-30-249.4,2026-07-30,Bol.com,249.4,1.0
migratie-Bol.com-2026-07-30-276.1,2026-07-30,Bol.com,276.1,1.0
migratie-Bol.com-2026-07-31-8.3,2026-07-31,Bol.com,8.3,1.0
migratie-Bol.com-2026-07-31-52.2,2026-07-31,Bol.com,52.2,1.0
migratie-Bol.com-2026-07-31-53.2,2026-07-31,Bol.com,53.2,1.0
migratie-Bol.com-2026-07-31-55.2,2026-07-31,Bol.com,55.2,2.0
migratie-Bol.com-2026-07-31-202.4,2026-07-31,Bol.com,202.4,1.0
migratie-Bol.com-2026-07-31-249.2,2026-07-31,Bol.com,249.2,2.0
migratie-Bol.com-2026-08-03-8.19,2026-08-03,Bol.com,8.19,1.0
migratie-Bol.com-2026-08-03-22.2,2026-08-03,Bol.com,22.2,1.0
migratie-Bol.com-2026-08-03-31.0,2026-08-03,Bol.com,31.0,2.0
migratie-Bol.com-2026-08-03-32.1,2026-08-03,Bol.com,32.1,1.0
migratie-Bol.com-2026-08-03-34.2,2026-08-03,Bol.com,34.2,1.0
migratie-Bol.com-2026-08-03-54.2,2026-08-03,Bol.com,54.2,3.0
migratie-Bol.com-2026-08-03-249.1,2026-08-03,Bol.com,249.1,2.0
migratie-Bol.com-2026-08-03-249.2,2026-08-03,Bol.com,249.2,2.0
migratie-Bol.com-2026-08-03-249.3,2026-08-03,Bol.com,249.3,1.0
migratie-Bol.com-2026-08-03-249.4,2026-08-03,Bol.com,249.4,1.0
migratie-Bol.com-2026-08-03-258.1,2026-08-03,Bol.com,258.1,1.0
migratie-Bol.com-2026-08-03-260.2,2026-08-03,Bol.com,260.2,1.0
migratie-Bol.com-2026-08-03-270.2,2026-08-03,Bol.com,270.2,2.0
migratie-Bol.com-2026-08-04-33.1,2026-08-04,Bol.com,33.1,1.0
migratie-Bol.com-2026-08-04-54.2,2026-08-04,Bol.com,54.2,1.0
migratie-Bol.com-2026-08-04-249.1,2026-08-04,Bol.com,249.1,1.0
migratie-Bol.com-2026-08-04-249.2,2026-08-04,Bol.com,249.2,1.0
migratie-Bol.com-2026-08-05-23.2,2026-08-05,Bol.com,23.2,2.0
migratie-Bol.com-2026-08-05-31.0,2026-08-05,Bol.com,31.0,1.0
migratie-Bol.com-2026-08-05-230.1,2026-08-05,Bol.com,230.1,3.0
migratie-Bol.com-2026-08-05-249.1,2026-08-05,Bol.com,249.1,1.0
migratie-Bol.com-2026-08-05-258.2,2026-08-05,Bol.com,258.2,1.0
migratie-Bol.com-2026-08-05-276.1,2026-08-05,Bol.com,276.1,1.0
migratie-Bol.com-2026-08-06-8.8,2026-08-06,Bol.com,8.8,1.0
migratie-Bol.com-2026-08-06-8.12,2026-08-06,Bol.com,8.12,3.0
migratie-Bol.com-2026-08-06-34.1,2026-08-06,Bol.com,34.1,1.0
migratie-Bol.com-2026-08-06-39.2,2026-08-06,Bol.com,39.2,1.0
migratie-Bol.com-2026-08-06-55.2,2026-08-06,Bol.com,55.2,1.0
migratie-Bol.com-2026-08-06-237.1,2026-08-06,Bol.com,237.1,1.0
migratie-Bol.com-2026-08-06-249.4,2026-08-06,Bol.com,249.4,5.0
migratie-Bol.com-2026-08-06-274.1,2026-08-06,Bol.com,274.1,1.0
migratie-Bol.com-2026-08-07-53.2,2026-08-07,Bol.com,53.2,3.0
migratie-Bol.com-2026-08-07-249.1,2026-08-07,Bol.com,249.1,1.0
migratie-Bol.com-2026-08-07-249.2,2026-08-07,Bol.com,249.2,1.0
migratie-Bol.com-2026-08-07-258.1,2026-08-07,Bol.com,258.1,1.0
migratie-Bol.com-2026-08-07-259.1,2026-08-07,Bol.com,259.1,1.0
migratie-Bol.com-2026-08-07-270.2,2026-08-07,Bol.com,270.2,1.0
migratie-Bol.com-2026-08-10-8.11,2026-08-10,Bol.com,8.11,1.0
migratie-Bol.com-2026-08-10-8.20,2026-08-10,Bol.com,8.20,1.0
migratie-Bol.com-2026-08-10-22.1,2026-08-10,Bol.com,22.1,1.0
migratie-Bol.com-2026-08-10-55.1,2026-08-10,Bol.com,55.1,1.0
migratie-Bol.com-2026-08-10-55.2,2026-08-10,Bol.com,55.2,1.0
migratie-Bol.com-2026-08-10-237.1,2026-08-10,Bol.com,237.1,3.0
migratie-Bol.com-2026-08-10-249.3,2026-08-10,Bol.com,249.3,1.0
migratie-Bol.com-2026-08-10-249.4,2026-08-10,Bol.com,249.4,3.0
migratie-Bol.com-2026-08-10-280.2,2026-08-10,Bol.com,280.2,1.0
migratie-Bol.com-2026-08-11-8.20,2026-08-11,Bol.com,8.20,1.0
migratie-Bol.com-2026-08-11-54.2,2026-08-11,Bol.com,54.2,2.0
migratie-Bol.com-2026-08-11-249.2,2026-08-11,Bol.com,249.2,6.0
migratie-Bol.com-2026-08-11-249.4,2026-08-11,Bol.com,249.4,1.0
migratie-Bol.com-2026-08-11-273.3,2026-08-11,Bol.com,273.3,1.0
migratie-Bol.com-2026-08-12-4.2,2026-08-12,Bol.com,4.2,1.0
migratie-Bol.com-2026-08-12-22.2,2026-08-12,Bol.com,22.2,1.0
migratie-Bol.com-2026-08-12-237.1,2026-08-12,Bol.com,237.1,1.0
migratie-Bol.com-2026-08-12-249.4,2026-08-12,Bol.com,249.4,3.0
migratie-Bol.com-2026-08-13-32.2,2026-08-13,Bol.com,32.2,1.0
migratie-Bol.com-2026-08-13-100.2,2026-08-13,Bol.com,100.2,1.0
migratie-Bol.com-2026-08-13-141.3,2026-08-13,Bol.com,141.3,1.0
migratie-Bol.com-2026-08-13-161.2,2026-08-13,Bol.com,161.2,1.0
migratie-Bol.com-2026-08-13-249.4,2026-08-13,Bol.com,249.4,2.0
migratie-Bol.com-2026-08-13-280.1,2026-08-13,Bol.com,280.1,1.0
migratie-Bol.com-2026-08-14-8.12,2026-08-14,Bol.com,8.12,2.0
migratie-Bol.com-2026-08-14-100.2,2026-08-14,Bol.com,100.2,1.0
migratie-Bol.com-2026-08-14-249.4,2026-08-14,Bol.com,249.4,1.0
migratie-Bol.com-2026-08-14-252.2,2026-08-14,Bol.com,252.2,1.0
migratie-Bol.com-2026-08-14-256.2,2026-08-14,Bol.com,256.2,1.0
migratie-Bol.com-2026-08-17-53.1,2026-08-17,Bol.com,53.1,1.0
migratie-Bol.com-2026-08-17-100.1,2026-08-17,Bol.com,100.1,1.0
migratie-Bol.com-2026-08-17-232.1,2026-08-17,Bol.com,232.1,1.0
migratie-Bol.com-2026-08-17-237.1,2026-08-17,Bol.com,237.1,1.0
migratie-Bol.com-2026-08-17-249.2,2026-08-17,Bol.com,249.2,3.0
migratie-Bol.com-2026-08-17-249.4,2026-08-17,Bol.com,249.4,2.0
migratie-Bol.com-2026-08-17-251.2,2026-08-17,Bol.com,251.2,3.0
migratie-Bol.com-2026-08-17-259.1,2026-08-17,Bol.com,259.1,1.0
migratie-Bol.com-2026-08-18-8.10,2026-08-18,Bol.com,8.10,1.0
migratie-Bol.com-2026-08-18-31.0,2026-08-18,Bol.com,31.0,1.0
migratie-Bol.com-2026-08-18-249.2,2026-08-18,Bol.com,249.2,1.0
migratie-Bol.com-2026-08-18-256.2,2026-08-18,Bol.com,256.2,1.0
migratie-Bol.com-2026-08-18-258.2,2026-08-18,Bol.com,258.2,1.0
migratie-Bol.com-2026-08-18-261.1,2026-08-18,Bol.com,261.1,1.0
migratie-Bol.com-2026-08-18-262.2,2026-08-18,Bol.com,262.2,1.0
migratie-Bol.com-2026-08-18-276.1,2026-08-18,Bol.com,276.1,3.0
migratie-Bol.com-2026-08-19-53.2,2026-08-19,Bol.com,53.2,1.0
migratie-Bol.com-2026-08-19-100.2,2026-08-19,Bol.com,100.2,1.0
migratie-Bol.com-2026-08-19-250.2,2026-08-19,Bol.com,250.2,1.0
migratie-Bol.com-2026-08-19-276.1,2026-08-19,Bol.com,276.1,1.0
migratie-Bol.com-2026-08-20-54.1,2026-08-20,Bol.com,54.1,1.0
migratie-Bol.com-2026-08-20-54.2,2026-08-20,Bol.com,54.2,1.0
migratie-Bol.com-2026-08-21-141.4,2026-08-21,Bol.com,141.4,1.0
migratie-Bol.com-2026-08-21-237.1,2026-08-21,Bol.com,237.1,1.0
migratie-Bol.com-2026-08-21-249.2,2026-08-21,Bol.com,249.2,1.0
migratie-Bol.com-2026-08-21-249.3,2026-08-21,Bol.com,249.3,1.0
migratie-Bol.com-2026-08-21-276.1,2026-08-21,Bol.com,276.1,1.0
migratie-Bol.com-2026-08-24-8.6,2026-08-24,Bol.com,8.6,1.0
migratie-Bol.com-2026-08-24-22.1,2026-08-24,Bol.com,22.1,1.0
migratie-Bol.com-2026-08-24-34.1,2026-08-24,Bol.com,34.1,1.0
migratie-Bol.com-2026-08-24-39.2,2026-08-24,Bol.com,39.2,1.0
migratie-Bol.com-2026-08-24-53.2,2026-08-24,Bol.com,53.2,1.0
migratie-Bol.com-2026-08-24-54.2,2026-08-24,Bol.com,54.2,2.0
migratie-Bol.com-2026-08-24-70.1,2026-08-24,Bol.com,70.1,1.0
migratie-Bol.com-2026-08-24-100.1,2026-08-24,Bol.com,100.1,1.0
migratie-Bol.com-2026-08-24-100.2,2026-08-24,Bol.com,100.2,1.0
migratie-Bol.com-2026-08-24-141.4,2026-08-24,Bol.com,141.4,1.0
migratie-Bol.com-2026-08-24-249.2,2026-08-24,Bol.com,249.2,3.0
migratie-Bol.com-2026-08-24-250.2,2026-08-24,Bol.com,250.2,2.0
migratie-Bol.com-2026-08-24-258.2,2026-08-24,Bol.com,258.2,1.0
migratie-Bol.com-2026-08-24-261.1,2026-08-24,Bol.com,261.1,1.0
migratie-Bol.com-2026-08-24-280.1,2026-08-24,Bol.com,280.1,1.0
migratie-Bol.com-2026-08-25-22.2,2026-08-25,Bol.com,22.2,1.0
migratie-Bol.com-2026-08-25-70.12,2026-08-25,Bol.com,70.12,1.0
migratie-Bol.com-2026-08-25-237.1,2026-08-25,Bol.com,237.1,1.0
migratie-Bol.com-2026-08-25-249.1,2026-08-25,Bol.com,249.1,1.0
migratie-Bol.com-2026-08-25-249.3,2026-08-25,Bol.com,249.3,1.0
migratie-Bol.com-2026-08-26-9.1,2026-08-26,Bol.com,9.1,1.0
migratie-Bol.com-2026-08-26-100.2,2026-08-26,Bol.com,100.2,1.0
migratie-Bol.com-2026-08-26-233.1,2026-08-26,Bol.com,233.1,1.0
migratie-Bol.com-2026-08-26-237.1,2026-08-26,Bol.com,237.1,1.0
migratie-Bol.com-2026-08-26-249.2,2026-08-26,Bol.com,249.2,4.0
migratie-Bol.com-2026-08-26-249.3,2026-08-26,Bol.com,249.3,1.0
migratie-Bol.com-2026-08-26-249.4,2026-08-26,Bol.com,249.4,2.0
migratie-Bol.com-2026-08-27-8.6,2026-08-27,Bol.com,8.6,1.0
migratie-Bol.com-2026-08-27-33.1,2026-08-27,Bol.com,33.1,1.0
migratie-Bol.com-2026-08-27-70.9,2026-08-27,Bol.com,70.9,1.0
migratie-Bol.com-2026-08-27-237.1,2026-08-27,Bol.com,237.1,1.0
migratie-Bol.com-2026-08-27-249.2,2026-08-27,Bol.com,249.2,1.0
migratie-Bol.com-2026-08-27-249.3,2026-08-27,Bol.com,249.3,1.0
migratie-Bol.com-2026-08-27-256.2,2026-08-27,Bol.com,256.2,1.0
migratie-Bol.com-2026-08-28-33.2,2026-08-28,Bol.com,33.2,1.0
migratie-Bol.com-2026-08-28-39.2,2026-08-28,Bol.com,39.2,1.0
migratie-Bol.com-2026-08-28-237.1,2026-08-28,Bol.com,237.1,1.0
migratie-Bol.com-2026-08-28-249.2,2026-08-28,Bol.com,249.2,1.0
migratie-Bol.com-2026-08-28-276.1,2026-08-28,Bol.com,276.1,2.0
migratie-Bol.com-2026-08-31-8.6,2026-08-31,Bol.com,8.6,1.0
migratie-Bol.com-2026-08-31-8.8,2026-08-31,Bol.com,8.8,2.0
migratie-Bol.com-2026-08-31-22.1,2026-08-31,Bol.com,22.1,1.0
migratie-Bol.com-2026-08-31-39.2,2026-08-31,Bol.com,39.2,1.0
migratie-Bol.com-2026-08-31-52.1,2026-08-31,Bol.com,52.1,1.0
migratie-Bol.com-2026-08-31-54.1,2026-08-31,Bol.com,54.1,1.0
migratie-Bol.com-2026-08-31-54.2,2026-08-31,Bol.com,54.2,1.0
migratie-Bol.com-2026-08-31-249.1,2026-08-31,Bol.com,249.1,2.0
migratie-Bol.com-2026-08-31-249.2,2026-08-31,Bol.com,249.2,3.0
migratie-Bol.com-2026-08-31-250.2,2026-08-31,Bol.com,250.2,1.0
migratie-Bol.com-2026-08-31-252.1,2026-08-31,Bol.com,252.1,1.0
migratie-Bol.com-2026-08-31-276.1,2026-08-31,Bol.com,276.1,1.0
migratie-Bol.com-2026-09-01-249.2,2026-09-01,Bol.com,249.2,2.0
migratie-Bol.com-2026-09-01-249.4,2026-09-01,Bol.com,249.4,1.0
migratie-Bol.com-2026-09-01-276.1,2026-09-01,Bol.com,276.1,1.0
migratie-Bol.com-2026-09-02-100.2,2026-09-02,Bol.com,100.2,1.0
migratie-Bol.com-2026-09-02-141.1,2026-09-02,Bol.com,141.1,1.0
migratie-Bol.com-2026-09-02-249.2,2026-09-02,Bol.com,249.2,1.0
migratie-Bol.com-2026-09-03-8.12,2026-09-03,Bol.com,8.12,1.0
migratie-Bol.com-2026-09-03-100.2,2026-09-03,Bol.com,100.2,1.0
migratie-Bol.com-2026-09-03-161.2,2026-09-03,Bol.com,161.2,1.0
migratie-Bol.com-2026-09-03-249.2,2026-09-03,Bol.com,249.2,5.0
migratie-Bol.com-2026-09-03-249.3,2026-09-03,Bol.com,249.3,1.0
migratie-Bol.com-2026-09-03-251.2,2026-09-03,Bol.com,251.2,1.0
migratie-Bol.com-2026-09-03-254.1,2026-09-03,Bol.com,254.1,1.0
migratie-Bol.com-2026-09-04-23.2,2026-09-04,Bol.com,23.2,2.0
migratie-Bol.com-2026-09-04-54.1,2026-09-04,Bol.com,54.1,1.0
migratie-Bol.com-2026-09-04-70.1,2026-09-04,Bol.com,70.1,1.0
migratie-Bol.com-2026-09-04-70.4,2026-09-04,Bol.com,70.4,1.0
migratie-Bol.com-2026-09-04-237.1,2026-09-04,Bol.com,237.1,2.0
migratie-Bol.com-2026-09-04-258.2,2026-09-04,Bol.com,258.2,1.0
migratie-Bol.com-2026-09-07-8.19,2026-09-07,Bol.com,8.19,1.0
migratie-Bol.com-2026-09-07-9.1,2026-09-07,Bol.com,9.1,1.0
migratie-Bol.com-2026-09-07-31.0,2026-09-07,Bol.com,31.0,1.0
migratie-Bol.com-2026-09-07-54.2,2026-09-07,Bol.com,54.2,1.0
migratie-Bol.com-2026-09-07-70.7,2026-09-07,Bol.com,70.7,1.0
migratie-Bol.com-2026-09-07-100.1,2026-09-07,Bol.com,100.1,1.0
migratie-Bol.com-2026-09-07-100.2,2026-09-07,Bol.com,100.2,1.0
migratie-Bol.com-2026-09-07-232.1,2026-09-07,Bol.com,232.1,1.0
migratie-Bol.com-2026-09-07-233.1,2026-09-07,Bol.com,233.1,2.0
migratie-Bol.com-2026-09-07-249.2,2026-09-07,Bol.com,249.2,2.0
migratie-Bol.com-2026-09-07-249.3,2026-09-07,Bol.com,249.3,1.0
migratie-Bol.com-2026-09-07-275.1,2026-09-07,Bol.com,275.1,1.0
migratie-Bol.com-2026-09-08-100.1,2026-09-08,Bol.com,100.1,1.0
migratie-Bol.com-2026-09-08-232.1,2026-09-08,Bol.com,232.1,1.0
migratie-Bol.com-2026-09-09-8.8,2026-09-09,Bol.com,8.8,1.0
migratie-Bol.com-2026-09-09-8.12,2026-09-09,Bol.com,8.12,1.0
migratie-Bol.com-2026-09-09-8.15,2026-09-09,Bol.com,8.15,1.0
migratie-Bol.com-2026-09-09-100.1,2026-09-09,Bol.com,100.1,1.0
migratie-Bol.com-2026-09-09-249.1,2026-09-09,Bol.com,249.1,1.0
migratie-Bol.com-2026-09-09-249.3,2026-09-09,Bol.com,249.3,1.0
migratie-Bol.com-2026-09-09-259.1,2026-09-09,Bol.com,259.1,1.0
migratie-Bol.com-2026-09-09-260.1,2026-09-09,Bol.com,260.1,1.0
migratie-Bol.com-2026-09-10-33.2,2026-09-10,Bol.com,33.2,1.0
migratie-Bol.com-2026-09-10-141.2,2026-09-10,Bol.com,141.2,1.0
migratie-Bol.com-2026-09-10-249.4,2026-09-10,Bol.com,249.4,1.0
migratie-Bol.com-2026-09-11-70.7,2026-09-11,Bol.com,70.7,1.0
migratie-Bol.com-2026-09-11-100.1,2026-09-11,Bol.com,100.1,2.0
migratie-Bol.com-2026-09-11-249.2,2026-09-11,Bol.com,249.2,13.0
migratie-Bol.com-2026-09-11-276.1,2026-09-11,Bol.com,276.1,1.0
migratie-Bol.com-2026-09-14-9.1,2026-09-14,Bol.com,9.1,1.0
migratie-Bol.com-2026-09-14-31.0,2026-09-14,Bol.com,31.0,1.0
migratie-Bol.com-2026-09-14-32.2,2026-09-14,Bol.com,32.2,1.0
migratie-Bol.com-2026-09-14-100.2,2026-09-14,Bol.com,100.2,1.0
migratie-Bol.com-2026-09-14-232.1,2026-09-14,Bol.com,232.1,1.0
migratie-Bol.com-2026-09-14-233.1,2026-09-14,Bol.com,233.1,1.0
migratie-Bol.com-2026-09-14-249.2,2026-09-14,Bol.com,249.2,8.0
migratie-Bol.com-2026-09-14-249.4,2026-09-14,Bol.com,249.4,8.0
migratie-Bol.com-2026-09-14-258.1,2026-09-14,Bol.com,258.1,1.0
migratie-Bol.com-2026-09-14-275.2,2026-09-14,Bol.com,275.2,1.0
migratie-Bol.com-2026-09-14-280.2,2026-09-14,Bol.com,280.2,1.0
migratie-Bol.com-2026-09-15-31.0,2026-09-15,Bol.com,31.0,1.0
migratie-Bol.com-2026-09-15-249.1,2026-09-15,Bol.com,249.1,1.0
migratie-Bol.com-2026-09-15-249.2,2026-09-15,Bol.com,249.2,12.0
migratie-Bol.com-2026-09-15-250.1,2026-09-15,Bol.com,250.1,1.0
migratie-Bol.com-2026-09-15-259.2,2026-09-15,Bol.com,259.2,1.0
migratie-Bol.com-2026-09-15-276.1,2026-09-15,Bol.com,276.1,1.0
migratie-Bol.com-2026-09-16-161.2,2026-09-16,Bol.com,161.2,1.0
migratie-Bol.com-2026-09-16-249.1,2026-09-16,Bol.com,249.1,2.0
migratie-Bol.com-2026-09-17-100.1,2026-09-17,Bol.com,100.1,1.0
migratie-Bol.com-2026-09-17-236.1,2026-09-17,Bol.com,236.1,1.0
migratie-Bol.com-2026-09-17-249.1,2026-09-17,Bol.com,249.1,1.0
migratie-Bol.com-2026-09-17-249.2,2026-09-17,Bol.com,249.2,1.0
migratie-Groupon BE-2026-07-01-32.1,2026-07-01,Groupon BE,32.1,1.0
migratie-Groupon BE-2026-07-01-270.2,2026-07-01,Groupon BE,270.2,6.0
migratie-Groupon BE-2026-07-03-53.2,2026-07-03,Groupon BE,53.2,1.0
migratie-Groupon BE-2026-07-03-161.2,2026-07-03,Groupon BE,161.2,1.0
migratie-Groupon BE-2026-07-06-9.4,2026-07-06,Groupon BE,9.4,1.0
migratie-Groupon BE-2026-07-06-9.8,2026-07-06,Groupon BE,9.8,2.0
migratie-Groupon BE-2026-07-06-53.2,2026-07-06,Groupon BE,53.2,1.0
migratie-Groupon BE-2026-07-06-249.2,2026-07-06,Groupon BE,249.2,2.0
migratie-Groupon BE-2026-07-06-251.2,2026-07-06,Groupon BE,251.2,1.0
migratie-Groupon BE-2026-07-06-271.1,2026-07-06,Groupon BE,271.1,1.0
migratie-Groupon BE-2026-07-06-273.3,2026-07-06,Groupon BE,273.3,1.0
migratie-Groupon BE-2026-07-13-8.20,2026-07-13,Groupon BE,8.20,1.0
migratie-Groupon BE-2026-07-13-251.1,2026-07-13,Groupon BE,251.1,1.0
migratie-Groupon BE-2026-07-14-7.2,2026-07-14,Groupon BE,7.2,1.0
migratie-Groupon BE-2026-07-14-161.0,2026-07-14,Groupon BE,161.0,1.0
migratie-Groupon BE-2026-07-17-9.7,2026-07-17,Groupon BE,9.7,1.0
migratie-Groupon BE-2026-07-17-201.1,2026-07-17,Groupon BE,201.1,1.0
migratie-Groupon BE-2026-07-20-32.1,2026-07-20,Groupon BE,32.1,1.0
migratie-Groupon BE-2026-07-20-53.2,2026-07-20,Groupon BE,53.2,2.0
migratie-Groupon BE-2026-07-20-100.2,2026-07-20,Groupon BE,100.2,1.0
migratie-Groupon BE-2026-07-20-161.2,2026-07-20,Groupon BE,161.2,1.0
migratie-Groupon BE-2026-07-20-250.2,2026-07-20,Groupon BE,250.2,1.0
migratie-Groupon BE-2026-07-20-271.1,2026-07-20,Groupon BE,271.1,1.0
migratie-Groupon BE-2026-07-21-8.19,2026-07-21,Groupon BE,8.19,1.0
migratie-Groupon BE-2026-07-21-29.2,2026-07-21,Groupon BE,29.2,1.0
migratie-Groupon BE-2026-07-21-272.2,2026-07-21,Groupon BE,272.2,1.0
migratie-Groupon BE-2026-07-21-273.2,2026-07-21,Groupon BE,273.2,1.0
migratie-Groupon BE-2026-07-22-3.4,2026-07-22,Groupon BE,3.4,1.0
migratie-Groupon BE-2026-07-22-4.2,2026-07-22,Groupon BE,4.2,1.0
migratie-Groupon BE-2026-07-22-53.2,2026-07-22,Groupon BE,53.2,1.0
migratie-Groupon BE-2026-07-23-23.2,2026-07-23,Groupon BE,23.2,2.0
migratie-Groupon BE-2026-07-23-53.2,2026-07-23,Groupon BE,53.2,2.0
migratie-Groupon BE-2026-07-23-249.2,2026-07-23,Groupon BE,249.2,1.0
migratie-Groupon BE-2026-07-24-249.2,2026-07-24,Groupon BE,249.2,1.0
migratie-Groupon BE-2026-07-27-6.4,2026-07-27,Groupon BE,6.4,1.0
migratie-Groupon BE-2026-07-27-280.1,2026-07-27,Groupon BE,280.1,1.0
migratie-Groupon BE-2026-07-28-53.2,2026-07-28,Groupon BE,53.2,3.0
migratie-Groupon BE-2026-07-28-141.1,2026-07-28,Groupon BE,141.1,1.0
migratie-Groupon BE-2026-07-28-141.3,2026-07-28,Groupon BE,141.3,1.0
migratie-Groupon BE-2026-07-28-153.1,2026-07-28,Groupon BE,153.1,1.0
migratie-Groupon BE-2026-07-29-6.5,2026-07-29,Groupon BE,6.5,2.0
migratie-Groupon BE-2026-07-29-40.8,2026-07-29,Groupon BE,40.8,1.0
migratie-Groupon BE-2026-07-29-100.1,2026-07-29,Groupon BE,100.1,1.0
migratie-Groupon BE-2026-07-30-9.4,2026-07-30,Groupon BE,9.4,1.0
migratie-Groupon BE-2026-07-30-53.1,2026-07-30,Groupon BE,53.1,1.0
migratie-Groupon BE-2026-07-30-53.2,2026-07-30,Groupon BE,53.2,1.0
migratie-Groupon BE-2026-07-31-249.2,2026-07-31,Groupon BE,249.2,2.0
migratie-Groupon BE-2026-08-04-249.2,2026-08-04,Groupon BE,249.2,1.0
migratie-Groupon BE-2026-08-05-8.19,2026-08-05,Groupon BE,8.19,1.0
migratie-Groupon BE-2026-08-06-53.1,2026-08-06,Groupon BE,53.1,1.0
migratie-Groupon BE-2026-08-06-150.3,2026-08-06,Groupon BE,150.3,1.0
migratie-Groupon BE-2026-08-06-249.2,2026-08-06,Groupon BE,249.2,1.0
migratie-Groupon BE-2026-08-07-13.5,2026-08-07,Groupon BE,13.5,1.0
migratie-Groupon BE-2026-08-07-24.2,2026-08-07,Groupon BE,24.2,1.0
migratie-Groupon BE-2026-08-07-52.2,2026-08-07,Groupon BE,52.2,1.0
migratie-Groupon BE-2026-08-07-280.1,2026-08-07,Groupon BE,280.1,1.0
migratie-Groupon BE-2026-08-10-53.2,2026-08-10,Groupon BE,53.2,2.0
migratie-Groupon BE-2026-08-10-161.0,2026-08-10,Groupon BE,161.0,1.0
migratie-Groupon BE-2026-08-11-6.2,2026-08-11,Groupon BE,6.2,1.0
migratie-Groupon BE-2026-08-11-53.2,2026-08-11,Groupon BE,53.2,1.0
migratie-Groupon BE-2026-08-11-152.1,2026-08-11,Groupon BE,152.1,1.0
migratie-Groupon BE-2026-08-12-104.2,2026-08-12,Groupon BE,104.2,1.0
migratie-Groupon BE-2026-08-12-200.0,2026-08-12,Groupon BE,200.0,1.0
migratie-Groupon BE-2026-08-13-249.1,2026-08-13,Groupon BE,249.1,1.0
migratie-Groupon BE-2026-08-17-29.2,2026-08-17,Groupon BE,29.2,1.0
migratie-Groupon BE-2026-08-17-141.4,2026-08-17,Groupon BE,141.4,1.0
migratie-Groupon BE-2026-08-17-161.1,2026-08-17,Groupon BE,161.1,1.0
migratie-Groupon BE-2026-08-18-23.1,2026-08-18,Groupon BE,23.1,1.0
migratie-Groupon BE-2026-08-18-52.2,2026-08-18,Groupon BE,52.2,1.0
migratie-Groupon BE-2026-08-18-249.1,2026-08-18,Groupon BE,249.1,1.0
migratie-Groupon BE-2026-08-19-4.3,2026-08-19,Groupon BE,4.3,3.0
migratie-Groupon BE-2026-08-19-6.2,2026-08-19,Groupon BE,6.2,1.0
migratie-Groupon BE-2026-08-19-8.4,2026-08-19,Groupon BE,8.4,1.0
migratie-Groupon BE-2026-08-19-24.2,2026-08-19,Groupon BE,24.2,2.0
migratie-Groupon BE-2026-08-19-31.2,2026-08-19,Groupon BE,31.2,1.0
migratie-Groupon BE-2026-08-19-32.1,2026-08-19,Groupon BE,32.1,1.0
migratie-Groupon BE-2026-08-19-40.8,2026-08-19,Groupon BE,40.8,2.0
migratie-Groupon BE-2026-08-19-249.2,2026-08-19,Groupon BE,249.2,2.0
migratie-Groupon BE-2026-08-19-271.2,2026-08-19,Groupon BE,271.2,1.0
migratie-Groupon BE-2026-08-20-9.5,2026-08-20,Groupon BE,9.5,1.0
migratie-Groupon BE-2026-08-21-200.9,2026-08-21,Groupon BE,200.9,1.0
migratie-Groupon BE-2026-08-24-41.3,2026-08-24,Groupon BE,41.3,1.0
migratie-Groupon BE-2026-08-24-53.1,2026-08-24,Groupon BE,53.1,1.0
migratie-Groupon BE-2026-08-25-41.2,2026-08-25,Groupon BE,41.2,1.0
migratie-Groupon BE-2026-08-25-53.2,2026-08-25,Groupon BE,53.2,1.0
migratie-Groupon BE-2026-08-27-8.19,2026-08-27,Groupon BE,8.19,1.0
migratie-Groupon BE-2026-08-27-13.7,2026-08-27,Groupon BE,13.7,1.0
migratie-Groupon BE-2026-08-27-153.1,2026-08-27,Groupon BE,153.1,1.0
migratie-Groupon BE-2026-08-27-249.2,2026-08-27,Groupon BE,249.2,1.0
migratie-Groupon BE-2026-08-31-9.4,2026-08-31,Groupon BE,9.4,1.0
migratie-Groupon BE-2026-08-31-22.1,2026-08-31,Groupon BE,22.1,2.0
migratie-Groupon BE-2026-08-31-24.1,2026-08-31,Groupon BE,24.1,1.0
migratie-Groupon BE-2026-08-31-39.1,2026-08-31,Groupon BE,39.1,1.0
migratie-Groupon BE-2026-08-31-52.1,2026-08-31,Groupon BE,52.1,1.0
migratie-Groupon BE-2026-08-31-53.2,2026-08-31,Groupon BE,53.2,1.0
migratie-Groupon BE-2026-08-31-270.1,2026-08-31,Groupon BE,270.1,1.0
migratie-Groupon BE-2026-08-31-280.1,2026-08-31,Groupon BE,280.1,1.0
migratie-Groupon BE-2026-09-02-249.2,2026-09-02,Groupon BE,249.2,2.0
migratie-Groupon BE-2026-09-03-249.1,2026-09-03,Groupon BE,249.1,2.0
migratie-Groupon BE-2026-09-07-53.2,2026-09-07,Groupon BE,53.2,2.0
migratie-Groupon BE-2026-09-08-250.2,2026-09-08,Groupon BE,250.2,1.0
migratie-Groupon BE-2026-09-09-9.6,2026-09-09,Groupon BE,9.6,1.0
migratie-Groupon BE-2026-09-09-22.1,2026-09-09,Groupon BE,22.1,1.0
migratie-Groupon BE-2026-09-09-53.1,2026-09-09,Groupon BE,53.1,1.0
migratie-Groupon BE-2026-09-09-200.4,2026-09-09,Groupon BE,200.4,1.0
migratie-Groupon BE-2026-09-11-21.0,2026-09-11,Groupon BE,21.0,1.0
migratie-Groupon BE-2026-09-14-3.2,2026-09-14,Groupon BE,3.2,1.0
migratie-Groupon BE-2026-09-14-40.8,2026-09-14,Groupon BE,40.8,1.0
migratie-Groupon BE-2026-09-14-249.1,2026-09-14,Groupon BE,249.1,1.0
migratie-Groupon BE-2026-09-14-280.2,2026-09-14,Groupon BE,280.2,1.0
migratie-Groupon BE-2026-09-15-39.2,2026-09-15,Groupon BE,39.2,1.0
migratie-Groupon BE-2026-09-15-54.1,2026-09-15,Groupon BE,54.1,1.0
migratie-Groupon BE-2026-09-15-141.4,2026-09-15,Groupon BE,141.4,1.0
migratie-Groupon BE-2026-09-15-161.2,2026-09-15,Groupon BE,161.2,1.0
migratie-Groupon BE-2026-09-15-249.1,2026-09-15,Groupon BE,249.1,1.0
migratie-Groupon BE-2026-09-15-272.1,2026-09-15,Groupon BE,272.1,1.0
migratie-Groupon BE-2026-09-15-272.2,2026-09-15,Groupon BE,272.2,1.0
migratie-Groupon BE-2026-09-15-272.3,2026-09-15,Groupon BE,272.3,1.0
migratie-Groupon BE-2026-09-17-53.2,2026-09-17,Groupon BE,53.2,1.0
migratie-Groupon BE-2026-09-17-54.2,2026-09-17,Groupon BE,54.2,1.0
migratie-Groupon BE-2026-09-17-202.2,2026-09-17,Groupon BE,202.2,1.0
migratie-Groupon DE-2026-07-01-9.4,2026-07-01,Groupon DE,9.4,2.0
migratie-Groupon DE-2026-07-01-23.4,2026-07-01,Groupon DE,23.4,2.0
migratie-Groupon DE-2026-07-01-24.2,2026-07-01,Groupon DE,24.2,1.0
migratie-Groupon DE-2026-07-01-52.1,2026-07-01,Groupon DE,52.1,1.0
migratie-Groupon DE-2026-07-01-100.1,2026-07-01,Groupon DE,100.1,2.0
migratie-Groupon DE-2026-07-01-150.4,2026-07-01,Groupon DE,150.4,1.0
migratie-Groupon DE-2026-07-02-2.5,2026-07-02,Groupon DE,2.5,3.0
migratie-Groupon DE-2026-07-02-8.16,2026-07-02,Groupon DE,8.16,1.0
migratie-Groupon DE-2026-07-02-9.4,2026-07-02,Groupon DE,9.4,1.0
migratie-Groupon DE-2026-07-02-9.8,2026-07-02,Groupon DE,9.8,1.0
migratie-Groupon DE-2026-07-02-13.6,2026-07-02,Groupon DE,13.6,1.0
migratie-Groupon DE-2026-07-02-100.2,2026-07-02,Groupon DE,100.2,1.0
migratie-Groupon DE-2026-07-02-141.2,2026-07-02,Groupon DE,141.2,1.0
migratie-Groupon DE-2026-07-03-3.2,2026-07-03,Groupon DE,3.2,1.0
migratie-Groupon DE-2026-07-03-8.12,2026-07-03,Groupon DE,8.12,1.0
migratie-Groupon DE-2026-07-03-9.4,2026-07-03,Groupon DE,9.4,3.0
migratie-Groupon DE-2026-07-03-53.1,2026-07-03,Groupon DE,53.1,1.0
migratie-Groupon DE-2026-07-03-104.2,2026-07-03,Groupon DE,104.2,4.0
migratie-Groupon DE-2026-07-03-161.1,2026-07-03,Groupon DE,161.1,1.0
migratie-Groupon DE-2026-07-03-280.1,2026-07-03,Groupon DE,280.1,1.0
migratie-Groupon DE-2026-07-06-2.5,2026-07-06,Groupon DE,2.5,2.0
migratie-Groupon DE-2026-07-06-9.4,2026-07-06,Groupon DE,9.4,4.0
migratie-Groupon DE-2026-07-06-9.5,2026-07-06,Groupon DE,9.5,1.0
migratie-Groupon DE-2026-07-06-9.6,2026-07-06,Groupon DE,9.6,2.0
migratie-Groupon DE-2026-07-06-9.7,2026-07-06,Groupon DE,9.7,2.0
migratie-Groupon DE-2026-07-06-9.8,2026-07-06,Groupon DE,9.8,2.0
migratie-Groupon DE-2026-07-06-13.2,2026-07-06,Groupon DE,13.2,1.0
migratie-Groupon DE-2026-07-06-13.3,2026-07-06,Groupon DE,13.3,1.0
migratie-Groupon DE-2026-07-06-23.4,2026-07-06,Groupon DE,23.4,2.0
migratie-Groupon DE-2026-07-06-24.2,2026-07-06,Groupon DE,24.2,2.0
migratie-Groupon DE-2026-07-06-31.1,2026-07-06,Groupon DE,31.1,1.0
migratie-Groupon DE-2026-07-06-39.1,2026-07-06,Groupon DE,39.1,1.0
migratie-Groupon DE-2026-07-06-40.7,2026-07-06,Groupon DE,40.7,1.0
migratie-Groupon DE-2026-07-06-41.4,2026-07-06,Groupon DE,41.4,4.0
migratie-Groupon DE-2026-07-06-53.1,2026-07-06,Groupon DE,53.1,1.0
migratie-Groupon DE-2026-07-06-53.2,2026-07-06,Groupon DE,53.2,1.0
migratie-Groupon DE-2026-07-06-100.2,2026-07-06,Groupon DE,100.2,1.0
migratie-Groupon DE-2026-07-06-150.2,2026-07-06,Groupon DE,150.2,1.0
migratie-Groupon DE-2026-07-06-152.4,2026-07-06,Groupon DE,152.4,1.0
migratie-Groupon DE-2026-07-06-161.0,2026-07-06,Groupon DE,161.0,1.0
migratie-Groupon DE-2026-07-06-161.2,2026-07-06,Groupon DE,161.2,1.0
migratie-Groupon DE-2026-07-06-201.0,2026-07-06,Groupon DE,201.0,2.0
migratie-Groupon DE-2026-07-06-280.1,2026-07-06,Groupon DE,280.1,1.0
migratie-Groupon DE-2026-07-06-280.2,2026-07-06,Groupon DE,280.2,2.0
migratie-Groupon DE-2026-07-07-4.3,2026-07-07,Groupon DE,4.3,2.0
migratie-Groupon DE-2026-07-07-9.4,2026-07-07,Groupon DE,9.4,2.0
migratie-Groupon DE-2026-07-07-9.7,2026-07-07,Groupon DE,9.7,1.0
migratie-Groupon DE-2026-07-07-25.1,2026-07-07,Groupon DE,25.1,1.0
migratie-Groupon DE-2026-07-07-39.2,2026-07-07,Groupon DE,39.2,1.0
migratie-Groupon DE-2026-07-07-161.1,2026-07-07,Groupon DE,161.1,1.0
migratie-Groupon DE-2026-07-07-249.1,2026-07-07,Groupon DE,249.1,1.0
migratie-Groupon DE-2026-07-07-280.2,2026-07-07,Groupon DE,280.2,1.0
migratie-Groupon DE-2026-07-08-2.5,2026-07-08,Groupon DE,2.5,1.0
migratie-Groupon DE-2026-07-08-9.4,2026-07-08,Groupon DE,9.4,1.0
migratie-Groupon DE-2026-07-08-25.2,2026-07-08,Groupon DE,25.2,1.0
migratie-Groupon DE-2026-07-08-35.1,2026-07-08,Groupon DE,35.1,1.0
migratie-Groupon DE-2026-07-08-100.2,2026-07-08,Groupon DE,100.2,1.0
migratie-Groupon DE-2026-07-08-141.3,2026-07-08,Groupon DE,141.3,2.0
migratie-Groupon DE-2026-07-08-150.4,2026-07-08,Groupon DE,150.4,2.0
migratie-Groupon DE-2026-07-08-152.2,2026-07-08,Groupon DE,152.2,1.0
migratie-Groupon DE-2026-07-09-9.5,2026-07-09,Groupon DE,9.5,2.0
migratie-Groupon DE-2026-07-09-9.6,2026-07-09,Groupon DE,9.6,2.0
migratie-Groupon DE-2026-07-09-13.1,2026-07-09,Groupon DE,13.1,1.0
migratie-Groupon DE-2026-07-09-23.4,2026-07-09,Groupon DE,23.4,3.0
migratie-Groupon DE-2026-07-09-32.1,2026-07-09,Groupon DE,32.1,1.0
migratie-Groupon DE-2026-07-09-150.2,2026-07-09,Groupon DE,150.2,1.0
migratie-Groupon DE-2026-07-10-9.8,2026-07-10,Groupon DE,9.8,1.0
migratie-Groupon DE-2026-07-10-23.4,2026-07-10,Groupon DE,23.4,1.0
migratie-Groupon DE-2026-07-10-150.3,2026-07-10,Groupon DE,150.3,1.0
migratie-Groupon DE-2026-07-10-161.1,2026-07-10,Groupon DE,161.1,1.0
migratie-Groupon DE-2026-07-10-280.2,2026-07-10,Groupon DE,280.2,2.0
migratie-Groupon DE-2026-07-13-2.5,2026-07-13,Groupon DE,2.5,1.0
migratie-Groupon DE-2026-07-13-3.4,2026-07-13,Groupon DE,3.4,1.0
migratie-Groupon DE-2026-07-13-3.6,2026-07-13,Groupon DE,3.6,1.0
migratie-Groupon DE-2026-07-13-8.12,2026-07-13,Groupon DE,8.12,1.0
migratie-Groupon DE-2026-07-13-9.4,2026-07-13,Groupon DE,9.4,3.0
migratie-Groupon DE-2026-07-13-9.5,2026-07-13,Groupon DE,9.5,3.0
migratie-Groupon DE-2026-07-13-9.6,2026-07-13,Groupon DE,9.6,1.0
migratie-Groupon DE-2026-07-13-9.7,2026-07-13,Groupon DE,9.7,2.0
migratie-Groupon DE-2026-07-13-23.4,2026-07-13,Groupon DE,23.4,1.0
migratie-Groupon DE-2026-07-13-32.1,2026-07-13,Groupon DE,32.1,2.0
migratie-Groupon DE-2026-07-13-35.1,2026-07-13,Groupon DE,35.1,1.0
migratie-Groupon DE-2026-07-13-53.2,2026-07-13,Groupon DE,53.2,2.0
migratie-Groupon DE-2026-07-13-55.1,2026-07-13,Groupon DE,55.1,1.0
migratie-Groupon DE-2026-07-13-70.6,2026-07-13,Groupon DE,70.6,1.0
migratie-Groupon DE-2026-07-13-100.1,2026-07-13,Groupon DE,100.1,1.0
migratie-Groupon DE-2026-07-13-100.2,2026-07-13,Groupon DE,100.2,1.0
migratie-Groupon DE-2026-07-13-104.1,2026-07-13,Groupon DE,104.1,2.0
migratie-Groupon DE-2026-07-13-150.4,2026-07-13,Groupon DE,150.4,2.0
migratie-Groupon DE-2026-07-13-152.1,2026-07-13,Groupon DE,152.1,1.0
migratie-Groupon DE-2026-07-13-152.4,2026-07-13,Groupon DE,152.4,1.0
migratie-Groupon DE-2026-07-13-200.0,2026-07-13,Groupon DE,200.0,2.0
migratie-Groupon DE-2026-07-13-200.6,2026-07-13,Groupon DE,200.6,1.0
migratie-Groupon DE-2026-07-13-201.1,2026-07-13,Groupon DE,201.1,1.0
migratie-Groupon DE-2026-07-13-202.0,2026-07-13,Groupon DE,202.0,1.0
migratie-Groupon DE-2026-07-13-280.2,2026-07-13,Groupon DE,280.2,1.0
migratie-Groupon DE-2026-07-14-2.5,2026-07-14,Groupon DE,2.5,1.0
migratie-Groupon DE-2026-07-14-25.1,2026-07-14,Groupon DE,25.1,1.0
migratie-Groupon DE-2026-07-14-30.1,2026-07-14,Groupon DE,30.1,1.0
migratie-Groupon DE-2026-07-14-41.4,2026-07-14,Groupon DE,41.4,1.0
migratie-Groupon DE-2026-07-14-152.3,2026-07-14,Groupon DE,152.3,1.0
migratie-Groupon DE-2026-07-14-161.0,2026-07-14,Groupon DE,161.0,1.0
migratie-Groupon DE-2026-07-15-6.1,2026-07-15,Groupon DE,6.1,1.0
migratie-Groupon DE-2026-07-15-8.12,2026-07-15,Groupon DE,8.12,1.0
migratie-Groupon DE-2026-07-15-9.4,2026-07-15,Groupon DE,9.4,1.0
migratie-Groupon DE-2026-07-15-9.5,2026-07-15,Groupon DE,9.5,1.0
migratie-Groupon DE-2026-07-15-9.7,2026-07-15,Groupon DE,9.7,2.0
migratie-Groupon DE-2026-07-15-9.8,2026-07-15,Groupon DE,9.8,1.0
migratie-Groupon DE-2026-07-15-13.1,2026-07-15,Groupon DE,13.1,1.0
migratie-Groupon DE-2026-07-15-23.4,2026-07-15,Groupon DE,23.4,1.0
migratie-Groupon DE-2026-07-15-100.1,2026-07-15,Groupon DE,100.1,1.0
migratie-Groupon DE-2026-07-15-104.1,2026-07-15,Groupon DE,104.1,1.0
migratie-Groupon DE-2026-07-15-141.1,2026-07-15,Groupon DE,141.1,2.0
migratie-Groupon DE-2026-07-15-280.2,2026-07-15,Groupon DE,280.2,1.0
migratie-Groupon DE-2026-07-16-9.4,2026-07-16,Groupon DE,9.4,2.0
migratie-Groupon DE-2026-07-16-9.7,2026-07-16,Groupon DE,9.7,1.0
migratie-Groupon DE-2026-07-16-23.4,2026-07-16,Groupon DE,23.4,2.0
migratie-Groupon DE-2026-07-16-25.2,2026-07-16,Groupon DE,25.2,1.0
migratie-Groupon DE-2026-07-16-100.1,2026-07-16,Groupon DE,100.1,1.0
migratie-Groupon DE-2026-07-16-141.3,2026-07-16,Groupon DE,141.3,1.0
migratie-Groupon DE-2026-07-16-152.4,2026-07-16,Groupon DE,152.4,1.0
migratie-Groupon DE-2026-07-16-200.0,2026-07-16,Groupon DE,200.0,2.0
migratie-Groupon DE-2026-07-16-280.1,2026-07-16,Groupon DE,280.1,1.0
migratie-Groupon DE-2026-07-16-280.2,2026-07-16,Groupon DE,280.2,3.0
migratie-Groupon DE-2026-07-17-9.4,2026-07-17,Groupon DE,9.4,1.0
migratie-Groupon DE-2026-07-17-9.7,2026-07-17,Groupon DE,9.7,1.0
migratie-Groupon DE-2026-07-17-150.1,2026-07-17,Groupon DE,150.1,1.0
migratie-Groupon DE-2026-07-17-152.2,2026-07-17,Groupon DE,152.2,1.0
migratie-Groupon DE-2026-07-17-153.4,2026-07-17,Groupon DE,153.4,1.0
migratie-Groupon DE-2026-07-17-161.2,2026-07-17,Groupon DE,161.2,1.0
migratie-Groupon DE-2026-07-17-200.7,2026-07-17,Groupon DE,200.7,1.0
migratie-Groupon DE-2026-07-17-280.2,2026-07-17,Groupon DE,280.2,1.0
migratie-Groupon DE-2026-07-20-4.3,2026-07-20,Groupon DE,4.3,1.0
migratie-Groupon DE-2026-07-20-8.3,2026-07-20,Groupon DE,8.3,1.0
migratie-Groupon DE-2026-07-20-8.11,2026-07-20,Groupon DE,8.11,1.0
migratie-Groupon DE-2026-07-20-9.4,2026-07-20,Groupon DE,9.4,4.0
migratie-Groupon DE-2026-07-20-9.5,2026-07-20,Groupon DE,9.5,1.0
migratie-Groupon DE-2026-07-20-13.2,2026-07-20,Groupon DE,13.2,1.0
migratie-Groupon DE-2026-07-20-23.3,2026-07-20,Groupon DE,23.3,1.0
migratie-Groupon DE-2026-07-20-35.1,2026-07-20,Groupon DE,35.1,1.0
migratie-Groupon DE-2026-07-20-41.2,2026-07-20,Groupon DE,41.2,1.0
migratie-Groupon DE-2026-07-20-53.1,2026-07-20,Groupon DE,53.1,1.0
migratie-Groupon DE-2026-07-20-53.2,2026-07-20,Groupon DE,53.2,2.0
migratie-Groupon DE-2026-07-20-70.3,2026-07-20,Groupon DE,70.3,1.0
migratie-Groupon DE-2026-07-20-70.5,2026-07-20,Groupon DE,70.5,1.0
migratie-Groupon DE-2026-07-20-100.2,2026-07-20,Groupon DE,100.2,1.0
migratie-Groupon DE-2026-07-20-161.0,2026-07-20,Groupon DE,161.0,4.0
migratie-Groupon DE-2026-07-20-161.1,2026-07-20,Groupon DE,161.1,1.0
migratie-Groupon DE-2026-07-20-249.2,2026-07-20,Groupon DE,249.2,1.0
migratie-Groupon DE-2026-07-20-280.1,2026-07-20,Groupon DE,280.1,1.0
migratie-Groupon DE-2026-07-20-280.2,2026-07-20,Groupon DE,280.2,2.0
migratie-Groupon DE-2026-07-21-4.3,2026-07-21,Groupon DE,4.3,1.0
migratie-Groupon DE-2026-07-21-9.8,2026-07-21,Groupon DE,9.8,1.0
migratie-Groupon DE-2026-07-21-29.2,2026-07-21,Groupon DE,29.2,1.0
migratie-Groupon DE-2026-07-21-31.1,2026-07-21,Groupon DE,31.1,1.0
migratie-Groupon DE-2026-07-21-32.1,2026-07-21,Groupon DE,32.1,1.0
migratie-Groupon DE-2026-07-21-35.1,2026-07-21,Groupon DE,35.1,1.0
migratie-Groupon DE-2026-07-21-161.0,2026-07-21,Groupon DE,161.0,1.0
migratie-Groupon DE-2026-07-21-161.1,2026-07-21,Groupon DE,161.1,1.0
migratie-Groupon DE-2026-07-21-280.2,2026-07-21,Groupon DE,280.2,1.0
migratie-Groupon DE-2026-07-22-8.2,2026-07-22,Groupon DE,8.2,1.0
migratie-Groupon DE-2026-07-22-23.4,2026-07-22,Groupon DE,23.4,1.0
migratie-Groupon DE-2026-07-22-35.1,2026-07-22,Groupon DE,35.1,1.0
migratie-Groupon DE-2026-07-22-52.2,2026-07-22,Groupon DE,52.2,1.0
migratie-Groupon DE-2026-07-22-53.2,2026-07-22,Groupon DE,53.2,1.0
migratie-Groupon DE-2026-07-22-55.2,2026-07-22,Groupon DE,55.2,1.0
migratie-Groupon DE-2026-07-22-161.1,2026-07-22,Groupon DE,161.1,1.0
migratie-Groupon DE-2026-07-22-280.2,2026-07-22,Groupon DE,280.2,1.0
migratie-Groupon DE-2026-07-23-23.4,2026-07-23,Groupon DE,23.4,1.0
migratie-Groupon DE-2026-07-23-32.1,2026-07-23,Groupon DE,32.1,1.0
migratie-Groupon DE-2026-07-23-35.1,2026-07-23,Groupon DE,35.1,1.0
migratie-Groupon DE-2026-07-23-55.2,2026-07-23,Groupon DE,55.2,1.0
migratie-Groupon DE-2026-07-23-100.2,2026-07-23,Groupon DE,100.2,1.0
migratie-Groupon DE-2026-07-23-161.2,2026-07-23,Groupon DE,161.2,1.0
migratie-Groupon DE-2026-07-23-280.2,2026-07-23,Groupon DE,280.2,1.0
migratie-Groupon DE-2026-07-24-9.5,2026-07-24,Groupon DE,9.5,1.0
migratie-Groupon DE-2026-07-24-9.8,2026-07-24,Groupon DE,9.8,1.0
migratie-Groupon DE-2026-07-24-100.2,2026-07-24,Groupon DE,100.2,1.0
migratie-Groupon DE-2026-07-24-153.4,2026-07-24,Groupon DE,153.4,1.0
migratie-Groupon DE-2026-07-24-161.1,2026-07-24,Groupon DE,161.1,1.0
migratie-Groupon DE-2026-07-27-7.1,2026-07-27,Groupon DE,7.1,2.0
migratie-Groupon DE-2026-07-27-8.18,2026-07-27,Groupon DE,8.18,1.0
migratie-Groupon DE-2026-07-27-9.4,2026-07-27,Groupon DE,9.4,2.0
migratie-Groupon DE-2026-07-27-9.7,2026-07-27,Groupon DE,9.7,1.0
migratie-Groupon DE-2026-07-27-9.8,2026-07-27,Groupon DE,9.8,1.0
migratie-Groupon DE-2026-07-27-23.4,2026-07-27,Groupon DE,23.4,2.0
migratie-Groupon DE-2026-07-27-24.1,2026-07-27,Groupon DE,24.1,1.0
migratie-Groupon DE-2026-07-27-24.2,2026-07-27,Groupon DE,24.2,1.0
migratie-Groupon DE-2026-07-27-30.1,2026-07-27,Groupon DE,30.1,1.0
migratie-Groupon DE-2026-07-27-40.8,2026-07-27,Groupon DE,40.8,1.0
migratie-Groupon DE-2026-07-27-152.4,2026-07-27,Groupon DE,152.4,1.0
migratie-Groupon DE-2026-07-27-153.1,2026-07-27,Groupon DE,153.1,1.0
migratie-Groupon DE-2026-07-27-153.3,2026-07-27,Groupon DE,153.3,1.0
migratie-Groupon DE-2026-07-27-161.0,2026-07-27,Groupon DE,161.0,1.0
migratie-Groupon DE-2026-07-27-161.2,2026-07-27,Groupon DE,161.2,2.0
migratie-Groupon DE-2026-07-27-280.2,2026-07-27,Groupon DE,280.2,3.0
migratie-Groupon DE-2026-07-28-3.1,2026-07-28,Groupon DE,3.1,1.0
migratie-Groupon DE-2026-07-28-3.2,2026-07-28,Groupon DE,3.2,1.0
migratie-Groupon DE-2026-07-28-23.4,2026-07-28,Groupon DE,23.4,1.0
migratie-Groupon DE-2026-07-28-31.2,2026-07-28,Groupon DE,31.2,1.0
migratie-Groupon DE-2026-07-28-35.1,2026-07-28,Groupon DE,35.1,1.0
migratie-Groupon DE-2026-07-28-53.1,2026-07-28,Groupon DE,53.1,1.0
migratie-Groupon DE-2026-07-28-100.2,2026-07-28,Groupon DE,100.2,1.0
migratie-Groupon DE-2026-07-28-153.2,2026-07-28,Groupon DE,153.2,1.0
migratie-Groupon DE-2026-07-28-161.1,2026-07-28,Groupon DE,161.1,1.0
migratie-Groupon DE-2026-07-29-3.3,2026-07-29,Groupon DE,3.3,1.0
migratie-Groupon DE-2026-07-29-35.1,2026-07-29,Groupon DE,35.1,1.0
migratie-Groupon DE-2026-07-29-104.1,2026-07-29,Groupon DE,104.1,1.0
migratie-Groupon DE-2026-07-29-161.2,2026-07-29,Groupon DE,161.2,1.0
migratie-Groupon DE-2026-07-29-200.9,2026-07-29,Groupon DE,200.9,1.0
migratie-Groupon DE-2026-07-29-280.1,2026-07-29,Groupon DE,280.1,1.0
migratie-Groupon DE-2026-07-30-9.4,2026-07-30,Groupon DE,9.4,2.0
migratie-Groupon DE-2026-07-30-29.2,2026-07-30,Groupon DE,29.2,1.0
migratie-Groupon DE-2026-07-30-35.1,2026-07-30,Groupon DE,35.1,1.0
migratie-Groupon DE-2026-07-30-53.2,2026-07-30,Groupon DE,53.2,1.0
migratie-Groupon DE-2026-07-30-141.4,2026-07-30,Groupon DE,141.4,1.0
migratie-Groupon DE-2026-07-30-249.1,2026-07-30,Groupon DE,249.1,1.0
migratie-Groupon DE-2026-07-30-280.2,2026-07-30,Groupon DE,280.2,1.0
migratie-Groupon DE-2026-07-31-4.2,2026-07-31,Groupon DE,4.2,1.0
migratie-Groupon DE-2026-07-31-8.19,2026-07-31,Groupon DE,8.19,1.0
migratie-Groupon DE-2026-07-31-9.4,2026-07-31,Groupon DE,9.4,2.0
migratie-Groupon DE-2026-07-31-9.7,2026-07-31,Groupon DE,9.7,1.0
migratie-Groupon DE-2026-07-31-35.1,2026-07-31,Groupon DE,35.1,1.0
migratie-Groupon DE-2026-07-31-41.3,2026-07-31,Groupon DE,41.3,1.0
migratie-Groupon DE-2026-07-31-202.0,2026-07-31,Groupon DE,202.0,1.0
migratie-Groupon DE-2026-07-31-280.2,2026-07-31,Groupon DE,280.2,3.0
migratie-Groupon DE-2026-08-03-8.5,2026-08-03,Groupon DE,8.5,1.0
migratie-Groupon DE-2026-08-03-8.20,2026-08-03,Groupon DE,8.20,1.0
migratie-Groupon DE-2026-08-03-9.4,2026-08-03,Groupon DE,9.4,1.0
migratie-Groupon DE-2026-08-03-9.5,2026-08-03,Groupon DE,9.5,1.0
migratie-Groupon DE-2026-08-03-9.7,2026-08-03,Groupon DE,9.7,3.0
migratie-Groupon DE-2026-08-03-9.8,2026-08-03,Groupon DE,9.8,3.0
migratie-Groupon DE-2026-08-03-13.1,2026-08-03,Groupon DE,13.1,1.0
migratie-Groupon DE-2026-08-03-22.1,2026-08-03,Groupon DE,22.1,1.0
migratie-Groupon DE-2026-08-03-22.2,2026-08-03,Groupon DE,22.2,1.0
migratie-Groupon DE-2026-08-03-23.3,2026-08-03,Groupon DE,23.3,1.0
migratie-Groupon DE-2026-08-03-23.4,2026-08-03,Groupon DE,23.4,1.0
migratie-Groupon DE-2026-08-03-25.2,2026-08-03,Groupon DE,25.2,2.0
migratie-Groupon DE-2026-08-03-41.2,2026-08-03,Groupon DE,41.2,2.0
migratie-Groupon DE-2026-08-03-53.2,2026-08-03,Groupon DE,53.2,4.0
migratie-Groupon DE-2026-08-03-54.2,2026-08-03,Groupon DE,54.2,1.0
migratie-Groupon DE-2026-08-03-100.1,2026-08-03,Groupon DE,100.1,1.0
migratie-Groupon DE-2026-08-03-100.2,2026-08-03,Groupon DE,100.2,2.0
migratie-Groupon DE-2026-08-03-153.3,2026-08-03,Groupon DE,153.3,1.0
migratie-Groupon DE-2026-08-03-161.0,2026-08-03,Groupon DE,161.0,2.0
migratie-Groupon DE-2026-08-03-161.1,2026-08-03,Groupon DE,161.1,2.0
migratie-Groupon DE-2026-08-03-161.2,2026-08-03,Groupon DE,161.2,1.0
migratie-Groupon DE-2026-08-03-280.1,2026-08-03,Groupon DE,280.1,2.0
migratie-Groupon DE-2026-08-03-280.2,2026-08-03,Groupon DE,280.2,2.0
migratie-Groupon DE-2026-08-04-8.12,2026-08-04,Groupon DE,8.12,1.0
migratie-Groupon DE-2026-08-04-9.7,2026-08-04,Groupon DE,9.7,1.0
migratie-Groupon DE-2026-08-04-39.2,2026-08-04,Groupon DE,39.2,1.0
migratie-Groupon DE-2026-08-04-152.1,2026-08-04,Groupon DE,152.1,1.0
migratie-Groupon DE-2026-08-04-152.3,2026-08-04,Groupon DE,152.3,1.0
migratie-Groupon DE-2026-08-04-161.2,2026-08-04,Groupon DE,161.2,1.0
migratie-Groupon DE-2026-08-05-100.2,2026-08-05,Groupon DE,100.2,3.0
migratie-Groupon DE-2026-08-06-9.4,2026-08-06,Groupon DE,9.4,1.0
migratie-Groupon DE-2026-08-06-9.8,2026-08-06,Groupon DE,9.8,1.0
migratie-Groupon DE-2026-08-06-39.2,2026-08-06,Groupon DE,39.2,1.0
migratie-Groupon DE-2026-08-06-53.2,2026-08-06,Groupon DE,53.2,1.0
migratie-Groupon DE-2026-08-06-141.2,2026-08-06,Groupon DE,141.2,1.0
migratie-Groupon DE-2026-08-06-152.4,2026-08-06,Groupon DE,152.4,1.0
migratie-Groupon DE-2026-08-06-161.0,2026-08-06,Groupon DE,161.0,1.0
migratie-Groupon DE-2026-08-07-4.2,2026-08-07,Groupon DE,4.2,1.0
migratie-Groupon DE-2026-08-07-7.2,2026-08-07,Groupon DE,7.2,1.0
migratie-Groupon DE-2026-08-07-9.4,2026-08-07,Groupon DE,9.4,1.0
migratie-Groupon DE-2026-08-07-9.7,2026-08-07,Groupon DE,9.7,1.0
migratie-Groupon DE-2026-08-07-53.1,2026-08-07,Groupon DE,53.1,1.0
migratie-Groupon DE-2026-08-07-53.2,2026-08-07,Groupon DE,53.2,1.0
migratie-Groupon DE-2026-08-07-201.5,2026-08-07,Groupon DE,201.5,1.0
migratie-Groupon DE-2026-08-07-201.6,2026-08-07,Groupon DE,201.6,1.0
migratie-Groupon DE-2026-08-10-8.6,2026-08-10,Groupon DE,8.6,1.0
migratie-Groupon DE-2026-08-10-9.4,2026-08-10,Groupon DE,9.4,3.0
migratie-Groupon DE-2026-08-10-9.5,2026-08-10,Groupon DE,9.5,1.0
migratie-Groupon DE-2026-08-10-9.7,2026-08-10,Groupon DE,9.7,2.0
migratie-Groupon DE-2026-08-10-9.8,2026-08-10,Groupon DE,9.8,1.0
migratie-Groupon DE-2026-08-10-23.4,2026-08-10,Groupon DE,23.4,2.0
migratie-Groupon DE-2026-08-10-25.1,2026-08-10,Groupon DE,25.1,1.0
migratie-Groupon DE-2026-08-10-25.2,2026-08-10,Groupon DE,25.2,1.0
migratie-Groupon DE-2026-08-10-39.2,2026-08-10,Groupon DE,39.2,1.0
migratie-Groupon DE-2026-08-10-53.2,2026-08-10,Groupon DE,53.2,1.0
migratie-Groupon DE-2026-08-10-54.1,2026-08-10,Groupon DE,54.1,1.0
migratie-Groupon DE-2026-08-10-161.0,2026-08-10,Groupon DE,161.0,3.0
migratie-Groupon DE-2026-08-11-8.6,2026-08-11,Groupon DE,8.6,1.0
migratie-Groupon DE-2026-08-11-8.20,2026-08-11,Groupon DE,8.20,1.0
migratie-Groupon DE-2026-08-11-23.4,2026-08-11,Groupon DE,23.4,1.0
migratie-Groupon DE-2026-08-11-53.2,2026-08-11,Groupon DE,53.2,1.0
migratie-Groupon DE-2026-08-11-70.5,2026-08-11,Groupon DE,70.5,1.0
migratie-Groupon DE-2026-08-11-161.0,2026-08-11,Groupon DE,161.0,1.0
migratie-Groupon DE-2026-08-11-161.2,2026-08-11,Groupon DE,161.2,1.0
migratie-Groupon DE-2026-08-12-7.2,2026-08-12,Groupon DE,7.2,1.0
migratie-Groupon DE-2026-08-12-9.7,2026-08-12,Groupon DE,9.7,1.0
migratie-Groupon DE-2026-08-12-25.2,2026-08-12,Groupon DE,25.2,1.0
migratie-Groupon DE-2026-08-12-141.3,2026-08-12,Groupon DE,141.3,1.0
migratie-Groupon DE-2026-08-13-9.7,2026-08-13,Groupon DE,9.7,1.0
migratie-Groupon DE-2026-08-13-21.0,2026-08-13,Groupon DE,21.0,1.0
migratie-Groupon DE-2026-08-13-22.2,2026-08-13,Groupon DE,22.2,1.0
migratie-Groupon DE-2026-08-13-25.1,2026-08-13,Groupon DE,25.1,1.0
migratie-Groupon DE-2026-08-13-41.3,2026-08-13,Groupon DE,41.3,1.0
migratie-Groupon DE-2026-08-13-161.2,2026-08-13,Groupon DE,161.2,1.0
migratie-Groupon DE-2026-08-13-200.8,2026-08-13,Groupon DE,200.8,1.0
migratie-Groupon DE-2026-08-13-280.1,2026-08-13,Groupon DE,280.1,1.0
migratie-Groupon DE-2026-08-14-4.3,2026-08-14,Groupon DE,4.3,1.0
migratie-Groupon DE-2026-08-14-9.4,2026-08-14,Groupon DE,9.4,2.0
migratie-Groupon DE-2026-08-14-32.1,2026-08-14,Groupon DE,32.1,1.0
migratie-Groupon DE-2026-08-14-40.7,2026-08-14,Groupon DE,40.7,1.0
migratie-Groupon DE-2026-08-14-53.1,2026-08-14,Groupon DE,53.1,1.0
migratie-Groupon DE-2026-08-14-100.2,2026-08-14,Groupon DE,100.2,1.0
migratie-Groupon DE-2026-08-14-141.4,2026-08-14,Groupon DE,141.4,1.0
migratie-Groupon DE-2026-08-14-161.0,2026-08-14,Groupon DE,161.0,1.0
migratie-Groupon DE-2026-08-14-161.1,2026-08-14,Groupon DE,161.1,1.0
migratie-Groupon DE-2026-08-14-249.1,2026-08-14,Groupon DE,249.1,1.0
migratie-Groupon DE-2026-08-17-2.5,2026-08-17,Groupon DE,2.5,1.0
migratie-Groupon DE-2026-08-17-8.20,2026-08-17,Groupon DE,8.20,1.0
migratie-Groupon DE-2026-08-17-9.4,2026-08-17,Groupon DE,9.4,2.0
migratie-Groupon DE-2026-08-17-9.5,2026-08-17,Groupon DE,9.5,2.0
migratie-Groupon DE-2026-08-17-9.7,2026-08-17,Groupon DE,9.7,1.0
migratie-Groupon DE-2026-08-17-9.8,2026-08-17,Groupon DE,9.8,2.0
migratie-Groupon DE-2026-08-17-32.1,2026-08-17,Groupon DE,32.1,1.0
migratie-Groupon DE-2026-08-17-41.3,2026-08-17,Groupon DE,41.3,1.0
migratie-Groupon DE-2026-08-17-53.2,2026-08-17,Groupon DE,53.2,1.0
migratie-Groupon DE-2026-08-17-54.1,2026-08-17,Groupon DE,54.1,1.0
migratie-Groupon DE-2026-08-17-100.2,2026-08-17,Groupon DE,100.2,1.0
migratie-Groupon DE-2026-08-17-201.0,2026-08-17,Groupon DE,201.0,1.0
migratie-Groupon DE-2026-08-17-202.2,2026-08-17,Groupon DE,202.2,1.0
migratie-Groupon DE-2026-08-17-280.2,2026-08-17,Groupon DE,280.2,3.0
migratie-Groupon DE-2026-08-18-9.4,2026-08-18,Groupon DE,9.4,1.0
migratie-Groupon DE-2026-08-18-9.6,2026-08-18,Groupon DE,9.6,1.0
migratie-Groupon DE-2026-08-18-9.7,2026-08-18,Groupon DE,9.7,1.0
migratie-Groupon DE-2026-08-18-24.1,2026-08-18,Groupon DE,24.1,2.0
migratie-Groupon DE-2026-08-18-32.1,2026-08-18,Groupon DE,32.1,1.0
migratie-Groupon DE-2026-08-18-201.3,2026-08-18,Groupon DE,201.3,1.0
migratie-Groupon DE-2026-08-19-9.4,2026-08-19,Groupon DE,9.4,1.0
migratie-Groupon DE-2026-08-20-2.5,2026-08-20,Groupon DE,2.5,1.0
migratie-Groupon DE-2026-08-20-4.3,2026-08-20,Groupon DE,4.3,1.0
migratie-Groupon DE-2026-08-20-23.4,2026-08-20,Groupon DE,23.4,1.0
migratie-Groupon DE-2026-08-20-24.2,2026-08-20,Groupon DE,24.2,1.0
migratie-Groupon DE-2026-08-20-32.1,2026-08-20,Groupon DE,32.1,1.0
migratie-Groupon DE-2026-08-20-100.2,2026-08-20,Groupon DE,100.2,1.0
migratie-Groupon DE-2026-08-20-141.1,2026-08-20,Groupon DE,141.1,1.0
migratie-Groupon DE-2026-08-20-161.0,2026-08-20,Groupon DE,161.0,1.0
migratie-Groupon DE-2026-08-21-9.5,2026-08-21,Groupon DE,9.5,1.0
migratie-Groupon DE-2026-08-21-100.2,2026-08-21,Groupon DE,100.2,1.0
migratie-Groupon DE-2026-08-24-7.1,2026-08-24,Groupon DE,7.1,1.0
migratie-Groupon DE-2026-08-24-8.8,2026-08-24,Groupon DE,8.8,1.0
migratie-Groupon DE-2026-08-24-8.19,2026-08-24,Groupon DE,8.19,1.0
migratie-Groupon DE-2026-08-24-9.4,2026-08-24,Groupon DE,9.4,1.0
migratie-Groupon DE-2026-08-24-9.5,2026-08-24,Groupon DE,9.5,1.0
migratie-Groupon DE-2026-08-24-9.6,2026-08-24,Groupon DE,9.6,1.0
migratie-Groupon DE-2026-08-24-9.7,2026-08-24,Groupon DE,9.7,4.0
migratie-Groupon DE-2026-08-24-13.7,2026-08-24,Groupon DE,13.7,1.0
migratie-Groupon DE-2026-08-24-22.2,2026-08-24,Groupon DE,22.2,1.0
migratie-Groupon DE-2026-08-24-23.4,2026-08-24,Groupon DE,23.4,1.0
migratie-Groupon DE-2026-08-24-25.1,2026-08-24,Groupon DE,25.1,1.0
migratie-Groupon DE-2026-08-24-31.2,2026-08-24,Groupon DE,31.2,1.0
migratie-Groupon DE-2026-08-24-35.1,2026-08-24,Groupon DE,35.1,1.0
migratie-Groupon DE-2026-08-24-39.1,2026-08-24,Groupon DE,39.1,1.0
migratie-Groupon DE-2026-08-24-39.2,2026-08-24,Groupon DE,39.2,3.0
migratie-Groupon DE-2026-08-24-52.1,2026-08-24,Groupon DE,52.1,1.0
migratie-Groupon DE-2026-08-24-52.2,2026-08-24,Groupon DE,52.2,1.0
migratie-Groupon DE-2026-08-24-70.5,2026-08-24,Groupon DE,70.5,1.0
migratie-Groupon DE-2026-08-24-141.1,2026-08-24,Groupon DE,141.1,1.0
migratie-Groupon DE-2026-08-24-161.1,2026-08-24,Groupon DE,161.1,1.0
migratie-Groupon DE-2026-08-24-161.2,2026-08-24,Groupon DE,161.2,1.0
migratie-Groupon DE-2026-08-24-200.4,2026-08-24,Groupon DE,200.4,1.0
migratie-Groupon DE-2026-08-25-35.1,2026-08-25,Groupon DE,35.1,1.0
migratie-Groupon DE-2026-08-25-153.1,2026-08-25,Groupon DE,153.1,1.0
migratie-Groupon DE-2026-08-25-161.0,2026-08-25,Groupon DE,161.0,1.0
migratie-Groupon DE-2026-08-26-4.3,2026-08-26,Groupon DE,4.3,1.0
migratie-Groupon DE-2026-08-26-31.0,2026-08-26,Groupon DE,31.0,1.0
migratie-Groupon DE-2026-08-26-35.1,2026-08-26,Groupon DE,35.1,1.0
migratie-Groupon DE-2026-08-26-40.8,2026-08-26,Groupon DE,40.8,1.0
migratie-Groupon DE-2026-08-26-54.1,2026-08-26,Groupon DE,54.1,1.0
migratie-Groupon DE-2026-08-26-150.3,2026-08-26,Groupon DE,150.3,1.0
migratie-Groupon DE-2026-08-27-2.5,2026-08-27,Groupon DE,2.5,1.0
migratie-Groupon DE-2026-08-27-29.1,2026-08-27,Groupon DE,29.1,1.0
migratie-Groupon DE-2026-08-27-32.1,2026-08-27,Groupon DE,32.1,1.0
migratie-Groupon DE-2026-08-27-161.2,2026-08-27,Groupon DE,161.2,1.0
migratie-Groupon DE-2026-08-27-201.1,2026-08-27,Groupon DE,201.1,1.0
migratie-Groupon DE-2026-08-28-4.2,2026-08-28,Groupon DE,4.2,15.0
migratie-Groupon DE-2026-08-28-7.1,2026-08-28,Groupon DE,7.1,1.0
migratie-Groupon DE-2026-08-28-24.1,2026-08-28,Groupon DE,24.1,1.0
migratie-Groupon DE-2026-08-28-25.1,2026-08-28,Groupon DE,25.1,1.0
migratie-Groupon DE-2026-08-28-161.2,2026-08-28,Groupon DE,161.2,2.0
migratie-Groupon DE-2026-08-28-200.4,2026-08-28,Groupon DE,200.4,1.0
migratie-Groupon DE-2026-08-28-202.2,2026-08-28,Groupon DE,202.2,1.0
migratie-Groupon DE-2026-08-31-3.7,2026-08-31,Groupon DE,3.7,1.0
migratie-Groupon DE-2026-08-31-7.2,2026-08-31,Groupon DE,7.2,1.0
migratie-Groupon DE-2026-08-31-9.4,2026-08-31,Groupon DE,9.4,3.0
migratie-Groupon DE-2026-08-31-9.5,2026-08-31,Groupon DE,9.5,2.0
migratie-Groupon DE-2026-08-31-22.1,2026-08-31,Groupon DE,22.1,1.0
migratie-Groupon DE-2026-08-31-22.2,2026-08-31,Groupon DE,22.2,1.0
migratie-Groupon DE-2026-08-31-39.2,2026-08-31,Groupon DE,39.2,1.0
migratie-Groupon DE-2026-08-31-41.2,2026-08-31,Groupon DE,41.2,3.0
migratie-Groupon DE-2026-08-31-54.1,2026-08-31,Groupon DE,54.1,2.0
migratie-Groupon DE-2026-08-31-54.2,2026-08-31,Groupon DE,54.2,1.0
migratie-Groupon DE-2026-08-31-100.1,2026-08-31,Groupon DE,100.1,2.0
migratie-Groupon DE-2026-08-31-100.2,2026-08-31,Groupon DE,100.2,1.0
migratie-Groupon DE-2026-08-31-104.1,2026-08-31,Groupon DE,104.1,1.0
migratie-Groupon DE-2026-08-31-141.1,2026-08-31,Groupon DE,141.1,2.0
migratie-Groupon DE-2026-08-31-150.2,2026-08-31,Groupon DE,150.2,1.0
migratie-Groupon DE-2026-08-31-161.0,2026-08-31,Groupon DE,161.0,1.0
migratie-Groupon DE-2026-08-31-201.0,2026-08-31,Groupon DE,201.0,1.0
migratie-Groupon DE-2026-08-31-201.5,2026-08-31,Groupon DE,201.5,1.0
migratie-Groupon DE-2026-08-31-280.1,2026-08-31,Groupon DE,280.1,1.0
migratie-Groupon DE-2026-08-31-280.2,2026-08-31,Groupon DE,280.2,2.0
migratie-Groupon DE-2026-09-01-9.4,2026-09-01,Groupon DE,9.4,1.0
migratie-Groupon DE-2026-09-01-39.1,2026-09-01,Groupon DE,39.1,1.0
migratie-Groupon DE-2026-09-01-52.1,2026-09-01,Groupon DE,52.1,1.0
migratie-Groupon DE-2026-09-01-53.1,2026-09-01,Groupon DE,53.1,2.0
migratie-Groupon DE-2026-09-02-100.2,2026-09-02,Groupon DE,100.2,1.0
migratie-Groupon DE-2026-09-02-161.2,2026-09-02,Groupon DE,161.2,1.0
migratie-Groupon DE-2026-09-02-280.2,2026-09-02,Groupon DE,280.2,4.0
migratie-Groupon DE-2026-09-03-41.4,2026-09-03,Groupon DE,41.4,2.0
migratie-Groupon DE-2026-09-03-53.1,2026-09-03,Groupon DE,53.1,1.0
migratie-Groupon DE-2026-09-03-100.2,2026-09-03,Groupon DE,100.2,1.0
migratie-Groupon DE-2026-09-04-8.18,2026-09-04,Groupon DE,8.18,2.0
migratie-Groupon DE-2026-09-04-141.3,2026-09-04,Groupon DE,141.3,1.0
migratie-Groupon DE-2026-09-04-280.2,2026-09-04,Groupon DE,280.2,1.0
migratie-Groupon DE-2026-09-07-7.2,2026-09-07,Groupon DE,7.2,3.0
migratie-Groupon DE-2026-09-07-8.5,2026-09-07,Groupon DE,8.5,1.0
migratie-Groupon DE-2026-09-07-9.4,2026-09-07,Groupon DE,9.4,4.0
migratie-Groupon DE-2026-09-07-9.5,2026-09-07,Groupon DE,9.5,1.0
migratie-Groupon DE-2026-09-07-9.7,2026-09-07,Groupon DE,9.7,2.0
migratie-Groupon DE-2026-09-07-13.2,2026-09-07,Groupon DE,13.2,1.0
migratie-Groupon DE-2026-09-07-13.7,2026-09-07,Groupon DE,13.7,2.0
migratie-Groupon DE-2026-09-07-23.3,2026-09-07,Groupon DE,23.3,1.0
migratie-Groupon DE-2026-09-07-23.4,2026-09-07,Groupon DE,23.4,1.0
migratie-Groupon DE-2026-09-07-25.1,2026-09-07,Groupon DE,25.1,1.0
migratie-Groupon DE-2026-09-07-25.2,2026-09-07,Groupon DE,25.2,1.0
migratie-Groupon DE-2026-09-07-31.2,2026-09-07,Groupon DE,31.2,1.0
migratie-Groupon DE-2026-09-07-41.4,2026-09-07,Groupon DE,41.4,1.0
migratie-Groupon DE-2026-09-07-52.2,2026-09-07,Groupon DE,52.2,1.0
migratie-Groupon DE-2026-09-07-53.2,2026-09-07,Groupon DE,53.2,1.0
migratie-Groupon DE-2026-09-07-100.2,2026-09-07,Groupon DE,100.2,1.0
migratie-Groupon DE-2026-09-07-153.4,2026-09-07,Groupon DE,153.4,1.0
migratie-Groupon DE-2026-09-07-161.0,2026-09-07,Groupon DE,161.0,1.0
migratie-Groupon DE-2026-09-07-201.0,2026-09-07,Groupon DE,201.0,1.0
migratie-Groupon DE-2026-09-07-201.1,2026-09-07,Groupon DE,201.1,1.0
migratie-Groupon DE-2026-09-07-202.0,2026-09-07,Groupon DE,202.0,2.0
migratie-Groupon DE-2026-09-08-3.1,2026-09-08,Groupon DE,3.1,1.0
migratie-Groupon DE-2026-09-08-3.6,2026-09-08,Groupon DE,3.6,1.0
migratie-Groupon DE-2026-09-08-8.6,2026-09-08,Groupon DE,8.6,1.0
migratie-Groupon DE-2026-09-08-8.8,2026-09-08,Groupon DE,8.8,1.0
migratie-Groupon DE-2026-09-08-23.3,2026-09-08,Groupon DE,23.3,1.0
migratie-Groupon DE-2026-09-08-23.4,2026-09-08,Groupon DE,23.4,1.0
migratie-Groupon DE-2026-09-08-25.1,2026-09-08,Groupon DE,25.1,1.0
migratie-Groupon DE-2026-09-08-249.2,2026-09-08,Groupon DE,249.2,1.0
migratie-Groupon DE-2026-09-09-9.4,2026-09-09,Groupon DE,9.4,1.0
migratie-Groupon DE-2026-09-09-9.8,2026-09-09,Groupon DE,9.8,1.0
migratie-Groupon DE-2026-09-09-23.4,2026-09-09,Groupon DE,23.4,1.0
migratie-Groupon DE-2026-09-09-25.1,2026-09-09,Groupon DE,25.1,1.0
migratie-Groupon DE-2026-09-09-52.1,2026-09-09,Groupon DE,52.1,4.0
migratie-Groupon DE-2026-09-09-53.1,2026-09-09,Groupon DE,53.1,1.0
migratie-Groupon DE-2026-09-09-161.1,2026-09-09,Groupon DE,161.1,1.0
migratie-Groupon DE-2026-09-09-161.2,2026-09-09,Groupon DE,161.2,1.0
migratie-Groupon DE-2026-09-10-8.6,2026-09-10,Groupon DE,8.6,1.0
migratie-Groupon DE-2026-09-10-9.4,2026-09-10,Groupon DE,9.4,1.0
migratie-Groupon DE-2026-09-11-8.1,2026-09-11,Groupon DE,8.1,1.0
migratie-Groupon DE-2026-09-11-23.3,2026-09-11,Groupon DE,23.3,2.0
migratie-Groupon DE-2026-09-11-141.1,2026-09-11,Groupon DE,141.1,1.0
migratie-Groupon DE-2026-09-14-2.5,2026-09-14,Groupon DE,2.5,1.0
migratie-Groupon DE-2026-09-14-23.3,2026-09-14,Groupon DE,23.3,1.0
migratie-Groupon DE-2026-09-14-53.1,2026-09-14,Groupon DE,53.1,1.0
migratie-Groupon DE-2026-09-14-161.1,2026-09-14,Groupon DE,161.1,1.0
migratie-Groupon DE-2026-09-14-201.1,2026-09-14,Groupon DE,201.1,2.0
migratie-Groupon DE-2026-09-15-7.1,2026-09-15,Groupon DE,7.1,1.0
migratie-Groupon DE-2026-09-15-8.12,2026-09-15,Groupon DE,8.12,1.0
migratie-Groupon DE-2026-09-15-9.4,2026-09-15,Groupon DE,9.4,3.0
migratie-Groupon DE-2026-09-15-13.1,2026-09-15,Groupon DE,13.1,1.0
migratie-Groupon DE-2026-09-15-13.6,2026-09-15,Groupon DE,13.6,1.0
migratie-Groupon DE-2026-09-15-13.7,2026-09-15,Groupon DE,13.7,1.0
migratie-Groupon DE-2026-09-15-23.3,2026-09-15,Groupon DE,23.3,1.0
migratie-Groupon DE-2026-09-15-39.2,2026-09-15,Groupon DE,39.2,1.0
migratie-Groupon DE-2026-09-15-41.2,2026-09-15,Groupon DE,41.2,3.0
migratie-Groupon DE-2026-09-15-41.3,2026-09-15,Groupon DE,41.3,1.0
migratie-Groupon DE-2026-09-15-54.1,2026-09-15,Groupon DE,54.1,1.0
migratie-Groupon DE-2026-09-15-141.3,2026-09-15,Groupon DE,141.3,1.0
migratie-Groupon DE-2026-09-15-161.0,2026-09-15,Groupon DE,161.0,1.0
migratie-Groupon DE-2026-09-15-201.5,2026-09-15,Groupon DE,201.5,1.0
migratie-Groupon DE-2026-09-16-9.4,2026-09-16,Groupon DE,9.4,1.0
migratie-Groupon DE-2026-09-16-9.8,2026-09-16,Groupon DE,9.8,1.0
migratie-Groupon DE-2026-09-16-153.1,2026-09-16,Groupon DE,153.1,1.0
migratie-Groupon DE-2026-09-16-153.4,2026-09-16,Groupon DE,153.4,1.0
migratie-Groupon DE-2026-09-17-9.8,2026-09-17,Groupon DE,9.8,1.0
migratie-Groupon ES-2026-07-06-2.5,2026-07-06,Groupon ES,2.5,2.0
migratie-Groupon ES-2026-07-06-8.19,2026-07-06,Groupon ES,8.19,1.0
migratie-Groupon ES-2026-07-06-23.4,2026-07-06,Groupon ES,23.4,1.0
migratie-Groupon ES-2026-07-06-53.2,2026-07-06,Groupon ES,53.2,1.0
migratie-Groupon ES-2026-07-06-70.5,2026-07-06,Groupon ES,70.5,1.0
migratie-Groupon ES-2026-07-06-150.2,2026-07-06,Groupon ES,150.2,2.0
migratie-Groupon ES-2026-07-06-152.2,2026-07-06,Groupon ES,152.2,1.0
migratie-Groupon ES-2026-07-08-2.5,2026-07-08,Groupon ES,2.5,1.0
migratie-Groupon ES-2026-07-08-8.4,2026-07-08,Groupon ES,8.4,1.0
migratie-Groupon ES-2026-07-13-29.1,2026-07-13,Groupon ES,29.1,1.0
migratie-Groupon ES-2026-07-13-271.2,2026-07-13,Groupon ES,271.2,1.0
migratie-Groupon ES-2026-07-17-2.5,2026-07-17,Groupon ES,2.5,1.0
migratie-Groupon ES-2026-07-17-8.19,2026-07-17,Groupon ES,8.19,2.0
migratie-Groupon ES-2026-07-21-8.19,2026-07-21,Groupon ES,8.19,1.0
migratie-Groupon ES-2026-07-21-270.2,2026-07-21,Groupon ES,270.2,1.0
migratie-Groupon ES-2026-07-22-13.5,2026-07-22,Groupon ES,13.5,1.0
migratie-Groupon ES-2026-07-24-2.5,2026-07-24,Groupon ES,2.5,4.0
migratie-Groupon ES-2026-07-24-40.8,2026-07-24,Groupon ES,40.8,1.0
migratie-Groupon ES-2026-07-28-23.4,2026-07-28,Groupon ES,23.4,1.0
migratie-Groupon ES-2026-07-29-7.2,2026-07-29,Groupon ES,7.2,1.0
migratie-Groupon ES-2026-07-29-280.1,2026-07-29,Groupon ES,280.1,1.0
migratie-Groupon ES-2026-07-30-161.2,2026-07-30,Groupon ES,161.2,1.0
migratie-Groupon ES-2026-08-03-280.2,2026-08-03,Groupon ES,280.2,1.0
migratie-Groupon ES-2026-08-05-2.5,2026-08-05,Groupon ES,2.5,1.0
migratie-Groupon ES-2026-08-06-2.5,2026-08-06,Groupon ES,2.5,1.0
migratie-Groupon ES-2026-08-06-161.1,2026-08-06,Groupon ES,161.1,1.0
migratie-Groupon ES-2026-08-06-273.2,2026-08-06,Groupon ES,273.2,1.0
migratie-Groupon ES-2026-08-11-161.0,2026-08-11,Groupon ES,161.0,1.0
migratie-Groupon ES-2026-08-17-2.5,2026-08-17,Groupon ES,2.5,1.0
migratie-Groupon ES-2026-08-17-100.2,2026-08-17,Groupon ES,100.2,1.0
migratie-Groupon ES-2026-08-18-8.19,2026-08-18,Groupon ES,8.19,1.0
migratie-Groupon ES-2026-08-18-29.1,2026-08-18,Groupon ES,29.1,1.0
migratie-Groupon ES-2026-08-19-6.1,2026-08-19,Groupon ES,6.1,1.0
migratie-Groupon ES-2026-08-19-35.1,2026-08-19,Groupon ES,35.1,1.0
migratie-Groupon ES-2026-08-20-2.5,2026-08-20,Groupon ES,2.5,1.0
migratie-Groupon ES-2026-08-20-8.19,2026-08-20,Groupon ES,8.19,1.0
migratie-Groupon ES-2026-08-21-2.2,2026-08-21,Groupon ES,2.2,1.0
migratie-Groupon ES-2026-08-26-161.1,2026-08-26,Groupon ES,161.1,1.0
migratie-Groupon ES-2026-08-31-6.1,2026-08-31,Groupon ES,6.1,1.0
migratie-Groupon ES-2026-08-31-29.1,2026-08-31,Groupon ES,29.1,1.0
migratie-Groupon ES-2026-08-31-32.1,2026-08-31,Groupon ES,32.1,1.0
migratie-Groupon ES-2026-08-31-35.1,2026-08-31,Groupon ES,35.1,1.0
migratie-Groupon ES-2026-08-31-271.2,2026-08-31,Groupon ES,271.2,1.0
migratie-Groupon ES-2026-09-01-161.1,2026-09-01,Groupon ES,161.1,1.0
migratie-Groupon ES-2026-09-02-271.2,2026-09-02,Groupon ES,271.2,1.0
migratie-Groupon ES-2026-09-03-7.1,2026-09-03,Groupon ES,7.1,1.0
migratie-Groupon ES-2026-09-04-8.20,2026-09-04,Groupon ES,8.20,1.0
migratie-Groupon ES-2026-09-07-250.2,2026-09-07,Groupon ES,250.2,1.0
migratie-Groupon ES-2026-09-07-270.2,2026-09-07,Groupon ES,270.2,1.0
migratie-Groupon ES-2026-09-08-3.1,2026-09-08,Groupon ES,3.1,1.0
migratie-Groupon ES-2026-09-09-8.20,2026-09-09,Groupon ES,8.20,1.0
migratie-Groupon ES-2026-09-09-161.2,2026-09-09,Groupon ES,161.2,1.0
migratie-Groupon ES-2026-09-10-280.2,2026-09-10,Groupon ES,280.2,1.0
migratie-Groupon ES-2026-09-15-29.1,2026-09-15,Groupon ES,29.1,1.0
migratie-Groupon ES-2026-09-15-152.4,2026-09-15,Groupon ES,152.4,2.0
migratie-Groupon ES-2026-09-15-153.4,2026-09-15,Groupon ES,153.4,1.0
migratie-Groupon ES-2026-09-15-201.1,2026-09-15,Groupon ES,201.1,1.0
migratie-Groupon ES-2026-09-17-271.2,2026-09-17,Groupon ES,271.2,1.0
migratie-Groupon FR-2026-07-01-100.1,2026-07-01,Groupon FR,100.1,1.0
migratie-Groupon FR-2026-07-01-161.2,2026-07-01,Groupon FR,161.2,1.0
migratie-Groupon FR-2026-07-01-249.1,2026-07-01,Groupon FR,249.1,1.0
migratie-Groupon FR-2026-07-01-250.2,2026-07-01,Groupon FR,250.2,2.0
migratie-Groupon FR-2026-07-01-251.2,2026-07-01,Groupon FR,251.2,1.0
migratie-Groupon FR-2026-07-02-8.19,2026-07-02,Groupon FR,8.19,1.0
migratie-Groupon FR-2026-07-02-35.1,2026-07-02,Groupon FR,35.1,1.0
migratie-Groupon FR-2026-07-02-55.1,2026-07-02,Groupon FR,55.1,1.0
migratie-Groupon FR-2026-07-02-100.1,2026-07-02,Groupon FR,100.1,1.0
migratie-Groupon FR-2026-07-02-100.2,2026-07-02,Groupon FR,100.2,1.0
migratie-Groupon FR-2026-07-02-200.9,2026-07-02,Groupon FR,200.9,2.0
migratie-Groupon FR-2026-07-03-8.20,2026-07-03,Groupon FR,8.20,1.0
migratie-Groupon FR-2026-07-03-35.1,2026-07-03,Groupon FR,35.1,1.0
migratie-Groupon FR-2026-07-03-70.6,2026-07-03,Groupon FR,70.6,2.0
migratie-Groupon FR-2026-07-03-100.2,2026-07-03,Groupon FR,100.2,1.0
migratie-Groupon FR-2026-07-03-200.0,2026-07-03,Groupon FR,200.0,1.0
migratie-Groupon FR-2026-07-03-202.0,2026-07-03,Groupon FR,202.0,1.0
migratie-Groupon FR-2026-07-03-250.2,2026-07-03,Groupon FR,250.2,2.0
migratie-Groupon FR-2026-07-06-2.3,2026-07-06,Groupon FR,2.3,1.0
migratie-Groupon FR-2026-07-06-2.5,2026-07-06,Groupon FR,2.5,2.0
migratie-Groupon FR-2026-07-06-8.1,2026-07-06,Groupon FR,8.1,1.0
migratie-Groupon FR-2026-07-06-8.19,2026-07-06,Groupon FR,8.19,2.0
migratie-Groupon FR-2026-07-06-8.20,2026-07-06,Groupon FR,8.20,1.0
migratie-Groupon FR-2026-07-06-21.0,2026-07-06,Groupon FR,21.0,1.0
migratie-Groupon FR-2026-07-06-24.2,2026-07-06,Groupon FR,24.2,4.0
migratie-Groupon FR-2026-07-06-25.1,2026-07-06,Groupon FR,25.1,1.0
migratie-Groupon FR-2026-07-06-35.1,2026-07-06,Groupon FR,35.1,1.0
migratie-Groupon FR-2026-07-06-53.1,2026-07-06,Groupon FR,53.1,1.0
migratie-Groupon FR-2026-07-06-152.2,2026-07-06,Groupon FR,152.2,1.0
migratie-Groupon FR-2026-07-06-152.3,2026-07-06,Groupon FR,152.3,2.0
migratie-Groupon FR-2026-07-06-161.1,2026-07-06,Groupon FR,161.1,2.0
migratie-Groupon FR-2026-07-06-249.1,2026-07-06,Groupon FR,249.1,2.0
migratie-Groupon FR-2026-07-06-249.2,2026-07-06,Groupon FR,249.2,1.0
migratie-Groupon FR-2026-07-06-250.1,2026-07-06,Groupon FR,250.1,1.0
migratie-Groupon FR-2026-07-06-270.1,2026-07-06,Groupon FR,270.1,1.0
migratie-Groupon FR-2026-07-06-270.2,2026-07-06,Groupon FR,270.2,1.0
migratie-Groupon FR-2026-07-06-272.3,2026-07-06,Groupon FR,272.3,1.0
migratie-Groupon FR-2026-07-07-8.20,2026-07-07,Groupon FR,8.20,1.0
migratie-Groupon FR-2026-07-07-280.1,2026-07-07,Groupon FR,280.1,1.0
migratie-Groupon FR-2026-07-08-35.1,2026-07-08,Groupon FR,35.1,1.0
migratie-Groupon FR-2026-07-08-161.1,2026-07-08,Groupon FR,161.1,1.0
migratie-Groupon FR-2026-07-09-152.1,2026-07-09,Groupon FR,152.1,1.0
migratie-Groupon FR-2026-07-09-161.2,2026-07-09,Groupon FR,161.2,1.0
migratie-Groupon FR-2026-07-09-249.1,2026-07-09,Groupon FR,249.1,2.0
migratie-Groupon FR-2026-07-09-249.2,2026-07-09,Groupon FR,249.2,1.0
migratie-Groupon FR-2026-07-10-35.1,2026-07-10,Groupon FR,35.1,1.0
migratie-Groupon FR-2026-07-10-55.2,2026-07-10,Groupon FR,55.2,1.0
migratie-Groupon FR-2026-07-10-272.2,2026-07-10,Groupon FR,272.2,1.0
migratie-Groupon FR-2026-07-10-273.3,2026-07-10,Groupon FR,273.3,2.0
migratie-Groupon FR-2026-07-13-13.6,2026-07-13,Groupon FR,13.6,1.0
migratie-Groupon FR-2026-07-13-152.1,2026-07-13,Groupon FR,152.1,2.0
migratie-Groupon FR-2026-07-13-161.1,2026-07-13,Groupon FR,161.1,1.0
migratie-Groupon FR-2026-07-13-161.2,2026-07-13,Groupon FR,161.2,3.0
migratie-Groupon FR-2026-07-13-249.1,2026-07-13,Groupon FR,249.1,1.0
migratie-Groupon FR-2026-07-13-250.2,2026-07-13,Groupon FR,250.2,2.0
migratie-Groupon FR-2026-07-14-152.2,2026-07-14,Groupon FR,152.2,1.0
migratie-Groupon FR-2026-07-14-161.1,2026-07-14,Groupon FR,161.1,1.0
migratie-Groupon FR-2026-07-14-250.2,2026-07-14,Groupon FR,250.2,3.0
migratie-Groupon FR-2026-07-15-52.2,2026-07-15,Groupon FR,52.2,1.0
migratie-Groupon FR-2026-07-15-100.1,2026-07-15,Groupon FR,100.1,1.0
migratie-Groupon FR-2026-07-15-249.1,2026-07-15,Groupon FR,249.1,1.0
migratie-Groupon FR-2026-07-16-2.5,2026-07-16,Groupon FR,2.5,1.0
migratie-Groupon FR-2026-07-16-8.3,2026-07-16,Groupon FR,8.3,1.0
migratie-Groupon FR-2026-07-16-8.11,2026-07-16,Groupon FR,8.11,1.0
migratie-Groupon FR-2026-07-16-35.1,2026-07-16,Groupon FR,35.1,1.0
migratie-Groupon FR-2026-07-16-53.2,2026-07-16,Groupon FR,53.2,1.0
migratie-Groupon FR-2026-07-16-152.4,2026-07-16,Groupon FR,152.4,1.0
migratie-Groupon FR-2026-07-16-153.3,2026-07-16,Groupon FR,153.3,1.0
migratie-Groupon FR-2026-07-16-249.2,2026-07-16,Groupon FR,249.2,1.0
migratie-Groupon FR-2026-07-16-251.1,2026-07-16,Groupon FR,251.1,1.0
migratie-Groupon FR-2026-07-16-271.2,2026-07-16,Groupon FR,271.2,1.0
migratie-Groupon FR-2026-07-16-273.3,2026-07-16,Groupon FR,273.3,1.0
migratie-Groupon FR-2026-07-17-8.1,2026-07-17,Groupon FR,8.1,1.0
migratie-Groupon FR-2026-07-17-25.1,2026-07-17,Groupon FR,25.1,1.0
migratie-Groupon FR-2026-07-17-152.4,2026-07-17,Groupon FR,152.4,2.0
migratie-Groupon FR-2026-07-17-161.2,2026-07-17,Groupon FR,161.2,1.0
migratie-Groupon FR-2026-07-17-249.1,2026-07-17,Groupon FR,249.1,1.0
migratie-Groupon FR-2026-07-17-270.1,2026-07-17,Groupon FR,270.1,1.0
migratie-Groupon FR-2026-07-20-8.18,2026-07-20,Groupon FR,8.18,1.0
migratie-Groupon FR-2026-07-20-35.1,2026-07-20,Groupon FR,35.1,2.0
migratie-Groupon FR-2026-07-20-100.2,2026-07-20,Groupon FR,100.2,2.0
migratie-Groupon FR-2026-07-20-152.3,2026-07-20,Groupon FR,152.3,1.0
migratie-Groupon FR-2026-07-20-152.4,2026-07-20,Groupon FR,152.4,1.0
migratie-Groupon FR-2026-07-20-249.1,2026-07-20,Groupon FR,249.1,1.0
migratie-Groupon FR-2026-07-20-251.1,2026-07-20,Groupon FR,251.1,1.0
migratie-Groupon FR-2026-07-20-270.2,2026-07-20,Groupon FR,270.2,1.0
migratie-Groupon FR-2026-07-21-8.1,2026-07-21,Groupon FR,8.1,1.0
migratie-Groupon FR-2026-07-21-35.1,2026-07-21,Groupon FR,35.1,3.0
migratie-Groupon FR-2026-07-21-53.2,2026-07-21,Groupon FR,53.2,1.0
migratie-Groupon FR-2026-07-21-100.2,2026-07-21,Groupon FR,100.2,2.0
migratie-Groupon FR-2026-07-21-249.1,2026-07-21,Groupon FR,249.1,1.0
migratie-Groupon FR-2026-07-22-35.1,2026-07-22,Groupon FR,35.1,1.0
migratie-Groupon FR-2026-07-22-153.4,2026-07-22,Groupon FR,153.4,1.0
migratie-Groupon FR-2026-07-22-249.1,2026-07-22,Groupon FR,249.1,1.0
migratie-Groupon FR-2026-07-22-270.2,2026-07-22,Groupon FR,270.2,1.0
migratie-Groupon FR-2026-07-23-8.19,2026-07-23,Groupon FR,8.19,1.0
migratie-Groupon FR-2026-07-23-35.1,2026-07-23,Groupon FR,35.1,1.0
migratie-Groupon FR-2026-07-23-153.2,2026-07-23,Groupon FR,153.2,1.0
migratie-Groupon FR-2026-07-23-201.1,2026-07-23,Groupon FR,201.1,1.0
migratie-Groupon FR-2026-07-23-249.2,2026-07-23,Groupon FR,249.2,1.0
migratie-Groupon FR-2026-07-23-250.2,2026-07-23,Groupon FR,250.2,1.0
migratie-Groupon FR-2026-07-23-272.2,2026-07-23,Groupon FR,272.2,1.0
migratie-Groupon FR-2026-07-24-70.2,2026-07-24,Groupon FR,70.2,1.0
migratie-Groupon FR-2026-07-24-100.1,2026-07-24,Groupon FR,100.1,1.0
migratie-Groupon FR-2026-07-24-250.1,2026-07-24,Groupon FR,250.1,1.0
migratie-Groupon FR-2026-07-24-250.2,2026-07-24,Groupon FR,250.2,1.0
migratie-Groupon FR-2026-07-27-2.5,2026-07-27,Groupon FR,2.5,3.0
migratie-Groupon FR-2026-07-27-8.1,2026-07-27,Groupon FR,8.1,1.0
migratie-Groupon FR-2026-07-27-24.2,2026-07-27,Groupon FR,24.2,2.0
migratie-Groupon FR-2026-07-27-25.2,2026-07-27,Groupon FR,25.2,1.0
migratie-Groupon FR-2026-07-27-54.2,2026-07-27,Groupon FR,54.2,1.0
migratie-Groupon FR-2026-07-27-100.2,2026-07-27,Groupon FR,100.2,1.0
migratie-Groupon FR-2026-07-27-153.4,2026-07-27,Groupon FR,153.4,1.0
migratie-Groupon FR-2026-07-27-161.1,2026-07-27,Groupon FR,161.1,1.0
migratie-Groupon FR-2026-07-27-161.2,2026-07-27,Groupon FR,161.2,1.0
migratie-Groupon FR-2026-07-27-200.2,2026-07-27,Groupon FR,200.2,1.0
migratie-Groupon FR-2026-07-27-200.4,2026-07-27,Groupon FR,200.4,1.0
migratie-Groupon FR-2026-07-27-202.2,2026-07-27,Groupon FR,202.2,1.0
migratie-Groupon FR-2026-07-27-250.2,2026-07-27,Groupon FR,250.2,1.0
migratie-Groupon FR-2026-07-27-271.2,2026-07-27,Groupon FR,271.2,2.0
migratie-Groupon FR-2026-07-28-53.2,2026-07-28,Groupon FR,53.2,1.0
migratie-Groupon FR-2026-07-28-100.1,2026-07-28,Groupon FR,100.1,1.0
migratie-Groupon FR-2026-07-28-270.2,2026-07-28,Groupon FR,270.2,1.0
migratie-Groupon FR-2026-07-28-272.3,2026-07-28,Groupon FR,272.3,1.0
migratie-Groupon FR-2026-07-29-4.3,2026-07-29,Groupon FR,4.3,1.0
migratie-Groupon FR-2026-07-29-53.1,2026-07-29,Groupon FR,53.1,1.0
migratie-Groupon FR-2026-07-29-100.1,2026-07-29,Groupon FR,100.1,1.0
migratie-Groupon FR-2026-07-29-100.2,2026-07-29,Groupon FR,100.2,1.0
migratie-Groupon FR-2026-07-29-249.1,2026-07-29,Groupon FR,249.1,1.0
migratie-Groupon FR-2026-07-29-271.2,2026-07-29,Groupon FR,271.2,1.0
migratie-Groupon FR-2026-07-30-2.5,2026-07-30,Groupon FR,2.5,1.0
migratie-Groupon FR-2026-07-30-35.1,2026-07-30,Groupon FR,35.1,1.0
migratie-Groupon FR-2026-07-30-153.2,2026-07-30,Groupon FR,153.2,1.0
migratie-Groupon FR-2026-07-30-201.1,2026-07-30,Groupon FR,201.1,1.0
migratie-Groupon FR-2026-07-30-249.1,2026-07-30,Groupon FR,249.1,2.0
migratie-Groupon FR-2026-07-30-249.2,2026-07-30,Groupon FR,249.2,1.0
migratie-Groupon FR-2026-07-30-250.2,2026-07-30,Groupon FR,250.2,2.0
migratie-Groupon FR-2026-07-30-270.2,2026-07-30,Groupon FR,270.2,1.0
migratie-Groupon FR-2026-07-30-272.3,2026-07-30,Groupon FR,272.3,1.0
migratie-Groupon FR-2026-07-30-273.3,2026-07-30,Groupon FR,273.3,1.0
migratie-Groupon FR-2026-07-31-152.2,2026-07-31,Groupon FR,152.2,1.0
migratie-Groupon FR-2026-07-31-271.1,2026-07-31,Groupon FR,271.1,1.0
migratie-Groupon FR-2026-07-31-273.2,2026-07-31,Groupon FR,273.2,1.0
migratie-Groupon FR-2026-08-03-8.1,2026-08-03,Groupon FR,8.1,1.0
migratie-Groupon FR-2026-08-03-13.7,2026-08-03,Groupon FR,13.7,1.0
migratie-Groupon FR-2026-08-03-21.0,2026-08-03,Groupon FR,21.0,2.0
migratie-Groupon FR-2026-08-03-25.2,2026-08-03,Groupon FR,25.2,1.0
migratie-Groupon FR-2026-08-03-35.1,2026-08-03,Groupon FR,35.1,2.0
migratie-Groupon FR-2026-08-03-55.2,2026-08-03,Groupon FR,55.2,3.0
migratie-Groupon FR-2026-08-03-100.1,2026-08-03,Groupon FR,100.1,4.0
migratie-Groupon FR-2026-08-03-100.2,2026-08-03,Groupon FR,100.2,1.0
migratie-Groupon FR-2026-08-03-152.2,2026-08-03,Groupon FR,152.2,1.0
migratie-Groupon FR-2026-08-03-161.1,2026-08-03,Groupon FR,161.1,2.0
migratie-Groupon FR-2026-08-03-161.2,2026-08-03,Groupon FR,161.2,4.0
migratie-Groupon FR-2026-08-03-202.2,2026-08-03,Groupon FR,202.2,1.0
migratie-Groupon FR-2026-08-03-249.1,2026-08-03,Groupon FR,249.1,2.0
migratie-Groupon FR-2026-08-03-250.1,2026-08-03,Groupon FR,250.1,1.0
migratie-Groupon FR-2026-08-03-251.2,2026-08-03,Groupon FR,251.2,1.0
migratie-Groupon FR-2026-08-03-270.2,2026-08-03,Groupon FR,270.2,1.0
migratie-Groupon FR-2026-08-03-271.2,2026-08-03,Groupon FR,271.2,1.0
migratie-Groupon FR-2026-08-04-8.1,2026-08-04,Groupon FR,8.1,2.0
migratie-Groupon FR-2026-08-04-22.2,2026-08-04,Groupon FR,22.2,1.0
migratie-Groupon FR-2026-08-04-24.2,2026-08-04,Groupon FR,24.2,1.0
migratie-Groupon FR-2026-08-04-70.5,2026-08-04,Groupon FR,70.5,1.0
migratie-Groupon FR-2026-08-04-100.1,2026-08-04,Groupon FR,100.1,1.0
migratie-Groupon FR-2026-08-04-161.2,2026-08-04,Groupon FR,161.2,1.0
migratie-Groupon FR-2026-08-04-201.4,2026-08-04,Groupon FR,201.4,1.0
migratie-Groupon FR-2026-08-04-250.1,2026-08-04,Groupon FR,250.1,1.0
migratie-Groupon FR-2026-08-04-271.1,2026-08-04,Groupon FR,271.1,1.0
migratie-Groupon FR-2026-08-05-4.3,2026-08-05,Groupon FR,4.3,1.0
migratie-Groupon FR-2026-08-05-8.1,2026-08-05,Groupon FR,8.1,1.0
migratie-Groupon FR-2026-08-05-153.3,2026-08-05,Groupon FR,153.3,1.0
migratie-Groupon FR-2026-08-05-161.2,2026-08-05,Groupon FR,161.2,2.0
migratie-Groupon FR-2026-08-06-8.1,2026-08-06,Groupon FR,8.1,1.0
migratie-Groupon FR-2026-08-06-13.4,2026-08-06,Groupon FR,13.4,1.0
migratie-Groupon FR-2026-08-06-23.1,2026-08-06,Groupon FR,23.1,1.0
migratie-Groupon FR-2026-08-06-24.1,2026-08-06,Groupon FR,24.1,1.0
migratie-Groupon FR-2026-08-06-24.2,2026-08-06,Groupon FR,24.2,2.0
migratie-Groupon FR-2026-08-06-25.1,2026-08-06,Groupon FR,25.1,1.0
migratie-Groupon FR-2026-08-06-53.2,2026-08-06,Groupon FR,53.2,1.0
migratie-Groupon FR-2026-08-06-55.2,2026-08-06,Groupon FR,55.2,1.0
migratie-Groupon FR-2026-08-06-249.1,2026-08-06,Groupon FR,249.1,1.0
migratie-Groupon FR-2026-08-06-249.2,2026-08-06,Groupon FR,249.2,1.0
migratie-Groupon FR-2026-08-07-8.1,2026-08-07,Groupon FR,8.1,1.0
migratie-Groupon FR-2026-08-07-21.0,2026-08-07,Groupon FR,21.0,1.0
migratie-Groupon FR-2026-08-07-35.1,2026-08-07,Groupon FR,35.1,1.0
migratie-Groupon FR-2026-08-07-52.1,2026-08-07,Groupon FR,52.1,1.0
migratie-Groupon FR-2026-08-07-52.2,2026-08-07,Groupon FR,52.2,1.0
migratie-Groupon FR-2026-08-07-55.1,2026-08-07,Groupon FR,55.1,1.0
migratie-Groupon FR-2026-08-07-70.6,2026-08-07,Groupon FR,70.6,1.0
migratie-Groupon FR-2026-08-07-161.2,2026-08-07,Groupon FR,161.2,2.0
migratie-Groupon FR-2026-08-07-273.3,2026-08-07,Groupon FR,273.3,1.0
migratie-Groupon FR-2026-08-10-24.2,2026-08-10,Groupon FR,24.2,1.0
migratie-Groupon FR-2026-08-10-25.1,2026-08-10,Groupon FR,25.1,1.0
migratie-Groupon FR-2026-08-10-35.1,2026-08-10,Groupon FR,35.1,3.0
migratie-Groupon FR-2026-08-10-161.0,2026-08-10,Groupon FR,161.0,1.0
migratie-Groupon FR-2026-08-10-161.1,2026-08-10,Groupon FR,161.1,1.0
migratie-Groupon FR-2026-08-10-161.2,2026-08-10,Groupon FR,161.2,3.0
migratie-Groupon FR-2026-08-10-201.5,2026-08-10,Groupon FR,201.5,1.0
migratie-Groupon FR-2026-08-10-202.2,2026-08-10,Groupon FR,202.2,2.0
migratie-Groupon FR-2026-08-10-270.2,2026-08-10,Groupon FR,270.2,1.0
migratie-Groupon FR-2026-08-10-271.2,2026-08-10,Groupon FR,271.2,2.0
migratie-Groupon FR-2026-08-10-272.1,2026-08-10,Groupon FR,272.1,1.0
migratie-Groupon FR-2026-08-10-280.1,2026-08-10,Groupon FR,280.1,1.0
migratie-Groupon FR-2026-08-11-8.2,2026-08-11,Groupon FR,8.2,1.0
migratie-Groupon FR-2026-08-11-100.1,2026-08-11,Groupon FR,100.1,2.0
migratie-Groupon FR-2026-08-11-153.2,2026-08-11,Groupon FR,153.2,1.0
migratie-Groupon FR-2026-08-11-161.2,2026-08-11,Groupon FR,161.2,3.0
migratie-Groupon FR-2026-08-11-201.4,2026-08-11,Groupon FR,201.4,2.0
migratie-Groupon FR-2026-08-11-249.1,2026-08-11,Groupon FR,249.1,1.0
migratie-Groupon FR-2026-08-12-25.1,2026-08-12,Groupon FR,25.1,1.0
migratie-Groupon FR-2026-08-12-35.1,2026-08-12,Groupon FR,35.1,1.0
migratie-Groupon FR-2026-08-12-53.2,2026-08-12,Groupon FR,53.2,1.0
migratie-Groupon FR-2026-08-12-55.1,2026-08-12,Groupon FR,55.1,1.0
migratie-Groupon FR-2026-08-13-34.2,2026-08-13,Groupon FR,34.2,1.0
migratie-Groupon FR-2026-08-13-35.1,2026-08-13,Groupon FR,35.1,1.0
migratie-Groupon FR-2026-08-13-161.1,2026-08-13,Groupon FR,161.1,1.0
migratie-Groupon FR-2026-08-13-161.2,2026-08-13,Groupon FR,161.2,1.0
migratie-Groupon FR-2026-08-13-201.2,2026-08-13,Groupon FR,201.2,1.0
migratie-Groupon FR-2026-08-13-271.1,2026-08-13,Groupon FR,271.1,1.0
migratie-Groupon FR-2026-08-14-35.1,2026-08-14,Groupon FR,35.1,1.0
migratie-Groupon FR-2026-08-14-55.1,2026-08-14,Groupon FR,55.1,1.0
migratie-Groupon FR-2026-08-14-161.2,2026-08-14,Groupon FR,161.2,1.0
migratie-Groupon FR-2026-08-14-200.4,2026-08-14,Groupon FR,200.4,2.0
migratie-Groupon FR-2026-08-14-201.0,2026-08-14,Groupon FR,201.0,1.0
migratie-Groupon FR-2026-08-14-201.2,2026-08-14,Groupon FR,201.2,1.0
migratie-Groupon FR-2026-08-14-201.3,2026-08-14,Groupon FR,201.3,1.0
migratie-Groupon FR-2026-08-14-201.6,2026-08-14,Groupon FR,201.6,1.0
migratie-Groupon FR-2026-08-14-249.2,2026-08-14,Groupon FR,249.2,1.0
migratie-Groupon FR-2026-08-14-251.2,2026-08-14,Groupon FR,251.2,1.0
migratie-Groupon FR-2026-08-17-8.2,2026-08-17,Groupon FR,8.2,1.0
migratie-Groupon FR-2026-08-17-8.16,2026-08-17,Groupon FR,8.16,1.0
migratie-Groupon FR-2026-08-17-35.1,2026-08-17,Groupon FR,35.1,1.0
migratie-Groupon FR-2026-08-17-70.3,2026-08-17,Groupon FR,70.3,1.0
migratie-Groupon FR-2026-08-17-70.4,2026-08-17,Groupon FR,70.4,1.0
migratie-Groupon FR-2026-08-17-161.0,2026-08-17,Groupon FR,161.0,1.0
migratie-Groupon FR-2026-08-17-161.2,2026-08-17,Groupon FR,161.2,4.0
migratie-Groupon FR-2026-08-17-249.1,2026-08-17,Groupon FR,249.1,1.0
migratie-Groupon FR-2026-08-17-249.2,2026-08-17,Groupon FR,249.2,1.0
migratie-Groupon FR-2026-08-17-250.1,2026-08-17,Groupon FR,250.1,1.0
migratie-Groupon FR-2026-08-17-272.2,2026-08-17,Groupon FR,272.2,1.0
migratie-Groupon FR-2026-08-18-2.5,2026-08-18,Groupon FR,2.5,1.0
migratie-Groupon FR-2026-08-18-8.1,2026-08-18,Groupon FR,8.1,1.0
migratie-Groupon FR-2026-08-18-24.1,2026-08-18,Groupon FR,24.1,1.0
migratie-Groupon FR-2026-08-18-70.6,2026-08-18,Groupon FR,70.6,1.0
migratie-Groupon FR-2026-08-18-100.1,2026-08-18,Groupon FR,100.1,1.0
migratie-Groupon FR-2026-08-18-201.1,2026-08-18,Groupon FR,201.1,1.0
migratie-Groupon FR-2026-08-18-249.2,2026-08-18,Groupon FR,249.2,1.0
migratie-Groupon FR-2026-08-18-250.2,2026-08-18,Groupon FR,250.2,2.0
migratie-Groupon FR-2026-08-18-271.1,2026-08-18,Groupon FR,271.1,1.0
migratie-Groupon FR-2026-08-18-272.3,2026-08-18,Groupon FR,272.3,1.0
migratie-Groupon FR-2026-08-18-280.2,2026-08-18,Groupon FR,280.2,1.0
migratie-Groupon FR-2026-08-19-201.2,2026-08-19,Groupon FR,201.2,1.0
migratie-Groupon FR-2026-08-19-270.1,2026-08-19,Groupon FR,270.1,1.0
migratie-Groupon FR-2026-08-19-272.3,2026-08-19,Groupon FR,272.3,1.0
migratie-Groupon FR-2026-08-19-273.3,2026-08-19,Groupon FR,273.3,1.0
migratie-Groupon FR-2026-08-20-2.5,2026-08-20,Groupon FR,2.5,2.0
migratie-Groupon FR-2026-08-20-21.0,2026-08-20,Groupon FR,21.0,1.0
migratie-Groupon FR-2026-08-20-25.1,2026-08-20,Groupon FR,25.1,2.0
migratie-Groupon FR-2026-08-20-161.0,2026-08-20,Groupon FR,161.0,1.0
migratie-Groupon FR-2026-08-20-161.2,2026-08-20,Groupon FR,161.2,2.0
migratie-Groupon FR-2026-08-20-202.2,2026-08-20,Groupon FR,202.2,1.0
migratie-Groupon FR-2026-08-20-249.1,2026-08-20,Groupon FR,249.1,1.0
migratie-Groupon FR-2026-08-20-250.2,2026-08-20,Groupon FR,250.2,2.0
migratie-Groupon FR-2026-08-20-270.2,2026-08-20,Groupon FR,270.2,1.0
migratie-Groupon FR-2026-08-21-2.5,2026-08-21,Groupon FR,2.5,1.0
migratie-Groupon FR-2026-08-21-8.8,2026-08-21,Groupon FR,8.8,1.0
migratie-Groupon FR-2026-08-21-8.20,2026-08-21,Groupon FR,8.20,1.0
migratie-Groupon FR-2026-08-21-21.0,2026-08-21,Groupon FR,21.0,2.0
migratie-Groupon FR-2026-08-21-22.1,2026-08-21,Groupon FR,22.1,1.0
migratie-Groupon FR-2026-08-21-23.2,2026-08-21,Groupon FR,23.2,1.0
migratie-Groupon FR-2026-08-21-24.2,2026-08-21,Groupon FR,24.2,3.0
migratie-Groupon FR-2026-08-21-25.2,2026-08-21,Groupon FR,25.2,1.0
migratie-Groupon FR-2026-08-21-35.1,2026-08-21,Groupon FR,35.1,1.0
migratie-Groupon FR-2026-08-21-50.2,2026-08-21,Groupon FR,50.2,1.0
migratie-Groupon FR-2026-08-21-53.1,2026-08-21,Groupon FR,53.1,1.0
migratie-Groupon FR-2026-08-21-100.1,2026-08-21,Groupon FR,100.1,1.0
migratie-Groupon FR-2026-08-21-250.2,2026-08-21,Groupon FR,250.2,1.0
migratie-Groupon FR-2026-08-21-280.2,2026-08-21,Groupon FR,280.2,1.0
migratie-Groupon FR-2026-08-24-2.5,2026-08-24,Groupon FR,2.5,2.0
migratie-Groupon FR-2026-08-24-22.1,2026-08-24,Groupon FR,22.1,1.0
migratie-Groupon FR-2026-08-24-24.1,2026-08-24,Groupon FR,24.1,1.0
migratie-Groupon FR-2026-08-24-24.2,2026-08-24,Groupon FR,24.2,1.0
migratie-Groupon FR-2026-08-24-35.1,2026-08-24,Groupon FR,35.1,6.0
migratie-Groupon FR-2026-08-24-52.1,2026-08-24,Groupon FR,52.1,1.0
migratie-Groupon FR-2026-08-24-53.1,2026-08-24,Groupon FR,53.1,1.0
migratie-Groupon FR-2026-08-24-152.4,2026-08-24,Groupon FR,152.4,3.0
migratie-Groupon FR-2026-08-24-201.5,2026-08-24,Groupon FR,201.5,1.0
migratie-Groupon FR-2026-08-24-249.1,2026-08-24,Groupon FR,249.1,2.0
migratie-Groupon FR-2026-08-24-249.2,2026-08-24,Groupon FR,249.2,1.0
migratie-Groupon FR-2026-08-24-251.2,2026-08-24,Groupon FR,251.2,1.0
migratie-Groupon FR-2026-08-24-252.1,2026-08-24,Groupon FR,252.1,1.0
migratie-Groupon FR-2026-08-24-271.1,2026-08-24,Groupon FR,271.1,1.0
migratie-Groupon FR-2026-08-24-280.2,2026-08-24,Groupon FR,280.2,1.0
migratie-Groupon FR-2026-08-25-35.1,2026-08-25,Groupon FR,35.1,1.0
migratie-Groupon FR-2026-08-26-4.3,2026-08-26,Groupon FR,4.3,1.0
migratie-Groupon FR-2026-08-26-21.0,2026-08-26,Groupon FR,21.0,1.0
migratie-Groupon FR-2026-08-26-35.1,2026-08-26,Groupon FR,35.1,1.0
migratie-Groupon FR-2026-08-26-70.2,2026-08-26,Groupon FR,70.2,1.0
migratie-Groupon FR-2026-08-26-100.2,2026-08-26,Groupon FR,100.2,1.0
migratie-Groupon FR-2026-08-26-152.2,2026-08-26,Groupon FR,152.2,1.0
migratie-Groupon FR-2026-08-26-153.1,2026-08-26,Groupon FR,153.1,1.0
migratie-Groupon FR-2026-08-26-161.2,2026-08-26,Groupon FR,161.2,1.0
migratie-Groupon FR-2026-08-26-249.1,2026-08-26,Groupon FR,249.1,6.0
migratie-Groupon FR-2026-08-26-249.2,2026-08-26,Groupon FR,249.2,1.0
migratie-Groupon FR-2026-08-26-272.3,2026-08-26,Groupon FR,272.3,1.0
migratie-Groupon FR-2026-08-27-4.3,2026-08-27,Groupon FR,4.3,1.0
migratie-Groupon FR-2026-08-27-100.2,2026-08-27,Groupon FR,100.2,1.0
migratie-Groupon FR-2026-08-27-153.4,2026-08-27,Groupon FR,153.4,1.0
migratie-Groupon FR-2026-08-27-201.1,2026-08-27,Groupon FR,201.1,1.0
migratie-Groupon FR-2026-08-27-249.1,2026-08-27,Groupon FR,249.1,1.0
migratie-Groupon FR-2026-08-27-270.2,2026-08-27,Groupon FR,270.2,1.0
migratie-Groupon FR-2026-08-28-2.5,2026-08-28,Groupon FR,2.5,1.0
migratie-Groupon FR-2026-08-28-52.1,2026-08-28,Groupon FR,52.1,1.0
migratie-Groupon FR-2026-08-28-53.2,2026-08-28,Groupon FR,53.2,1.0
migratie-Groupon FR-2026-08-28-70.2,2026-08-28,Groupon FR,70.2,1.0
migratie-Groupon FR-2026-08-28-150.4,2026-08-28,Groupon FR,150.4,1.0
migratie-Groupon FR-2026-08-28-152.3,2026-08-28,Groupon FR,152.3,1.0
migratie-Groupon FR-2026-08-28-271.2,2026-08-28,Groupon FR,271.2,1.0
migratie-Groupon FR-2026-08-31-8.2,2026-08-31,Groupon FR,8.2,1.0
migratie-Groupon FR-2026-08-31-8.8,2026-08-31,Groupon FR,8.8,1.0
migratie-Groupon FR-2026-08-31-21.0,2026-08-31,Groupon FR,21.0,1.0
migratie-Groupon FR-2026-08-31-24.1,2026-08-31,Groupon FR,24.1,2.0
migratie-Groupon FR-2026-08-31-35.1,2026-08-31,Groupon FR,35.1,9.0
migratie-Groupon FR-2026-08-31-53.2,2026-08-31,Groupon FR,53.2,1.0
migratie-Groupon FR-2026-08-31-55.1,2026-08-31,Groupon FR,55.1,1.0
migratie-Groupon FR-2026-08-31-55.2,2026-08-31,Groupon FR,55.2,2.0
migratie-Groupon FR-2026-08-31-70.5,2026-08-31,Groupon FR,70.5,1.0
migratie-Groupon FR-2026-08-31-152.2,2026-08-31,Groupon FR,152.2,1.0
migratie-Groupon FR-2026-08-31-153.2,2026-08-31,Groupon FR,153.2,1.0
migratie-Groupon FR-2026-08-31-153.3,2026-08-31,Groupon FR,153.3,1.0
migratie-Groupon FR-2026-08-31-161.1,2026-08-31,Groupon FR,161.1,3.0
migratie-Groupon FR-2026-08-31-161.2,2026-08-31,Groupon FR,161.2,5.0
migratie-Groupon FR-2026-08-31-202.1,2026-08-31,Groupon FR,202.1,1.0
migratie-Groupon FR-2026-08-31-249.1,2026-08-31,Groupon FR,249.1,1.0
migratie-Groupon FR-2026-08-31-250.2,2026-08-31,Groupon FR,250.2,1.0
migratie-Groupon FR-2026-08-31-251.2,2026-08-31,Groupon FR,251.2,1.0
migratie-Groupon FR-2026-08-31-252.2,2026-08-31,Groupon FR,252.2,1.0
migratie-Groupon FR-2026-08-31-271.2,2026-08-31,Groupon FR,271.2,1.0
migratie-Groupon FR-2026-08-31-272.3,2026-08-31,Groupon FR,272.3,1.0
migratie-Groupon FR-2026-08-31-273.1,2026-08-31,Groupon FR,273.1,1.0
migratie-Groupon FR-2026-08-31-273.3,2026-08-31,Groupon FR,273.3,1.0
migratie-Groupon FR-2026-09-01-35.1,2026-09-01,Groupon FR,35.1,2.0
migratie-Groupon FR-2026-09-01-52.1,2026-09-01,Groupon FR,52.1,1.0
migratie-Groupon FR-2026-09-01-53.1,2026-09-01,Groupon FR,53.1,1.0
migratie-Groupon FR-2026-09-01-55.1,2026-09-01,Groupon FR,55.1,2.0
migratie-Groupon FR-2026-09-01-70.5,2026-09-01,Groupon FR,70.5,1.0
migratie-Groupon FR-2026-09-01-150.1,2026-09-01,Groupon FR,150.1,1.0
migratie-Groupon FR-2026-09-01-161.2,2026-09-01,Groupon FR,161.2,1.0
migratie-Groupon FR-2026-09-01-200.0,2026-09-01,Groupon FR,200.0,1.0
migratie-Groupon FR-2026-09-01-280.2,2026-09-01,Groupon FR,280.2,1.0
migratie-Groupon FR-2026-09-02-54.1,2026-09-02,Groupon FR,54.1,1.0
migratie-Groupon FR-2026-09-02-70.6,2026-09-02,Groupon FR,70.6,1.0
migratie-Groupon FR-2026-09-02-270.2,2026-09-02,Groupon FR,270.2,1.0
migratie-Groupon IT-2026-07-01-25.1,2026-07-01,Groupon IT,25.1,1.0
migratie-Groupon IT-2026-07-01-31.0,2026-07-01,Groupon IT,31.0,1.0
migratie-Groupon IT-2026-07-02-8.2,2026-07-02,Groupon IT,8.2,2.0
migratie-Groupon IT-2026-07-03-8.7,2026-07-03,Groupon IT,8.7,1.0
migratie-Groupon IT-2026-07-03-31.1,2026-07-03,Groupon IT,31.1,1.0
migratie-Groupon IT-2026-07-03-32.1,2026-07-03,Groupon IT,32.1,1.0
migratie-Groupon IT-2026-07-06-8.2,2026-07-06,Groupon IT,8.2,1.0
migratie-Groupon IT-2026-07-06-25.2,2026-07-06,Groupon IT,25.2,1.0
migratie-Groupon IT-2026-07-06-161.2,2026-07-06,Groupon IT,161.2,1.0
migratie-Groupon IT-2026-07-06-201.1,2026-07-06,Groupon IT,201.1,1.0
migratie-Groupon IT-2026-07-07-55.2,2026-07-07,Groupon IT,55.2,1.0
migratie-Groupon IT-2026-07-08-3.1,2026-07-08,Groupon IT,3.1,1.0
migratie-Groupon IT-2026-07-09-31.1,2026-07-09,Groupon IT,31.1,1.0
migratie-Groupon IT-2026-07-10-7.1,2026-07-10,Groupon IT,7.1,1.0
migratie-Groupon IT-2026-07-13-7.1,2026-07-13,Groupon IT,7.1,1.0
migratie-Groupon IT-2026-07-13-32.1,2026-07-13,Groupon IT,32.1,3.0
migratie-Groupon IT-2026-07-14-23.4,2026-07-14,Groupon IT,23.4,2.0
migratie-Groupon IT-2026-07-21-9.4,2026-07-21,Groupon IT,9.4,1.0
migratie-Groupon IT-2026-07-22-24.2,2026-07-22,Groupon IT,24.2,1.0
migratie-Groupon IT-2026-07-24-273.3,2026-07-24,Groupon IT,273.3,1.0
migratie-Groupon IT-2026-07-27-8.11,2026-07-27,Groupon IT,8.11,1.0
migratie-Groupon IT-2026-07-27-100.2,2026-07-27,Groupon IT,100.2,1.0
migratie-Groupon IT-2026-07-27-104.1,2026-07-27,Groupon IT,104.1,1.0
migratie-Groupon IT-2026-07-30-6.1,2026-07-30,Groupon IT,6.1,1.0
migratie-Groupon IT-2026-07-30-32.1,2026-07-30,Groupon IT,32.1,1.0
migratie-Groupon IT-2026-08-03-7.2,2026-08-03,Groupon IT,7.2,1.0
migratie-Groupon IT-2026-08-03-100.2,2026-08-03,Groupon IT,100.2,1.0
migratie-Groupon IT-2026-08-03-153.4,2026-08-03,Groupon IT,153.4,1.0
migratie-Groupon IT-2026-08-06-100.2,2026-08-06,Groupon IT,100.2,1.0
migratie-Groupon IT-2026-08-07-7.2,2026-08-07,Groupon IT,7.2,1.0
migratie-Groupon IT-2026-08-10-24.2,2026-08-10,Groupon IT,24.2,1.0
migratie-Groupon IT-2026-08-12-2.2,2026-08-12,Groupon IT,2.2,1.0
migratie-Groupon IT-2026-08-12-273.3,2026-08-12,Groupon IT,273.3,1.0
migratie-Groupon IT-2026-08-13-31.0,2026-08-13,Groupon IT,31.0,1.0
migratie-Groupon IT-2026-08-14-8.6,2026-08-14,Groupon IT,8.6,1.0
migratie-Groupon IT-2026-08-14-273.2,2026-08-14,Groupon IT,273.2,1.0
migratie-Groupon IT-2026-08-17-7.2,2026-08-17,Groupon IT,7.2,1.0
migratie-Groupon IT-2026-08-17-152.1,2026-08-17,Groupon IT,152.1,1.0
migratie-Groupon IT-2026-08-17-153.3,2026-08-17,Groupon IT,153.3,1.0
migratie-Groupon IT-2026-08-17-271.2,2026-08-17,Groupon IT,271.2,3.0
migratie-Groupon IT-2026-08-18-2.2,2026-08-18,Groupon IT,2.2,2.0
migratie-Groupon IT-2026-08-19-4.0,2026-08-19,Groupon IT,4.0,1.0
migratie-Groupon IT-2026-08-24-7.2,2026-08-24,Groupon IT,7.2,1.0
migratie-Groupon IT-2026-08-24-8.17,2026-08-24,Groupon IT,8.17,1.0
migratie-Groupon IT-2026-08-24-13.1,2026-08-24,Groupon IT,13.1,1.0
migratie-Groupon IT-2026-08-24-31.1,2026-08-24,Groupon IT,31.1,1.0
migratie-Groupon IT-2026-08-24-32.2,2026-08-24,Groupon IT,32.2,1.0
migratie-Groupon IT-2026-08-27-9.7,2026-08-27,Groupon IT,9.7,1.0
migratie-Groupon IT-2026-08-27-161.2,2026-08-27,Groupon IT,161.2,1.0
migratie-Groupon IT-2026-08-28-7.2,2026-08-28,Groupon IT,7.2,1.0
migratie-Groupon IT-2026-08-31-6.2,2026-08-31,Groupon IT,6.2,1.0
migratie-Groupon IT-2026-08-31-29.2,2026-08-31,Groupon IT,29.2,1.0
migratie-Groupon IT-2026-08-31-32.1,2026-08-31,Groupon IT,32.1,1.0
migratie-Groupon IT-2026-09-01-104.1,2026-09-01,Groupon IT,104.1,1.0
migratie-Groupon IT-2026-09-03-2.1,2026-09-03,Groupon IT,2.1,1.0
migratie-Groupon IT-2026-09-03-153.4,2026-09-03,Groupon IT,153.4,1.0
migratie-Groupon IT-2026-09-03-161.2,2026-09-03,Groupon IT,161.2,1.0
migratie-Groupon IT-2026-09-04-9.6,2026-09-04,Groupon IT,9.6,2.0
migratie-Groupon IT-2026-09-04-200.4,2026-09-04,Groupon IT,200.4,1.0
migratie-Groupon IT-2026-09-07-2.1,2026-09-07,Groupon IT,2.1,1.0
migratie-Groupon IT-2026-09-07-8.4,2026-09-07,Groupon IT,8.4,1.0
migratie-Groupon IT-2026-09-07-55.2,2026-09-07,Groupon IT,55.2,1.0
migratie-Groupon IT-2026-09-08-9.4,2026-09-08,Groupon IT,9.4,1.0
migratie-Groupon IT-2026-09-09-2.1,2026-09-09,Groupon IT,2.1,1.0
migratie-Groupon IT-2026-09-09-23.4,2026-09-09,Groupon IT,23.4,2.0
migratie-Groupon IT-2026-09-09-30.1,2026-09-09,Groupon IT,30.1,1.0
migratie-Groupon IT-2026-09-09-70.5,2026-09-09,Groupon IT,70.5,1.0
migratie-Groupon IT-2026-09-11-6.1,2026-09-11,Groupon IT,6.1,1.0
migratie-Groupon IT-2026-09-11-8.6,2026-09-11,Groupon IT,8.6,1.0
migratie-Groupon IT-2026-09-11-270.2,2026-09-11,Groupon IT,270.2,2.0
migratie-Groupon IT-2026-09-11-272.3,2026-09-11,Groupon IT,272.3,2.0
migratie-Groupon IT-2026-09-15-9.8,2026-09-15,Groupon IT,9.8,1.0
migratie-Groupon IT-2026-09-15-100.2,2026-09-15,Groupon IT,100.2,3.0
migratie-Groupon IT-2026-09-15-161.2,2026-09-15,Groupon IT,161.2,1.0
migratie-Groupon IT-2026-09-15-249.1,2026-09-15,Groupon IT,249.1,1.0
migratie-Groupon IT-2026-09-16-270.2,2026-09-16,Groupon IT,270.2,1.0
migratie-Groupon IT-2026-09-16-271.2,2026-09-16,Groupon IT,271.2,1.0
migratie-Groupon NL-2026-07-01-9.4,2026-07-01,Groupon NL,9.4,1.0
migratie-Groupon NL-2026-07-01-35.1,2026-07-01,Groupon NL,35.1,1.0
migratie-Groupon NL-2026-07-01-250.2,2026-07-01,Groupon NL,250.2,1.0
migratie-Groupon NL-2026-07-01-251.2,2026-07-01,Groupon NL,251.2,1.0
migratie-Groupon NL-2026-07-02-32.2,2026-07-02,Groupon NL,32.2,1.0
migratie-Groupon NL-2026-07-03-29.1,2026-07-03,Groupon NL,29.1,1.0
migratie-Groupon NL-2026-07-03-53.2,2026-07-03,Groupon NL,53.2,1.0
migratie-Groupon NL-2026-07-03-251.2,2026-07-03,Groupon NL,251.2,2.0
migratie-Groupon NL-2026-07-06-2.5,2026-07-06,Groupon NL,2.5,1.0
migratie-Groupon NL-2026-07-06-8.1,2026-07-06,Groupon NL,8.1,2.0
migratie-Groupon NL-2026-07-06-8.2,2026-07-06,Groupon NL,8.2,2.0
migratie-Groupon NL-2026-07-06-9.4,2026-07-06,Groupon NL,9.4,1.0
migratie-Groupon NL-2026-07-06-23.2,2026-07-06,Groupon NL,23.2,1.0
migratie-Groupon NL-2026-07-06-53.2,2026-07-06,Groupon NL,53.2,1.0
migratie-Groupon NL-2026-07-06-55.2,2026-07-06,Groupon NL,55.2,1.0
migratie-Groupon NL-2026-07-06-104.1,2026-07-06,Groupon NL,104.1,1.0
migratie-Groupon NL-2026-07-06-141.1,2026-07-06,Groupon NL,141.1,1.0
migratie-Groupon NL-2026-07-06-141.3,2026-07-06,Groupon NL,141.3,1.0
migratie-Groupon NL-2026-07-06-249.1,2026-07-06,Groupon NL,249.1,1.0
migratie-Groupon NL-2026-07-06-250.2,2026-07-06,Groupon NL,250.2,3.0
migratie-Groupon NL-2026-07-06-251.1,2026-07-06,Groupon NL,251.1,1.0
migratie-Groupon NL-2026-07-06-251.2,2026-07-06,Groupon NL,251.2,2.0
migratie-Groupon NL-2026-07-06-280.2,2026-07-06,Groupon NL,280.2,1.0
migratie-Groupon NL-2026-07-07-8.19,2026-07-07,Groupon NL,8.19,1.0
migratie-Groupon NL-2026-07-07-249.2,2026-07-07,Groupon NL,249.2,2.0
migratie-Groupon NL-2026-07-07-250.2,2026-07-07,Groupon NL,250.2,1.0
migratie-Groupon NL-2026-07-08-8.2,2026-07-08,Groupon NL,8.2,1.0
migratie-Groupon NL-2026-07-08-41.1,2026-07-08,Groupon NL,41.1,2.0
migratie-Groupon NL-2026-07-08-250.2,2026-07-08,Groupon NL,250.2,6.0
migratie-Groupon NL-2026-07-09-9.4,2026-07-09,Groupon NL,9.4,1.0
migratie-Groupon NL-2026-07-10-2.4,2026-07-10,Groupon NL,2.4,1.0
migratie-Groupon NL-2026-07-10-104.1,2026-07-10,Groupon NL,104.1,1.0
migratie-Groupon NL-2026-07-13-9.5,2026-07-13,Groupon NL,9.5,1.0
migratie-Groupon NL-2026-07-13-9.6,2026-07-13,Groupon NL,9.6,2.0
migratie-Groupon NL-2026-07-13-70.5,2026-07-13,Groupon NL,70.5,1.0
migratie-Groupon NL-2026-07-13-100.1,2026-07-13,Groupon NL,100.1,1.0
migratie-Groupon NL-2026-07-13-161.0,2026-07-13,Groupon NL,161.0,1.0
migratie-Groupon NL-2026-07-14-249.2,2026-07-14,Groupon NL,249.2,1.0
migratie-Groupon NL-2026-07-15-29.1,2026-07-15,Groupon NL,29.1,1.0
migratie-Groupon NL-2026-07-17-55.2,2026-07-17,Groupon NL,55.2,1.0
migratie-Groupon NL-2026-07-20-8.20,2026-07-20,Groupon NL,8.20,1.0
migratie-Groupon NL-2026-07-20-35.1,2026-07-20,Groupon NL,35.1,1.0
migratie-Groupon NL-2026-07-20-41.2,2026-07-20,Groupon NL,41.2,1.0
migratie-Groupon NL-2026-07-20-53.2,2026-07-20,Groupon NL,53.2,1.0
migratie-Groupon NL-2026-07-20-251.2,2026-07-20,Groupon NL,251.2,1.0
migratie-Groupon NL-2026-07-21-8.1,2026-07-21,Groupon NL,8.1,2.0
migratie-Groupon NL-2026-07-21-251.1,2026-07-21,Groupon NL,251.1,1.0
migratie-Groupon NL-2026-07-22-9.6,2026-07-22,Groupon NL,9.6,1.0
migratie-Groupon NL-2026-07-23-9.6,2026-07-23,Groupon NL,9.6,1.0
migratie-Groupon NL-2026-07-23-40.7,2026-07-23,Groupon NL,40.7,1.0
migratie-Groupon NL-2026-07-23-250.2,2026-07-23,Groupon NL,250.2,2.0
migratie-Groupon NL-2026-07-24-8.2,2026-07-24,Groupon NL,8.2,1.0
migratie-Groupon NL-2026-07-24-153.4,2026-07-24,Groupon NL,153.4,2.0
migratie-Groupon NL-2026-07-24-250.2,2026-07-24,Groupon NL,250.2,1.0
migratie-Groupon NL-2026-07-27-6.1,2026-07-27,Groupon NL,6.1,1.0
migratie-Groupon NL-2026-07-27-8.1,2026-07-27,Groupon NL,8.1,1.0
migratie-Groupon NL-2026-07-27-9.4,2026-07-27,Groupon NL,9.4,1.0
migratie-Groupon NL-2026-07-27-21.0,2026-07-27,Groupon NL,21.0,1.0
migratie-Groupon NL-2026-07-27-53.1,2026-07-27,Groupon NL,53.1,1.0
migratie-Groupon NL-2026-07-27-53.2,2026-07-27,Groupon NL,53.2,1.0
migratie-Groupon NL-2026-07-27-141.2,2026-07-27,Groupon NL,141.2,1.0
migratie-Groupon NL-2026-07-27-249.1,2026-07-27,Groupon NL,249.1,1.0
migratie-Groupon NL-2026-07-27-249.2,2026-07-27,Groupon NL,249.2,3.0
migratie-Groupon NL-2026-07-27-250.2,2026-07-27,Groupon NL,250.2,2.0
migratie-Groupon NL-2026-07-27-251.1,2026-07-27,Groupon NL,251.1,1.0
migratie-Groupon NL-2026-07-27-280.2,2026-07-27,Groupon NL,280.2,1.0
migratie-Groupon NL-2026-07-29-3.4,2026-07-29,Groupon NL,3.4,1.0
migratie-Groupon NL-2026-07-29-13.7,2026-07-29,Groupon NL,13.7,1.0
migratie-Groupon NL-2026-07-29-41.1,2026-07-29,Groupon NL,41.1,1.0
migratie-Groupon NL-2026-07-30-9.5,2026-07-30,Groupon NL,9.5,1.0
migratie-Groupon NL-2026-07-30-9.6,2026-07-30,Groupon NL,9.6,1.0
migratie-Groupon NL-2026-07-30-153.3,2026-07-30,Groupon NL,153.3,1.0
migratie-Groupon NL-2026-07-31-23.2,2026-07-31,Groupon NL,23.2,1.0
migratie-Groupon NL-2026-08-03-9.6,2026-08-03,Groupon NL,9.6,1.0
migratie-Groupon NL-2026-08-03-40.7,2026-08-03,Groupon NL,40.7,1.0
migratie-Groupon NL-2026-08-03-161.2,2026-08-03,Groupon NL,161.2,1.0
migratie-Groupon NL-2026-08-03-250.2,2026-08-03,Groupon NL,250.2,1.0
migratie-Groupon NL-2026-08-04-9.6,2026-08-04,Groupon NL,9.6,1.0
migratie-Groupon NL-2026-08-07-2.3,2026-08-07,Groupon NL,2.3,1.0
migratie-Groupon NL-2026-08-07-13.1,2026-08-07,Groupon NL,13.1,1.0
migratie-Groupon NL-2026-08-07-53.2,2026-08-07,Groupon NL,53.2,1.0
migratie-Groupon NL-2026-08-07-54.1,2026-08-07,Groupon NL,54.1,1.0
migratie-Groupon NL-2026-08-07-70.5,2026-08-07,Groupon NL,70.5,1.0
migratie-Groupon NL-2026-08-07-250.2,2026-08-07,Groupon NL,250.2,1.0
migratie-Groupon NL-2026-08-10-8.20,2026-08-10,Groupon NL,8.20,1.0
migratie-Groupon NL-2026-08-10-9.6,2026-08-10,Groupon NL,9.6,1.0
migratie-Groupon NL-2026-08-10-9.7,2026-08-10,Groupon NL,9.7,1.0
migratie-Groupon NL-2026-08-10-250.2,2026-08-10,Groupon NL,250.2,2.0
migratie-Groupon NL-2026-08-11-249.2,2026-08-11,Groupon NL,249.2,1.0
migratie-Groupon NL-2026-08-12-9.4,2026-08-12,Groupon NL,9.4,1.0
migratie-Groupon NL-2026-08-12-152.1,2026-08-12,Groupon NL,152.1,1.0
migratie-Groupon NL-2026-08-12-249.2,2026-08-12,Groupon NL,249.2,1.0
migratie-Groupon NL-2026-08-13-9.5,2026-08-13,Groupon NL,9.5,1.0
migratie-Groupon NL-2026-08-14-6.2,2026-08-14,Groupon NL,6.2,1.0
migratie-Groupon NL-2026-08-14-9.6,2026-08-14,Groupon NL,9.6,1.0
migratie-Groupon NL-2026-08-17-3.1,2026-08-17,Groupon NL,3.1,1.0
migratie-Groupon NL-2026-08-17-6.2,2026-08-17,Groupon NL,6.2,1.0
migratie-Groupon NL-2026-08-17-7.1,2026-08-17,Groupon NL,7.1,1.0
migratie-Groupon NL-2026-08-17-9.4,2026-08-17,Groupon NL,9.4,1.0
migratie-Groupon NL-2026-08-17-52.2,2026-08-17,Groupon NL,52.2,1.0
migratie-Groupon NL-2026-08-17-53.2,2026-08-17,Groupon NL,53.2,1.0
migratie-Groupon NL-2026-08-17-249.2,2026-08-17,Groupon NL,249.2,1.0
migratie-Groupon NL-2026-08-17-251.2,2026-08-17,Groupon NL,251.2,1.0
migratie-Groupon NL-2026-08-17-272.2,2026-08-17,Groupon NL,272.2,1.0
migratie-Groupon NL-2026-08-18-141.3,2026-08-18,Groupon NL,141.3,1.0
migratie-Groupon NL-2026-08-19-40.8,2026-08-19,Groupon NL,40.8,1.0
migratie-Groupon NL-2026-08-19-54.2,2026-08-19,Groupon NL,54.2,1.0
migratie-Groupon NL-2026-08-19-251.2,2026-08-19,Groupon NL,251.2,2.0
migratie-Groupon NL-2026-08-19-252.2,2026-08-19,Groupon NL,252.2,1.0
migratie-Groupon NL-2026-08-20-6.2,2026-08-20,Groupon NL,6.2,2.0
migratie-Groupon NL-2026-08-21-25.1,2026-08-21,Groupon NL,25.1,1.0
migratie-Groupon NL-2026-08-24-6.2,2026-08-24,Groupon NL,6.2,1.0
migratie-Groupon NL-2026-08-24-6.5,2026-08-24,Groupon NL,6.5,1.0
migratie-Groupon NL-2026-08-24-9.4,2026-08-24,Groupon NL,9.4,1.0
migratie-Groupon NL-2026-08-24-53.2,2026-08-24,Groupon NL,53.2,1.0
migratie-Groupon NL-2026-08-24-152.4,2026-08-24,Groupon NL,152.4,1.0
migratie-Groupon NL-2026-08-24-250.1,2026-08-24,Groupon NL,250.1,2.0
migratie-Groupon NL-2026-08-24-251.2,2026-08-24,Groupon NL,251.2,1.0
migratie-Groupon NL-2026-08-24-273.3,2026-08-24,Groupon NL,273.3,1.0
migratie-Groupon NL-2026-08-25-249.1,2026-08-25,Groupon NL,249.1,1.0
migratie-Groupon NL-2026-08-27-21.0,2026-08-27,Groupon NL,21.0,1.0
migratie-Groupon NL-2026-08-27-53.2,2026-08-27,Groupon NL,53.2,1.0
migratie-Groupon NL-2026-08-27-100.2,2026-08-27,Groupon NL,100.2,1.0
migratie-Groupon NL-2026-08-31-21.0,2026-08-31,Groupon NL,21.0,2.0
migratie-Groupon NL-2026-08-31-23.1,2026-08-31,Groupon NL,23.1,1.0
migratie-Groupon NL-2026-08-31-54.2,2026-08-31,Groupon NL,54.2,1.0
migratie-Groupon NL-2026-08-31-161.1,2026-08-31,Groupon NL,161.1,1.0
migratie-Groupon NL-2026-08-31-249.1,2026-08-31,Groupon NL,249.1,1.0
migratie-Groupon NL-2026-09-07-141.4,2026-09-07,Groupon NL,141.4,1.0
migratie-Groupon NL-2026-09-16-9.5,2026-09-16,Groupon NL,9.5,1.0
migratie-Groupon NL-2026-09-16-250.2,2026-09-16,Groupon NL,250.2,1.0
migratie-Groupon NL-2026-09-16-252.2,2026-09-16,Groupon NL,252.2,1.0
migratie-Groupon NL-2026-09-17-35.1,2026-09-17,Groupon NL,35.1,1.0
migratie-iBood-2026-07-09-3.3,2026-07-09,iBood,3.3,3.0
migratie-iBood-2026-07-09-3.4,2026-07-09,iBood,3.4,2.0
migratie-iBood-2026-07-09-4.1,2026-07-09,iBood,4.1,1.0
migratie-iBood-2026-07-09-4.3,2026-07-09,iBood,4.3,4.0
migratie-iBood-2026-07-09-7.1,2026-07-09,iBood,7.1,1.0
migratie-iBood-2026-07-09-8.4,2026-07-09,iBood,8.4,4.0
migratie-iBood-2026-07-09-8.8,2026-07-09,iBood,8.8,2.0
migratie-iBood-2026-07-09-8.10,2026-07-09,iBood,8.10,1.0
migratie-iBood-2026-07-09-8.12,2026-07-09,iBood,8.12,13.0
migratie-iBood-2026-07-09-8.14,2026-07-09,iBood,8.14,3.0
migratie-iBood-2026-07-09-8.16,2026-07-09,iBood,8.16,2.0
migratie-iBood-2026-07-09-8.18,2026-07-09,iBood,8.18,3.0
migratie-iBood-2026-07-09-9.5,2026-07-09,iBood,9.5,2.0
migratie-iBood-2026-07-09-9.6,2026-07-09,iBood,9.6,1.0
migratie-iBood-2026-07-09-13.6,2026-07-09,iBood,13.6,1.0
migratie-iBood-2026-07-09-23.1,2026-07-09,iBood,23.1,1.0
migratie-iBood-2026-07-09-23.3,2026-07-09,iBood,23.3,2.0
migratie-iBood-2026-07-09-23.4,2026-07-09,iBood,23.4,15.0
migratie-iBood-2026-07-09-24.1,2026-07-09,iBood,24.1,1.0
migratie-iBood-2026-07-09-24.2,2026-07-09,iBood,24.2,2.0
migratie-iBood-2026-07-09-25.1,2026-07-09,iBood,25.1,1.0
migratie-iBood-2026-07-09-32.1,2026-07-09,iBood,32.1,6.0
migratie-iBood-2026-07-09-39.2,2026-07-09,iBood,39.2,2.0
migratie-iBood-2026-07-09-50.2,2026-07-09,iBood,50.2,2.0
migratie-iBood-2026-07-09-52.2,2026-07-09,iBood,52.2,4.0
migratie-iBood-2026-07-09-53.2,2026-07-09,iBood,53.2,11.0
migratie-iBood-2026-07-09-54.2,2026-07-09,iBood,54.2,3.0
migratie-iBood-2026-07-09-55.2,2026-07-09,iBood,55.2,7.0
migratie-iBood-2026-07-09-56.4,2026-07-09,iBood,56.4,1.0
migratie-iBood-2026-07-09-62.2,2026-07-09,iBood,62.2,15.0
migratie-iBood-2026-07-09-70.3,2026-07-09,iBood,70.3,1.0
migratie-iBood-2026-07-09-70.5,2026-07-09,iBood,70.5,3.0
migratie-iBood-2026-07-09-100.2,2026-07-09,iBood,100.2,2.0
migratie-iBood-2026-07-09-100.4,2026-07-09,iBood,100.4,1.0
migratie-iBood-2026-07-09-101.1,2026-07-09,iBood,101.1,3.0
migratie-iBood-2026-07-09-141.2,2026-07-09,iBood,141.2,1.0
migratie-iBood-2026-07-09-141.3,2026-07-09,iBood,141.3,2.0
migratie-iBood-2026-07-09-141.4,2026-07-09,iBood,141.4,2.0
migratie-iBood-2026-07-09-150.1,2026-07-09,iBood,150.1,1.0
migratie-iBood-2026-07-09-152.2,2026-07-09,iBood,152.2,2.0
migratie-iBood-2026-07-09-152.3,2026-07-09,iBood,152.3,1.0
migratie-iBood-2026-07-09-153.4,2026-07-09,iBood,153.4,2.0
migratie-iBood-2026-07-09-160.1,2026-07-09,iBood,160.1,1.0
migratie-iBood-2026-07-09-161.2,2026-07-09,iBood,161.2,2.0
migratie-iBood-2026-07-09-200.1,2026-07-09,iBood,200.1,1.0
migratie-iBood-2026-07-09-200.2,2026-07-09,iBood,200.2,1.0
migratie-iBood-2026-07-09-200.3,2026-07-09,iBood,200.3,1.0
migratie-iBood-2026-07-09-200.4,2026-07-09,iBood,200.4,1.0
migratie-iBood-2026-07-09-200.5,2026-07-09,iBood,200.5,1.0
migratie-iBood-2026-07-09-200.7,2026-07-09,iBood,200.7,1.0
migratie-iBood-2026-07-09-201.1,2026-07-09,iBood,201.1,5.0
migratie-iBood-2026-07-09-202.2,2026-07-09,iBood,202.2,2.0
migratie-iBood-2026-07-09-204.1,2026-07-09,iBood,204.1,1.0
migratie-iBood-2026-07-09-204.2,2026-07-09,iBood,204.2,1.0
migratie-iBood-2026-07-09-204.3,2026-07-09,iBood,204.3,1.0
migratie-iBood-2026-07-09-230.1,2026-07-09,iBood,230.1,5.0
migratie-iBood-2026-07-09-232.1,2026-07-09,iBood,232.1,6.0
migratie-iBood-2026-07-09-233.1,2026-07-09,iBood,233.1,5.0
migratie-iBood-2026-07-09-235.1,2026-07-09,iBood,235.1,3.0
migratie-iBood-2026-07-09-236.1,2026-07-09,iBood,236.1,22.0
migratie-iBood-2026-07-09-237.1,2026-07-09,iBood,237.1,2.0
migratie-iBood-2026-07-09-249.1,2026-07-09,iBood,249.1,1.0
migratie-iBood-2026-07-09-249.2,2026-07-09,iBood,249.2,7.0
migratie-iBood-2026-07-09-249.4,2026-07-09,iBood,249.4,10.0
migratie-iBood-2026-07-09-250.1,2026-07-09,iBood,250.1,2.0
migratie-iBood-2026-07-09-250.2,2026-07-09,iBood,250.2,9.0
migratie-iBood-2026-07-09-251.1,2026-07-09,iBood,251.1,1.0
migratie-iBood-2026-07-09-252.1,2026-07-09,iBood,252.1,1.0
migratie-iBood-2026-07-09-259.1,2026-07-09,iBood,259.1,3.0
migratie-iBood-2026-07-09-259.2,2026-07-09,iBood,259.2,1.0
migratie-iBood-2026-07-09-261.2,2026-07-09,iBood,261.2,1.0
migratie-iBood-2026-07-09-272.2,2026-07-09,iBood,272.2,1.0
migratie-iBood-2026-07-09-273.3,2026-07-09,iBood,273.3,2.0
migratie-iBood-2026-07-09-274.5,2026-07-09,iBood,274.5,1.0
migratie-iBood-2026-07-09-275.1,2026-07-09,iBood,275.1,1.0
migratie-iBood-2026-07-09-276.1,2026-07-09,iBood,276.1,1.0
migratie-iBood-2026-07-09-276.2,2026-07-09,iBood,276.2,1.0
migratie-iBood-2026-07-09-279.1,2026-07-09,iBood,279.1,1.0
migratie-iBood-2026-07-09-279.3,2026-07-09,iBood,279.3,1.0
migratie-iBood-2026-07-09-280.1,2026-07-09,iBood,280.1,3.0
migratie-iBood-2026-07-09-280.2,2026-07-09,iBood,280.2,3.0
migratie-iBood-2026-07-15-8.12,2026-07-15,iBood,8.12,13.0
migratie-iBood-2026-07-15-9.5,2026-07-15,iBood,9.5,2.0
migratie-iBood-2026-07-15-9.6,2026-07-15,iBood,9.6,3.0
migratie-iBood-2026-07-15-32.1,2026-07-15,iBood,32.1,5.0
migratie-iBood-2026-07-15-53.2,2026-07-15,iBood,53.2,11.0
migratie-iBood-2026-07-15-54.2,2026-07-15,iBood,54.2,3.0
migratie-iBood-2026-07-15-141.1,2026-07-15,iBood,141.1,2.0
migratie-iBood-2026-07-15-161.1,2026-07-15,iBood,161.1,1.0
migratie-iBood-2026-07-15-236.1,2026-07-15,iBood,236.1,4.0
migratie-iBood-2026-07-15-237.1,2026-07-15,iBood,237.1,1.0
migratie-iBood-2026-07-15-249.2,2026-07-15,iBood,249.2,5.0
migratie-iBood-2026-07-15-249.4,2026-07-15,iBood,249.4,2.0
migratie-iBood-2026-07-15-250.2,2026-07-15,iBood,250.2,6.0
migratie-iBood-2026-07-15-251.2,2026-07-15,iBood,251.2,1.0
migratie-iBood-2026-07-15-274.1,2026-07-15,iBood,274.1,6.0
migratie-iBood-2026-07-15-275.1,2026-07-15,iBood,275.1,2.0
migratie-iBood-2026-07-15-276.1,2026-07-15,iBood,276.1,3.0
migratie-iBood-2026-07-20-2.1,2026-07-20,iBood,2.1,1.0
migratie-iBood-2026-07-20-2.5,2026-07-20,iBood,2.5,2.0
migratie-iBood-2026-07-20-2.6,2026-07-20,iBood,2.6,2.0
migratie-iBood-2026-07-20-7.1,2026-07-20,iBood,7.1,1.0
migratie-iBood-2026-07-20-8.7,2026-07-20,iBood,8.7,1.0
migratie-iBood-2026-07-20-8.13,2026-07-20,iBood,8.13,5.0
migratie-iBood-2026-07-20-8.19,2026-07-20,iBood,8.19,3.0
migratie-iBood-2026-07-20-9.9,2026-07-20,iBood,9.9,7.0
migratie-iBood-2026-07-20-24.1,2026-07-20,iBood,24.1,2.0
migratie-iBood-2026-07-20-25.1,2026-07-20,iBood,25.1,1.0
migratie-iBood-2026-07-20-29.1,2026-07-20,iBood,29.1,3.0
migratie-iBood-2026-07-20-30.1,2026-07-20,iBood,30.1,1.0
migratie-iBood-2026-07-20-31.1,2026-07-20,iBood,31.1,3.0
migratie-iBood-2026-07-20-32.1,2026-07-20,iBood,32.1,5.0
migratie-iBood-2026-07-20-34.1,2026-07-20,iBood,34.1,1.0
migratie-iBood-2026-07-20-53.1,2026-07-20,iBood,53.1,2.0
migratie-iBood-2026-07-20-54.1,2026-07-20,iBood,54.1,1.0
migratie-iBood-2026-07-20-62.1,2026-07-20,iBood,62.1,1.0
migratie-iBood-2026-07-20-70.1,2026-07-20,iBood,70.1,1.0
migratie-iBood-2026-07-20-70.3,2026-07-20,iBood,70.3,3.0
migratie-iBood-2026-07-20-100.1,2026-07-20,iBood,100.1,5.0
migratie-iBood-2026-07-20-101.1,2026-07-20,iBood,101.1,2.0
migratie-iBood-2026-07-20-141.3,2026-07-20,iBood,141.3,1.0
migratie-iBood-2026-07-20-202.2,2026-07-20,iBood,202.2,3.0
migratie-iBood-2026-07-20-237.1,2026-07-20,iBood,237.1,2.0
migratie-iBood-2026-07-20-249.1,2026-07-20,iBood,249.1,1.0
migratie-iBood-2026-07-20-249.2,2026-07-20,iBood,249.2,6.0
migratie-iBood-2026-07-20-249.3,2026-07-20,iBood,249.3,1.0
migratie-iBood-2026-07-20-249.4,2026-07-20,iBood,249.4,3.0
migratie-iBood-2026-07-20-256.1,2026-07-20,iBood,256.1,1.0
migratie-iBood-2026-07-20-258.1,2026-07-20,iBood,258.1,1.0
migratie-iBood-2026-07-20-260.1,2026-07-20,iBood,260.1,1.0
migratie-iBood-2026-07-20-261.1,2026-07-20,iBood,261.1,3.0
migratie-iBood-2026-07-20-271.1,2026-07-20,iBood,271.1,1.0
migratie-iBood-2026-07-20-276.1,2026-07-20,iBood,276.1,2.0
migratie-iBood-2026-07-20-279.3,2026-07-20,iBood,279.3,1.0
migratie-iBood-2026-07-20-280.1,2026-07-20,iBood,280.1,4.0
migratie-iBood-2026-07-30-21.0,2026-07-30,iBood,21.0,3.0
migratie-iBood-2026-07-30-23.2,2026-07-30,iBood,23.2,3.0
migratie-iBood-2026-07-30-23.3,2026-07-30,iBood,23.3,1.0
migratie-iBood-2026-07-30-23.4,2026-07-30,iBood,23.4,5.0
migratie-iBood-2026-07-30-141.4,2026-07-30,iBood,141.4,1.0
migratie-iBood-2026-07-30-151.4,2026-07-30,iBood,151.4,1.0
migratie-iBood-2026-07-30-152.2,2026-07-30,iBood,152.2,1.0
migratie-iBood-2026-07-30-153.4,2026-07-30,iBood,153.4,1.0
migratie-iBood-2026-07-30-202.2,2026-07-30,iBood,202.2,1.0
migratie-iBood-2026-07-30-204.0,2026-07-30,iBood,204.0,1.0
migratie-iBood-2026-07-30-204.1,2026-07-30,iBood,204.1,1.0
migratie-iBood-2026-07-30-204.2,2026-07-30,iBood,204.2,1.0
migratie-iBood-2026-07-30-230.1,2026-07-30,iBood,230.1,3.0
migratie-iBood-2026-07-30-231.1,2026-07-30,iBood,231.1,1.0
migratie-iBood-2026-07-30-232.1,2026-07-30,iBood,232.1,3.0
migratie-iBood-2026-07-30-233.1,2026-07-30,iBood,233.1,1.0
migratie-iBood-2026-07-30-234.1,2026-07-30,iBood,234.1,4.0
migratie-iBood-2026-07-30-236.1,2026-07-30,iBood,236.1,6.0
migratie-iBood-2026-07-30-237.1,2026-07-30,iBood,237.1,2.0
migratie-iBood-2026-07-30-249.1,2026-07-30,iBood,249.1,1.0
migratie-iBood-2026-07-30-249.2,2026-07-30,iBood,249.2,6.0
migratie-iBood-2026-07-30-249.3,2026-07-30,iBood,249.3,1.0
migratie-iBood-2026-07-30-249.4,2026-07-30,iBood,249.4,1.0
migratie-iBood-2026-07-30-256.2,2026-07-30,iBood,256.2,1.0
migratie-iBood-2026-07-30-273.3,2026-07-30,iBood,273.3,1.0
migratie-iBood-2026-07-30-274.1,2026-07-30,iBood,274.1,1.0
migratie-iBood-2026-07-30-275.2,2026-07-30,iBood,275.2,1.0
migratie-iBood-2026-07-30-278.2,2026-07-30,iBood,278.2,2.0
migratie-iBood-2026-07-30-279.4,2026-07-30,iBood,279.4,2.0
migratie-iBood-2026-07-30-280.2,2026-07-30,iBood,280.2,1.0
migratie-iBood-2026-08-05-4.3,2026-08-05,iBood,4.3,3.0
migratie-iBood-2026-08-05-8.3,2026-08-05,iBood,8.3,4.0
migratie-iBood-2026-08-05-8.5,2026-08-05,iBood,8.5,4.0
migratie-iBood-2026-08-05-8.6,2026-08-05,iBood,8.6,1.0
migratie-iBood-2026-08-05-8.7,2026-08-05,iBood,8.7,1.0
migratie-iBood-2026-08-05-8.8,2026-08-05,iBood,8.8,1.0
migratie-iBood-2026-08-05-8.10,2026-08-05,iBood,8.10,2.0
migratie-iBood-2026-08-05-8.12,2026-08-05,iBood,8.12,11.0
migratie-iBood-2026-08-05-8.14,2026-08-05,iBood,8.14,4.0
migratie-iBood-2026-08-05-8.16,2026-08-05,iBood,8.16,1.0
migratie-iBood-2026-08-05-8.17,2026-08-05,iBood,8.17,1.0
migratie-iBood-2026-08-05-9.5,2026-08-05,iBood,9.5,6.0
migratie-iBood-2026-08-05-9.7,2026-08-05,iBood,9.7,3.0
migratie-iBood-2026-08-05-9.8,2026-08-05,iBood,9.8,2.0
migratie-iBood-2026-08-05-13.3,2026-08-05,iBood,13.3,2.0
migratie-iBood-2026-08-05-13.6,2026-08-05,iBood,13.6,1.0
migratie-iBood-2026-08-05-23.1,2026-08-05,iBood,23.1,2.0
migratie-iBood-2026-08-05-23.2,2026-08-05,iBood,23.2,2.0
migratie-iBood-2026-08-05-24.1,2026-08-05,iBood,24.1,3.0
migratie-iBood-2026-08-05-24.2,2026-08-05,iBood,24.2,5.0
migratie-iBood-2026-08-05-31.1,2026-08-05,iBood,31.1,1.0
migratie-iBood-2026-08-05-32.1,2026-08-05,iBood,32.1,2.0
migratie-iBood-2026-08-05-50.2,2026-08-05,iBood,50.2,2.0
migratie-iBood-2026-08-05-52.2,2026-08-05,iBood,52.2,3.0
migratie-iBood-2026-08-05-53.2,2026-08-05,iBood,53.2,5.0
migratie-iBood-2026-08-05-54.2,2026-08-05,iBood,54.2,3.0
migratie-iBood-2026-08-05-55.2,2026-08-05,iBood,55.2,1.0
migratie-iBood-2026-08-05-56.4,2026-08-05,iBood,56.4,2.0
migratie-iBood-2026-08-05-62.1,2026-08-05,iBood,62.1,1.0
migratie-iBood-2026-08-05-62.2,2026-08-05,iBood,62.2,7.0
migratie-iBood-2026-08-05-70.1,2026-08-05,iBood,70.1,3.0
migratie-iBood-2026-08-05-70.2,2026-08-05,iBood,70.2,1.0
migratie-iBood-2026-08-05-70.5,2026-08-05,iBood,70.5,6.0
migratie-iBood-2026-08-05-71.1,2026-08-05,iBood,71.1,1.0
migratie-iBood-2026-08-05-71.3,2026-08-05,iBood,71.3,1.0
migratie-iBood-2026-08-05-71.5,2026-08-05,iBood,71.5,6.0
migratie-iBood-2026-08-05-71.7,2026-08-05,iBood,71.7,2.0
migratie-iBood-2026-08-05-71.8,2026-08-05,iBood,71.8,4.0
migratie-iBood-2026-08-05-100.2,2026-08-05,iBood,100.2,2.0
migratie-iBood-2026-08-05-100.4,2026-08-05,iBood,100.4,4.0
migratie-iBood-2026-08-05-100.6,2026-08-05,iBood,100.6,1.0
migratie-iBood-2026-08-05-101.1,2026-08-05,iBood,101.1,1.0
migratie-iBood-2026-08-05-101.2,2026-08-05,iBood,101.2,2.0
migratie-iBood-2026-08-05-101.4,2026-08-05,iBood,101.4,1.0
migratie-iBood-2026-08-05-101.5,2026-08-05,iBood,101.5,1.0
migratie-iBood-2026-08-05-141.1,2026-08-05,iBood,141.1,1.0
migratie-iBood-2026-08-05-141.2,2026-08-05,iBood,141.2,2.0
migratie-iBood-2026-08-05-150.1,2026-08-05,iBood,150.1,1.0
migratie-iBood-2026-08-05-150.4,2026-08-05,iBood,150.4,2.0
migratie-iBood-2026-08-05-151.2,2026-08-05,iBood,151.2,1.0
migratie-iBood-2026-08-05-152.1,2026-08-05,iBood,152.1,1.0
migratie-iBood-2026-08-05-152.2,2026-08-05,iBood,152.2,1.0
migratie-iBood-2026-08-05-152.4,2026-08-05,iBood,152.4,1.0
migratie-iBood-2026-08-05-160.1,2026-08-05,iBood,160.1,2.0
migratie-iBood-2026-08-05-161.1,2026-08-05,iBood,161.1,2.0
migratie-iBood-2026-08-05-200.0,2026-08-05,iBood,200.0,3.0
migratie-iBood-2026-08-05-200.2,2026-08-05,iBood,200.2,1.0
migratie-iBood-2026-08-05-200.3,2026-08-05,iBood,200.3,1.0
migratie-iBood-2026-08-05-200.4,2026-08-05,iBood,200.4,3.0
migratie-iBood-2026-08-05-200.5,2026-08-05,iBood,200.5,1.0
migratie-iBood-2026-08-05-201.1,2026-08-05,iBood,201.1,1.0
migratie-iBood-2026-08-05-202.2,2026-08-05,iBood,202.2,2.0
migratie-iBood-2026-08-05-204.0,2026-08-05,iBood,204.0,2.0
migratie-iBood-2026-08-05-204.1,2026-08-05,iBood,204.1,2.0
migratie-iBood-2026-08-05-204.2,2026-08-05,iBood,204.2,3.0
migratie-iBood-2026-08-05-230.1,2026-08-05,iBood,230.1,1.0
migratie-iBood-2026-08-05-232.1,2026-08-05,iBood,232.1,8.0
migratie-iBood-2026-08-05-233.1,2026-08-05,iBood,233.1,6.0
migratie-iBood-2026-08-05-236.1,2026-08-05,iBood,236.1,12.0
migratie-iBood-2026-08-05-237.1,2026-08-05,iBood,237.1,1.0
migratie-iBood-2026-08-05-249.1,2026-08-05,iBood,249.1,4.0
migratie-iBood-2026-08-05-249.2,2026-08-05,iBood,249.2,2.0
migratie-iBood-2026-08-05-249.3,2026-08-05,iBood,249.3,6.0
migratie-iBood-2026-08-05-249.4,2026-08-05,iBood,249.4,8.0
migratie-iBood-2026-08-05-250.2,2026-08-05,iBood,250.2,2.0
migratie-iBood-2026-08-05-251.2,2026-08-05,iBood,251.2,1.0
migratie-iBood-2026-08-05-256.2,2026-08-05,iBood,256.2,1.0
migratie-iBood-2026-08-05-257.2,2026-08-05,iBood,257.2,1.0
migratie-iBood-2026-08-05-258.2,2026-08-05,iBood,258.2,1.0
migratie-iBood-2026-08-05-260.2,2026-08-05,iBood,260.2,1.0
migratie-iBood-2026-08-05-270.1,2026-08-05,iBood,270.1,2.0
migratie-iBood-2026-08-05-273.1,2026-08-05,iBood,273.1,3.0
migratie-iBood-2026-08-05-275.1,2026-08-05,iBood,275.1,1.0
migratie-iBood-2026-08-05-276.1,2026-08-05,iBood,276.1,4.0
migratie-iBood-2026-08-05-278.1,2026-08-05,iBood,278.1,6.0
migratie-iBood-2026-08-05-279.3,2026-08-05,iBood,279.3,4.0
migratie-iBood-2026-08-05-280.1,2026-08-05,iBood,280.1,1.0
migratie-iBood-2026-08-17-2.1,2026-08-17,iBood,2.1,5.0
migratie-iBood-2026-08-17-2.3,2026-08-17,iBood,2.3,2.0
migratie-iBood-2026-08-17-2.5,2026-08-17,iBood,2.5,1.0
migratie-iBood-2026-08-17-2.6,2026-08-17,iBood,2.6,1.0
migratie-iBood-2026-08-17-3.5,2026-08-17,iBood,3.5,1.0
migratie-iBood-2026-08-17-4.0,2026-08-17,iBood,4.0,1.0
migratie-iBood-2026-08-17-4.3,2026-08-17,iBood,4.3,2.0
migratie-iBood-2026-08-17-6.1,2026-08-17,iBood,6.1,1.0
migratie-iBood-2026-08-17-6.3,2026-08-17,iBood,6.3,2.0
migratie-iBood-2026-08-17-7.1,2026-08-17,iBood,7.1,3.0
migratie-iBood-2026-08-17-8.11,2026-08-17,iBood,8.11,1.0
migratie-iBood-2026-08-17-8.12,2026-08-17,iBood,8.12,8.0
migratie-iBood-2026-08-17-23.2,2026-08-17,iBood,23.2,1.0
migratie-iBood-2026-08-17-23.3,2026-08-17,iBood,23.3,2.0
migratie-iBood-2026-08-17-23.4,2026-08-17,iBood,23.4,6.0
migratie-iBood-2026-08-17-24.2,2026-08-17,iBood,24.2,1.0
migratie-iBood-2026-08-17-29.1,2026-08-17,iBood,29.1,2.0
migratie-iBood-2026-08-17-31.1,2026-08-17,iBood,31.1,3.0
migratie-iBood-2026-08-17-32.1,2026-08-17,iBood,32.1,2.0
migratie-iBood-2026-08-17-33.1,2026-08-17,iBood,33.1,2.0
migratie-iBood-2026-08-17-52.1,2026-08-17,iBood,52.1,1.0
migratie-iBood-2026-08-17-53.1,2026-08-17,iBood,53.1,4.0
migratie-iBood-2026-08-17-54.1,2026-08-17,iBood,54.1,2.0
migratie-iBood-2026-08-17-56.3,2026-08-17,iBood,56.3,1.0
migratie-iBood-2026-08-17-70.4,2026-08-17,iBood,70.4,2.0
migratie-iBood-2026-08-17-70.5,2026-08-17,iBood,70.5,1.0
migratie-iBood-2026-08-17-71.2,2026-08-17,iBood,71.2,1.0
migratie-iBood-2026-08-17-71.8,2026-08-17,iBood,71.8,1.0
migratie-iBood-2026-08-17-101.1,2026-08-17,iBood,101.1,1.0
migratie-iBood-2026-08-17-101.4,2026-08-17,iBood,101.4,2.0
migratie-iBood-2026-08-17-104.1,2026-08-17,iBood,104.1,1.0
migratie-iBood-2026-08-26-2.1,2026-08-26,iBood,2.1,4.0
migratie-iBood-2026-08-26-2.3,2026-08-26,iBood,2.3,1.0
migratie-iBood-2026-08-26-2.5,2026-08-26,iBood,2.5,2.0
migratie-iBood-2026-08-26-2.6,2026-08-26,iBood,2.6,3.0
migratie-iBood-2026-08-26-8.4,2026-08-26,iBood,8.4,2.0
migratie-iBood-2026-08-26-8.6,2026-08-26,iBood,8.6,5.0
migratie-iBood-2026-08-26-8.10,2026-08-26,iBood,8.10,1.0
migratie-iBood-2026-08-26-8.12,2026-08-26,iBood,8.12,9.0
migratie-iBood-2026-08-26-8.14,2026-08-26,iBood,8.14,1.0
migratie-iBood-2026-08-26-8.18,2026-08-26,iBood,8.18,1.0
migratie-iBood-2026-08-26-9.5,2026-08-26,iBood,9.5,3.0
migratie-iBood-2026-08-26-9.6,2026-08-26,iBood,9.6,1.0
migratie-iBood-2026-08-26-21.0,2026-08-26,iBood,21.0,2.0
migratie-iBood-2026-08-26-29.1,2026-08-26,iBood,29.1,3.0
migratie-iBood-2026-08-26-32.1,2026-08-26,iBood,32.1,10.0
migratie-iBood-2026-08-26-33.1,2026-08-26,iBood,33.1,2.0
migratie-iBood-2026-08-26-34.1,2026-08-26,iBood,34.1,3.0
migratie-iBood-2026-08-26-39.2,2026-08-26,iBood,39.2,4.0
migratie-iBood-2026-08-26-50.2,2026-08-26,iBood,50.2,4.0
migratie-iBood-2026-08-26-52.2,2026-08-26,iBood,52.2,2.0
migratie-iBood-2026-08-26-53.2,2026-08-26,iBood,53.2,5.0
migratie-iBood-2026-08-26-54.2,2026-08-26,iBood,54.2,3.0
migratie-iBood-2026-08-26-55.2,2026-08-26,iBood,55.2,1.0
migratie-iBood-2026-08-26-56.4,2026-08-26,iBood,56.4,1.0
migratie-iBood-2026-08-26-62.1,2026-08-26,iBood,62.1,2.0
migratie-iBood-2026-08-26-62.2,2026-08-26,iBood,62.2,3.0
migratie-iBood-2026-08-26-70.9,2026-08-26,iBood,70.9,1.0
migratie-iBood-2026-08-26-70.11,2026-08-26,iBood,70.11,3.0
migratie-iBood-2026-08-26-70.12,2026-08-26,iBood,70.12,1.0
migratie-iBood-2026-08-26-100.1,2026-08-26,iBood,100.1,1.0
migratie-iBood-2026-08-26-100.2,2026-08-26,iBood,100.2,6.0
migratie-iBood-2026-08-26-100.5,2026-08-26,iBood,100.5,2.0
migratie-iBood-2026-08-26-141.2,2026-08-26,iBood,141.2,2.0
migratie-iBood-2026-08-26-150.2,2026-08-26,iBood,150.2,1.0
migratie-iBood-2026-08-26-152.2,2026-08-26,iBood,152.2,1.0
migratie-iBood-2026-08-26-200.0,2026-08-26,iBood,200.0,5.0
migratie-iBood-2026-08-26-200.1,2026-08-26,iBood,200.1,1.0
migratie-iBood-2026-08-26-200.2,2026-08-26,iBood,200.2,1.0
migratie-iBood-2026-08-26-200.4,2026-08-26,iBood,200.4,4.0
migratie-iBood-2026-08-26-200.5,2026-08-26,iBood,200.5,1.0
migratie-iBood-2026-08-26-200.6,2026-08-26,iBood,200.6,2.0
migratie-iBood-2026-08-26-200.7,2026-08-26,iBood,200.7,2.0
migratie-iBood-2026-08-26-201.0,2026-08-26,iBood,201.0,1.0
migratie-iBood-2026-08-26-201.1,2026-08-26,iBood,201.1,1.0
migratie-iBood-2026-08-26-202.2,2026-08-26,iBood,202.2,7.0
migratie-iBood-2026-08-26-202.3,2026-08-26,iBood,202.3,2.0
migratie-iBood-2026-08-26-202.4,2026-08-26,iBood,202.4,3.0
migratie-iBood-2026-08-26-230.1,2026-08-26,iBood,230.1,7.0
migratie-iBood-2026-08-26-232.1,2026-08-26,iBood,232.1,7.0
migratie-iBood-2026-08-26-233.1,2026-08-26,iBood,233.1,4.0
migratie-iBood-2026-08-26-234.1,2026-08-26,iBood,234.1,1.0
migratie-iBood-2026-08-26-236.1,2026-08-26,iBood,236.1,3.0
migratie-iBood-2026-08-26-237.1,2026-08-26,iBood,237.1,13.0
migratie-iBood-2026-08-26-249.1,2026-08-26,iBood,249.1,1.0
migratie-iBood-2026-08-26-249.2,2026-08-26,iBood,249.2,8.0
migratie-iBood-2026-08-26-249.3,2026-08-26,iBood,249.3,1.0
migratie-iBood-2026-08-26-249.4,2026-08-26,iBood,249.4,2.0
migratie-iBood-2026-08-26-250.2,2026-08-26,iBood,250.2,3.0
migratie-iBood-2026-08-26-252.2,2026-08-26,iBood,252.2,5.0
migratie-iBood-2026-08-26-255.2,2026-08-26,iBood,255.2,1.0
migratie-iBood-2026-08-26-256.2,2026-08-26,iBood,256.2,2.0
migratie-iBood-2026-08-26-258.2,2026-08-26,iBood,258.2,4.0
migratie-iBood-2026-08-26-259.2,2026-08-26,iBood,259.2,2.0
migratie-iBood-2026-08-26-260.2,2026-08-26,iBood,260.2,1.0
migratie-iBood-2026-08-26-272.3,2026-08-26,iBood,272.3,2.0
migratie-iBood-2026-08-26-273.3,2026-08-26,iBood,273.3,1.0
migratie-iBood-2026-08-26-274.1,2026-08-26,iBood,274.1,4.0
migratie-iBood-2026-08-26-274.3,2026-08-26,iBood,274.3,1.0
migratie-iBood-2026-08-26-274.5,2026-08-26,iBood,274.5,1.0
migratie-iBood-2026-08-26-276.2,2026-08-26,iBood,276.2,3.0
migratie-iBood-2026-08-26-278.2,2026-08-26,iBood,278.2,2.0
migratie-iBood-2026-08-26-279.4,2026-08-26,iBood,279.4,1.0
migratie-iBood-2026-09-08-22.1,2026-09-08,iBood,22.1,1.0
migratie-iBood-2026-09-08-23.1,2026-09-08,iBood,23.1,1.0
migratie-iBood-2026-09-08-23.2,2026-09-08,iBood,23.2,1.0
migratie-iBood-2026-09-08-23.4,2026-09-08,iBood,23.4,7.0
migratie-iBood-2026-09-08-161.2,2026-09-08,iBood,161.2,4.0
migratie-iBood-2026-09-08-250.1,2026-09-08,iBood,250.1,1.0
migratie-iBood-2026-09-08-250.2,2026-09-08,iBood,250.2,6.0
migratie-iBood-2026-09-08-251.2,2026-09-08,iBood,251.2,2.0
migratie-iBood-2026-09-08-252.2,2026-09-08,iBood,252.2,1.0
migratie-iBood-2026-09-08-258.2,2026-09-08,iBood,258.2,2.0
migratie-iBood-2026-09-08-260.1,2026-09-08,iBood,260.1,2.0
migratie-iBood-2026-09-08-260.2,2026-09-08,iBood,260.2,1.0
migratie-iBood-2026-09-08-261.1,2026-09-08,iBood,261.1,1.0
migratie-iBood-2026-09-08-274.1,2026-09-08,iBood,274.1,1.0
migratie-iBood-2026-09-08-275.1,2026-09-08,iBood,275.1,1.0
migratie-iBood-2026-09-08-276.1,2026-09-08,iBood,276.1,2.0
migratie-iBood-2026-09-08-278.1,2026-09-08,iBood,278.1,1.0
migratie-iBood-2026-09-08-279.4,2026-09-08,iBood,279.4,1.0
migratie-iBood-2026-09-08-280.1,2026-09-08,iBood,280.1,1.0
migratie-iBood-2026-09-08-280.2,2026-09-08,iBood,280.2,3.0
migratie-Maison Privee-2026-07-07-151.3,2026-07-07,Maison Privee,151.3,1.0
migratie-Maison Privee-2026-07-10-71.4,2026-07-10,Maison Privee,71.4,1.0
migratie-Maison Privee-2026-07-20-101.6,2026-07-20,Maison Privee,101.6,1.0
migratie-Maison Privee-2026-07-20-101.7,2026-07-20,Maison Privee,101.7,2.0
migratie-Maison Privee-2026-07-22-55.2,2026-07-22,Maison Privee,55.2,1.0
migratie-Maison Privee-2026-07-24-104.2,2026-07-24,Maison Privee,104.2,1.0
migratie-Maison Privee-2026-07-28-101.7,2026-07-28,Maison Privee,101.7,2.0
migratie-Maison Privee-2026-07-30-100.2,2026-07-30,Maison Privee,100.2,1.0
migratie-Maison Privee-2026-07-30-101.7,2026-07-30,Maison Privee,101.7,1.0
migratie-Maison Privee-2026-08-03-8.12,2026-08-03,Maison Privee,8.12,1.0
migratie-Maison Privee-2026-08-03-101.6,2026-08-03,Maison Privee,101.6,1.0
migratie-Maison Privee-2026-08-03-101.7,2026-08-03,Maison Privee,101.7,1.0
migratie-Maison Privee-2026-08-12-2.7,2026-08-12,Maison Privee,2.7,1.0
migratie-Maison Privee-2026-08-12-101.0,2026-08-12,Maison Privee,101.0,1.0
migratie-Maison Privee-2026-08-14-29.1,2026-08-14,Maison Privee,29.1,1.0
migratie-Maison Privee-2026-08-18-101.7,2026-08-18,Maison Privee,101.7,1.0
migratie-Maison Privee-2026-08-18-153.2,2026-08-18,Maison Privee,153.2,1.0
migratie-Maison Privee-2026-08-21-8.14,2026-08-21,Maison Privee,8.14,1.0
migratie-Maison Privee-2026-08-21-101.7,2026-08-21,Maison Privee,101.7,1.0
migratie-Maison Privee-2026-08-24-7.2,2026-08-24,Maison Privee,7.2,1.0
migratie-Maison Privee-2026-08-24-101.7,2026-08-24,Maison Privee,101.7,2.0
migratie-Maison Privee-2026-09-03-22.1,2026-09-03,Maison Privee,22.1,1.0
migratie-Maison Privee-2026-09-03-32.1,2026-09-03,Maison Privee,32.1,1.0
migratie-Maison Privee-2026-09-03-100.5,2026-09-03,Maison Privee,100.5,1.0
migratie-Maison Privee-2026-09-03-101.2,2026-09-03,Maison Privee,101.2,1.0
migratie-Maison Privee-2026-09-03-141.4,2026-09-03,Maison Privee,141.4,1.0
migratie-Maison Privee-2026-09-07-2.4,2026-09-07,Maison Privee,2.4,1.0
migratie-Maison Privee-2026-09-07-100.1,2026-09-07,Maison Privee,100.1,1.0
migratie-Maison Privee-2026-09-07-101.6,2026-09-07,Maison Privee,101.6,1.0
migratie-Maison Privee-2026-09-08-2.3,2026-09-08,Maison Privee,2.3,1.0
migratie-Maison Privee-2026-09-08-7.2,2026-09-08,Maison Privee,7.2,1.0
migratie-Maison Privee-2026-09-08-40.1,2026-09-08,Maison Privee,40.1,1.0
migratie-Maison Privee-2026-09-08-44.8,2026-09-08,Maison Privee,44.8,1.0
migratie-Maison Privee-2026-09-08-101.5,2026-09-08,Maison Privee,101.5,1.0
migratie-Maison Privee-2026-09-08-101.6,2026-09-08,Maison Privee,101.6,1.0
migratie-Maison Privee-2026-09-08-101.7,2026-09-08,Maison Privee,101.7,3.0
migratie-Maison Privee-2026-09-08-141.2,2026-09-08,Maison Privee,141.2,1.0
migratie-Maison Privee-2026-09-14-14.2,2026-09-14,Maison Privee,14.2,1.0
migratie-Maison Privee-2026-09-14-40.4,2026-09-14,Maison Privee,40.4,1.0
migratie-Maison Privee-2026-09-14-44.2,2026-09-14,Maison Privee,44.2,1.0
migratie-Maison Privee-2026-09-14-54.1,2026-09-14,Maison Privee,54.1,1.0
migratie-Maison Privee-2026-09-14-56.1,2026-09-14,Maison Privee,56.1,1.0
migratie-Maison Privee-2026-09-14-100.2,2026-09-14,Maison Privee,100.2,1.0
migratie-Maison Privee-2026-09-15-3.1,2026-09-15,Maison Privee,3.1,1.0
migratie-Maison Privee-2026-09-15-101.5,2026-09-15,Maison Privee,101.5,1.0
migratie-Maison Privee-2026-09-16-8.8,2026-09-16,Maison Privee,8.8,1.0
migratie-Maison Privee-2026-09-16-152.1,2026-09-16,Maison Privee,152.1,1.0
migratie-Mediahuis-2026-07-01-9.8,2026-07-01,Mediahuis,9.8,1.0
migratie-Mediahuis-2026-07-01-70.1,2026-07-01,Mediahuis,70.1,5.0
migratie-Mediahuis-2026-07-01-70.2,2026-07-01,Mediahuis,70.2,1.0
migratie-Mediahuis-2026-07-02-9.5,2026-07-02,Mediahuis,9.5,1.0
migratie-Mediahuis-2026-07-02-70.3,2026-07-02,Mediahuis,70.3,1.0
migratie-Mediahuis-2026-07-02-71.4,2026-07-02,Mediahuis,71.4,1.0
migratie-Mediahuis-2026-07-02-161.1,2026-07-02,Mediahuis,161.1,1.0
migratie-Mediahuis-2026-07-02-237.1,2026-07-02,Mediahuis,237.1,2.0
migratie-Mediahuis-2026-07-03-161.1,2026-07-03,Mediahuis,161.1,1.0
migratie-Mediahuis-2026-07-06-9.4,2026-07-06,Mediahuis,9.4,1.0
migratie-Mediahuis-2026-07-06-161.1,2026-07-06,Mediahuis,161.1,1.0
migratie-Mediahuis-2026-07-06-236.1,2026-07-06,Mediahuis,236.1,1.0
migratie-Mediahuis-2026-07-06-237.1,2026-07-06,Mediahuis,237.1,2.0
migratie-Mediahuis-2026-07-06-249.1,2026-07-06,Mediahuis,249.1,1.0
migratie-Mediahuis-2026-07-06-249.4,2026-07-06,Mediahuis,249.4,1.0
migratie-Mediahuis-2026-07-07-70.1,2026-07-07,Mediahuis,70.1,2.0
migratie-Mediahuis-2026-07-07-70.3,2026-07-07,Mediahuis,70.3,1.0
migratie-Mediahuis-2026-07-07-70.4,2026-07-07,Mediahuis,70.4,2.0
migratie-Mediahuis-2026-07-07-161.1,2026-07-07,Mediahuis,161.1,1.0
migratie-Mediahuis-2026-07-07-204.1,2026-07-07,Mediahuis,204.1,1.0
migratie-Mediahuis-2026-07-07-249.1,2026-07-07,Mediahuis,249.1,1.0
migratie-Mediahuis-2026-07-08-8.3,2026-07-08,Mediahuis,8.3,1.0
migratie-Mediahuis-2026-07-08-9.7,2026-07-08,Mediahuis,9.7,1.0
migratie-Mediahuis-2026-07-08-70.1,2026-07-08,Mediahuis,70.1,1.0
migratie-Mediahuis-2026-07-08-70.2,2026-07-08,Mediahuis,70.2,1.0
migratie-Mediahuis-2026-07-08-70.4,2026-07-08,Mediahuis,70.4,2.0
migratie-Mediahuis-2026-07-08-236.1,2026-07-08,Mediahuis,236.1,1.0
migratie-Mediahuis-2026-07-08-237.1,2026-07-08,Mediahuis,237.1,1.0
migratie-Mediahuis-2026-07-08-249.2,2026-07-08,Mediahuis,249.2,1.0
migratie-Mediahuis-2026-07-08-250.1,2026-07-08,Mediahuis,250.1,1.0
migratie-Mediahuis-2026-07-09-161.1,2026-07-09,Mediahuis,161.1,2.0
migratie-Mediahuis-2026-07-10-249.3,2026-07-10,Mediahuis,249.3,1.0
migratie-Mediahuis-2026-07-13-70.2,2026-07-13,Mediahuis,70.2,1.0
migratie-Mediahuis-2026-07-13-249.1,2026-07-13,Mediahuis,249.1,2.0
migratie-Mediahuis-2026-07-13-249.3,2026-07-13,Mediahuis,249.3,2.0
migratie-Mediahuis-2026-07-13-250.1,2026-07-13,Mediahuis,250.1,1.0
migratie-Mediahuis-2026-07-14-8.15,2026-07-14,Mediahuis,8.15,1.0
migratie-Mediahuis-2026-07-14-70.3,2026-07-14,Mediahuis,70.3,1.0
migratie-Mediahuis-2026-07-14-71.0,2026-07-14,Mediahuis,71.0,1.0
migratie-Mediahuis-2026-07-14-71.4,2026-07-14,Mediahuis,71.4,1.0
migratie-Mediahuis-2026-07-15-161.1,2026-07-15,Mediahuis,161.1,5.0
migratie-Mediahuis-2026-07-15-237.1,2026-07-15,Mediahuis,237.1,1.0
migratie-Mediahuis-2026-07-15-249.1,2026-07-15,Mediahuis,249.1,1.0
migratie-Mediahuis-2026-07-15-259.1,2026-07-15,Mediahuis,259.1,1.0
migratie-Mediahuis-2026-07-16-161.1,2026-07-16,Mediahuis,161.1,4.0
migratie-Mediahuis-2026-07-16-249.1,2026-07-16,Mediahuis,249.1,1.0
migratie-Mediahuis-2026-07-17-70.1,2026-07-17,Mediahuis,70.1,1.0
migratie-Mediahuis-2026-07-17-70.2,2026-07-17,Mediahuis,70.2,1.0
migratie-Mediahuis-2026-07-17-70.3,2026-07-17,Mediahuis,70.3,1.0
migratie-Mediahuis-2026-07-17-161.1,2026-07-17,Mediahuis,161.1,1.0
migratie-Mediahuis-2026-07-17-236.1,2026-07-17,Mediahuis,236.1,2.0
migratie-Mediahuis-2026-07-17-237.1,2026-07-17,Mediahuis,237.1,9.0
migratie-Mediahuis-2026-07-17-251.1,2026-07-17,Mediahuis,251.1,1.0
migratie-Mediahuis-2026-07-20-70.3,2026-07-20,Mediahuis,70.3,1.0
migratie-Mediahuis-2026-07-20-161.1,2026-07-20,Mediahuis,161.1,2.0
migratie-Mediahuis-2026-07-20-237.1,2026-07-20,Mediahuis,237.1,1.0
migratie-Mediahuis-2026-07-20-249.3,2026-07-20,Mediahuis,249.3,1.0
migratie-Mediahuis-2026-07-22-70.1,2026-07-22,Mediahuis,70.1,2.0
migratie-Mediahuis-2026-07-22-70.2,2026-07-22,Mediahuis,70.2,1.0
migratie-Mediahuis-2026-07-22-237.1,2026-07-22,Mediahuis,237.1,4.0
migratie-Mediahuis-2026-07-23-237.1,2026-07-23,Mediahuis,237.1,7.0
migratie-Mediahuis-2026-07-24-237.1,2026-07-24,Mediahuis,237.1,3.0
migratie-Mediahuis-2026-07-24-249.1,2026-07-24,Mediahuis,249.1,1.0
migratie-Mediahuis-2026-07-27-70.2,2026-07-27,Mediahuis,70.2,3.0
migratie-Mediahuis-2026-07-27-70.3,2026-07-27,Mediahuis,70.3,1.0
migratie-Mediahuis-2026-07-27-71.2,2026-07-27,Mediahuis,71.2,1.0
migratie-Mediahuis-2026-07-27-161.1,2026-07-27,Mediahuis,161.1,2.0
migratie-Mediahuis-2026-07-27-236.1,2026-07-27,Mediahuis,236.1,1.0
migratie-Mediahuis-2026-07-27-237.1,2026-07-27,Mediahuis,237.1,12.0
migratie-Mediahuis-2026-07-27-249.3,2026-07-27,Mediahuis,249.3,1.0
migratie-Mediahuis-2026-07-27-270.1,2026-07-27,Mediahuis,270.1,1.0
migratie-Mediahuis-2026-07-28-70.3,2026-07-28,Mediahuis,70.3,1.0
migratie-Mediahuis-2026-07-28-70.4,2026-07-28,Mediahuis,70.4,1.0
migratie-Mediahuis-2026-07-29-71.0,2026-07-29,Mediahuis,71.0,3.0
migratie-Mediahuis-2026-07-29-249.1,2026-07-29,Mediahuis,249.1,2.0
migratie-Mediahuis-2026-07-29-249.4,2026-07-29,Mediahuis,249.4,1.0
migratie-Mediahuis-2026-07-30-70.3,2026-07-30,Mediahuis,70.3,3.0
migratie-Mediahuis-2026-07-30-161.1,2026-07-30,Mediahuis,161.1,1.0
migratie-Mediahuis-2026-07-30-236.1,2026-07-30,Mediahuis,236.1,1.0
migratie-Mediahuis-2026-07-30-249.2,2026-07-30,Mediahuis,249.2,1.0
migratie-Mediahuis-2026-07-30-281.2,2026-07-30,Mediahuis,281.2,1.0
migratie-Mediahuis-2026-07-31-249.1,2026-07-31,Mediahuis,249.1,1.0
migratie-Mediahuis-2026-08-03-9.7,2026-08-03,Mediahuis,9.7,2.0
migratie-Mediahuis-2026-08-03-70.2,2026-08-03,Mediahuis,70.2,1.0
migratie-Mediahuis-2026-08-03-161.1,2026-08-03,Mediahuis,161.1,1.0
migratie-Mediahuis-2026-08-03-237.1,2026-08-03,Mediahuis,237.1,1.0
migratie-Mediahuis-2026-08-04-249.1,2026-08-04,Mediahuis,249.1,1.0
migratie-Mediahuis-2026-08-05-161.1,2026-08-05,Mediahuis,161.1,1.0
migratie-Mediahuis-2026-08-06-9.6,2026-08-06,Mediahuis,9.6,1.0
migratie-Mediahuis-2026-08-06-9.7,2026-08-06,Mediahuis,9.7,1.0
migratie-Mediahuis-2026-08-13-161.1,2026-08-13,Mediahuis,161.1,1.0
migratie-Mediahuis-2026-08-14-70.4,2026-08-14,Mediahuis,70.4,1.0
migratie-Mediahuis-2026-08-14-71.0,2026-08-14,Mediahuis,71.0,1.0
migratie-Mediahuis-2026-08-14-71.2,2026-08-14,Mediahuis,71.2,1.0
migratie-Mediahuis-2026-08-17-161.1,2026-08-17,Mediahuis,161.1,1.0
migratie-Mediahuis-2026-08-20-161.1,2026-08-20,Mediahuis,161.1,1.0
migratie-Mediahuis-2026-08-25-249.1,2026-08-25,Mediahuis,249.1,1.0
migratie-Mediahuis-2026-08-26-8.3,2026-08-26,Mediahuis,8.3,1.0
migratie-Mediahuis-2026-08-26-8.15,2026-08-26,Mediahuis,8.15,1.0
migratie-Mediahuis-2026-08-26-70.3,2026-08-26,Mediahuis,70.3,1.0
migratie-Mediahuis-2026-08-26-249.1,2026-08-26,Mediahuis,249.1,1.0
migratie-Mediahuis-2026-08-27-32.1,2026-08-27,Mediahuis,32.1,1.0
migratie-Mediahuis-2026-08-27-70.3,2026-08-27,Mediahuis,70.3,1.0
migratie-Mediahuis-2026-08-27-161.1,2026-08-27,Mediahuis,161.1,1.0
migratie-Mediahuis-2026-08-27-249.4,2026-08-27,Mediahuis,249.4,1.0
migratie-Mediahuis-2026-08-27-255.1,2026-08-27,Mediahuis,255.1,1.0
migratie-Mediahuis-2026-08-27-256.1,2026-08-27,Mediahuis,256.1,1.0
migratie-Mediahuis-2026-08-28-9.6,2026-08-28,Mediahuis,9.6,1.0
migratie-Mediahuis-2026-08-28-9.7,2026-08-28,Mediahuis,9.7,1.0
migratie-Mediahuis-2026-08-28-32.2,2026-08-28,Mediahuis,32.2,1.0
migratie-Mediahuis-2026-08-31-9.7,2026-08-31,Mediahuis,9.7,1.0
migratie-Mediahuis-2026-09-07-161.1,2026-09-07,Mediahuis,161.1,1.0
migratie-Mediahuis-2026-09-08-70.3,2026-09-08,Mediahuis,70.3,1.0
migratie-Mediahuis-2026-09-08-237.1,2026-09-08,Mediahuis,237.1,1.0
migratie-Limango-2026-07-01-3.1,2026-07-01,Limango,3.1,1.0
migratie-Limango-2026-07-01-8.5,2026-07-01,Limango,8.5,1.0
migratie-Limango-2026-07-01-8.6,2026-07-01,Limango,8.6,1.0
migratie-Limango-2026-07-01-13.3,2026-07-01,Limango,13.3,1.0
migratie-Limango-2026-07-01-13.5,2026-07-01,Limango,13.5,1.0
migratie-Limango-2026-07-01-13.6,2026-07-01,Limango,13.6,1.0
migratie-Limango-2026-07-01-23.3,2026-07-01,Limango,23.3,1.0
migratie-Limango-2026-07-01-25.2,2026-07-01,Limango,25.2,1.0
migratie-Limango-2026-07-01-31.1,2026-07-01,Limango,31.1,2.0
migratie-Limango-2026-07-01-32.1,2026-07-01,Limango,32.1,1.0
migratie-Limango-2026-07-01-39.2,2026-07-01,Limango,39.2,2.0
migratie-Limango-2026-07-01-40.6,2026-07-01,Limango,40.6,1.0
migratie-Limango-2026-07-01-44.4,2026-07-01,Limango,44.4,1.0
migratie-Limango-2026-07-01-53.2,2026-07-01,Limango,53.2,2.0
migratie-Limango-2026-07-01-54.2,2026-07-01,Limango,54.2,1.0
migratie-Limango-2026-07-01-70.1,2026-07-01,Limango,70.1,1.0
migratie-Limango-2026-07-01-100.2,2026-07-01,Limango,100.2,3.0
migratie-Limango-2026-07-01-141.1,2026-07-01,Limango,141.1,1.0
migratie-Limango-2026-07-01-141.3,2026-07-01,Limango,141.3,1.0
migratie-Limango-2026-07-01-231.1,2026-07-01,Limango,231.1,1.0
migratie-Limango-2026-07-01-232.1,2026-07-01,Limango,232.1,1.0
migratie-Limango-2026-07-01-233.1,2026-07-01,Limango,233.1,1.0
migratie-Limango-2026-07-01-236.1,2026-07-01,Limango,236.1,1.0
migratie-Limango-2026-07-01-250.1,2026-07-01,Limango,250.1,2.0
migratie-Limango-2026-07-01-252.2,2026-07-01,Limango,252.2,1.0
migratie-Limango-2026-07-01-260.1,2026-07-01,Limango,260.1,1.0
migratie-Limango-2026-07-01-261.1,2026-07-01,Limango,261.1,1.0
migratie-Limango-2026-07-01-273.1,2026-07-01,Limango,273.1,1.0
migratie-Limango-2026-07-01-280.2,2026-07-01,Limango,280.2,2.0
migratie-Limango-2026-07-02-4.3,2026-07-02,Limango,4.3,1.0
migratie-Limango-2026-07-02-6.1,2026-07-02,Limango,6.1,1.0
migratie-Limango-2026-07-02-6.3,2026-07-02,Limango,6.3,1.0
migratie-Limango-2026-07-02-8.4,2026-07-02,Limango,8.4,1.0
migratie-Limango-2026-07-02-8.14,2026-07-02,Limango,8.14,1.0
migratie-Limango-2026-07-02-9.4,2026-07-02,Limango,9.4,1.0
migratie-Limango-2026-07-02-9.5,2026-07-02,Limango,9.5,1.0
migratie-Limango-2026-07-02-13.1,2026-07-02,Limango,13.1,1.0
migratie-Limango-2026-07-02-13.3,2026-07-02,Limango,13.3,1.0
migratie-Limango-2026-07-02-13.6,2026-07-02,Limango,13.6,1.0
migratie-Limango-2026-07-02-24.1,2026-07-02,Limango,24.1,1.0
migratie-Limango-2026-07-02-33.2,2026-07-02,Limango,33.2,1.0
migratie-Limango-2026-07-02-39.1,2026-07-02,Limango,39.1,1.0
migratie-Limango-2026-07-02-39.2,2026-07-02,Limango,39.2,3.0
migratie-Limango-2026-07-02-44.3,2026-07-02,Limango,44.3,1.0
migratie-Limango-2026-07-02-50.1,2026-07-02,Limango,50.1,1.0
migratie-Limango-2026-07-02-52.2,2026-07-02,Limango,52.2,3.0
migratie-Limango-2026-07-02-55.2,2026-07-02,Limango,55.2,2.0
migratie-Limango-2026-07-02-100.2,2026-07-02,Limango,100.2,3.0
migratie-Limango-2026-07-02-141.3,2026-07-02,Limango,141.3,2.0
migratie-Limango-2026-07-02-151.4,2026-07-02,Limango,151.4,1.0
migratie-Limango-2026-07-02-200.2,2026-07-02,Limango,200.2,1.0
migratie-Limango-2026-07-02-209.5,2026-07-02,Limango,209.5,1.0
migratie-Limango-2026-07-02-232.1,2026-07-02,Limango,232.1,2.0
migratie-Limango-2026-07-02-233.1,2026-07-02,Limango,233.1,2.0
migratie-Limango-2026-07-02-234.1,2026-07-02,Limango,234.1,1.0
migratie-Limango-2026-07-02-236.1,2026-07-02,Limango,236.1,3.0
migratie-Limango-2026-07-02-250.1,2026-07-02,Limango,250.1,1.0
migratie-Limango-2026-07-02-259.2,2026-07-02,Limango,259.2,1.0
migratie-Limango-2026-07-02-276.2,2026-07-02,Limango,276.2,1.0
migratie-Limango-2026-07-02-278.1,2026-07-02,Limango,278.1,1.0
migratie-Limango-2026-07-03-2.5,2026-07-03,Limango,2.5,1.0
migratie-Limango-2026-07-03-4.3,2026-07-03,Limango,4.3,2.0
migratie-Limango-2026-07-03-8.5,2026-07-03,Limango,8.5,1.0
migratie-Limango-2026-07-03-8.6,2026-07-03,Limango,8.6,2.0
migratie-Limango-2026-07-03-8.15,2026-07-03,Limango,8.15,1.0
migratie-Limango-2026-07-03-9.4,2026-07-03,Limango,9.4,1.0
migratie-Limango-2026-07-03-9.8,2026-07-03,Limango,9.8,1.0
migratie-Limango-2026-07-03-23.4,2026-07-03,Limango,23.4,1.0
migratie-Limango-2026-07-03-25.2,2026-07-03,Limango,25.2,1.0
migratie-Limango-2026-07-03-29.2,2026-07-03,Limango,29.2,1.0
migratie-Limango-2026-07-03-31.0,2026-07-03,Limango,31.0,1.0
migratie-Limango-2026-07-03-39.2,2026-07-03,Limango,39.2,1.0
migratie-Limango-2026-07-03-44.4,2026-07-03,Limango,44.4,1.0
migratie-Limango-2026-07-03-52.2,2026-07-03,Limango,52.2,1.0
migratie-Limango-2026-07-03-53.2,2026-07-03,Limango,53.2,1.0
migratie-Limango-2026-07-03-54.1,2026-07-03,Limango,54.1,1.0
migratie-Limango-2026-07-03-61.2,2026-07-03,Limango,61.2,2.0
migratie-Limango-2026-07-03-100.2,2026-07-03,Limango,100.2,2.0
migratie-Limango-2026-07-03-101.0,2026-07-03,Limango,101.0,1.0
migratie-Limango-2026-07-03-141.3,2026-07-03,Limango,141.3,1.0
migratie-Limango-2026-07-03-153.3,2026-07-03,Limango,153.3,1.0
migratie-Limango-2026-07-03-200.2,2026-07-03,Limango,200.2,1.0
migratie-Limango-2026-07-03-209.5,2026-07-03,Limango,209.5,1.0
migratie-Limango-2026-07-03-233.1,2026-07-03,Limango,233.1,1.0
migratie-Limango-2026-07-03-236.1,2026-07-03,Limango,236.1,1.0
migratie-Limango-2026-07-03-258.2,2026-07-03,Limango,258.2,1.0
migratie-Limango-2026-07-03-259.1,2026-07-03,Limango,259.1,1.0
migratie-Limango-2026-07-03-259.2,2026-07-03,Limango,259.2,1.0
migratie-Limango-2026-07-03-261.2,2026-07-03,Limango,261.2,1.0
migratie-Limango-2026-07-03-273.3,2026-07-03,Limango,273.3,1.0
migratie-Limango-2026-07-03-280.2,2026-07-03,Limango,280.2,2.0
migratie-Limango-2026-07-06-2.5,2026-07-06,Limango,2.5,1.0
migratie-Limango-2026-07-06-3.1,2026-07-06,Limango,3.1,1.0
migratie-Limango-2026-07-06-3.4,2026-07-06,Limango,3.4,1.0
migratie-Limango-2026-07-06-4.3,2026-07-06,Limango,4.3,1.0
migratie-Limango-2026-07-06-8.1,2026-07-06,Limango,8.1,1.0
migratie-Limango-2026-07-06-9.2,2026-07-06,Limango,9.2,1.0
migratie-Limango-2026-07-06-9.7,2026-07-06,Limango,9.7,1.0
migratie-Limango-2026-07-06-13.1,2026-07-06,Limango,13.1,2.0
migratie-Limango-2026-07-06-13.6,2026-07-06,Limango,13.6,1.0
migratie-Limango-2026-07-06-25.1,2026-07-06,Limango,25.1,1.0
migratie-Limango-2026-07-06-32.1,2026-07-06,Limango,32.1,1.0
migratie-Limango-2026-07-06-39.2,2026-07-06,Limango,39.2,2.0
migratie-Limango-2026-07-06-40.8,2026-07-06,Limango,40.8,1.0
migratie-Limango-2026-07-06-44.4,2026-07-06,Limango,44.4,1.0
migratie-Limango-2026-07-06-44.5,2026-07-06,Limango,44.5,1.0
migratie-Limango-2026-07-06-55.2,2026-07-06,Limango,55.2,1.0
migratie-Limango-2026-07-06-60.1,2026-07-06,Limango,60.1,1.0
migratie-Limango-2026-07-06-70.1,2026-07-06,Limango,70.1,2.0
migratie-Limango-2026-07-06-100.2,2026-07-06,Limango,100.2,3.0
migratie-Limango-2026-07-06-100.3,2026-07-06,Limango,100.3,1.0
migratie-Limango-2026-07-06-104.1,2026-07-06,Limango,104.1,1.0
migratie-Limango-2026-07-06-141.2,2026-07-06,Limango,141.2,1.0
migratie-Limango-2026-07-06-161.1,2026-07-06,Limango,161.1,2.0
migratie-Limango-2026-07-06-200.9,2026-07-06,Limango,200.9,2.0
migratie-Limango-2026-07-06-232.1,2026-07-06,Limango,232.1,2.0
migratie-Limango-2026-07-06-233.1,2026-07-06,Limango,233.1,4.0
migratie-Limango-2026-07-06-236.1,2026-07-06,Limango,236.1,1.0
migratie-Limango-2026-07-06-249.2,2026-07-06,Limango,249.2,1.0
migratie-Limango-2026-07-06-253.1,2026-07-06,Limango,253.1,1.0
migratie-Limango-2026-07-06-259.1,2026-07-06,Limango,259.1,3.0
migratie-Limango-2026-07-06-259.2,2026-07-06,Limango,259.2,1.0
migratie-Limango-2026-07-06-270.1,2026-07-06,Limango,270.1,1.0
migratie-Limango-2026-07-06-276.1,2026-07-06,Limango,276.1,1.0
migratie-Limango-2026-07-06-280.1,2026-07-06,Limango,280.1,2.0
migratie-Limango-2026-07-07-2.1,2026-07-07,Limango,2.1,2.0
migratie-Limango-2026-07-07-8.14,2026-07-07,Limango,8.14,1.0
migratie-Limango-2026-07-07-61.1,2026-07-07,Limango,61.1,1.0
migratie-Limango-2026-07-07-101.1,2026-07-07,Limango,101.1,1.0
migratie-Limango-2026-07-07-161.2,2026-07-07,Limango,161.2,1.0
migratie-Limango-2026-07-08-2.1,2026-07-08,Limango,2.1,1.0
migratie-Limango-2026-07-08-100.2,2026-07-08,Limango,100.2,1.0
migratie-Limango-2026-07-08-233.1,2026-07-08,Limango,233.1,1.0
migratie-Limango-2026-07-08-251.2,2026-07-08,Limango,251.2,1.0
migratie-Limango-2026-07-08-258.2,2026-07-08,Limango,258.2,1.0
migratie-Limango-2026-07-09-2.2,2026-07-09,Limango,2.2,1.0
migratie-Limango-2026-07-09-2.6,2026-07-09,Limango,2.6,1.0
migratie-Limango-2026-07-09-8.9,2026-07-09,Limango,8.9,1.0
migratie-Limango-2026-07-09-9.7,2026-07-09,Limango,9.7,1.0
migratie-Limango-2026-07-09-9.8,2026-07-09,Limango,9.8,1.0
migratie-Limango-2026-07-09-25.1,2026-07-09,Limango,25.1,2.0
migratie-Limango-2026-07-09-33.2,2026-07-09,Limango,33.2,2.0
migratie-Limango-2026-07-09-34.1,2026-07-09,Limango,34.1,1.0
migratie-Limango-2026-07-09-44.2,2026-07-09,Limango,44.2,1.0
migratie-Limango-2026-07-09-55.2,2026-07-09,Limango,55.2,1.0
migratie-Limango-2026-07-09-104.2,2026-07-09,Limango,104.2,1.0
migratie-Limango-2026-07-09-233.1,2026-07-09,Limango,233.1,1.0
migratie-Limango-2026-07-09-274.1,2026-07-09,Limango,274.1,1.0
migratie-Limango-2026-07-09-276.1,2026-07-09,Limango,276.1,1.0
migratie-Limango-2026-07-09-279.1,2026-07-09,Limango,279.1,1.0
migratie-Limango-2026-07-10-2.2,2026-07-10,Limango,2.2,1.0
migratie-Limango-2026-07-10-2.6,2026-07-10,Limango,2.6,1.0
migratie-Limango-2026-07-10-3.1,2026-07-10,Limango,3.1,2.0
migratie-Limango-2026-07-10-4.3,2026-07-10,Limango,4.3,1.0
migratie-Limango-2026-07-10-6.2,2026-07-10,Limango,6.2,1.0
migratie-Limango-2026-07-10-6.3,2026-07-10,Limango,6.3,1.0
migratie-Limango-2026-07-10-8.2,2026-07-10,Limango,8.2,1.0
migratie-Limango-2026-07-10-8.13,2026-07-10,Limango,8.13,1.0
migratie-Limango-2026-07-10-8.15,2026-07-10,Limango,8.15,1.0
migratie-Limango-2026-07-10-8.19,2026-07-10,Limango,8.19,1.0
migratie-Limango-2026-07-10-9.4,2026-07-10,Limango,9.4,1.0
migratie-Limango-2026-07-10-23.1,2026-07-10,Limango,23.1,1.0
migratie-Limango-2026-07-10-23.2,2026-07-10,Limango,23.2,1.0
migratie-Limango-2026-07-10-23.3,2026-07-10,Limango,23.3,1.0
migratie-Limango-2026-07-10-23.4,2026-07-10,Limango,23.4,2.0
migratie-Limango-2026-07-10-24.2,2026-07-10,Limango,24.2,1.0
migratie-Limango-2026-07-10-25.1,2026-07-10,Limango,25.1,3.0
migratie-Limango-2026-07-10-29.2,2026-07-10,Limango,29.2,1.0
migratie-Limango-2026-07-10-31.0,2026-07-10,Limango,31.0,2.0
migratie-Limango-2026-07-10-31.1,2026-07-10,Limango,31.1,1.0
migratie-Limango-2026-07-10-32.1,2026-07-10,Limango,32.1,1.0
migratie-Limango-2026-07-10-40.8,2026-07-10,Limango,40.8,3.0
migratie-Limango-2026-07-10-44.5,2026-07-10,Limango,44.5,1.0
migratie-Limango-2026-07-10-50.1,2026-07-10,Limango,50.1,2.0
migratie-Limango-2026-07-10-52.1,2026-07-10,Limango,52.1,1.0
migratie-Limango-2026-07-10-53.1,2026-07-10,Limango,53.1,1.0
migratie-Limango-2026-07-10-54.1,2026-07-10,Limango,54.1,3.0
migratie-Limango-2026-07-10-54.2,2026-07-10,Limango,54.2,1.0
migratie-Limango-2026-07-10-71.5,2026-07-10,Limango,71.5,1.0
migratie-Limango-2026-07-10-100.1,2026-07-10,Limango,100.1,3.0
migratie-Limango-2026-07-10-100.2,2026-07-10,Limango,100.2,1.0
migratie-Limango-2026-07-10-100.3,2026-07-10,Limango,100.3,1.0
migratie-Limango-2026-07-10-104.1,2026-07-10,Limango,104.1,1.0
migratie-Limango-2026-07-10-141.3,2026-07-10,Limango,141.3,1.0
migratie-Limango-2026-07-10-161.1,2026-07-10,Limango,161.1,1.0
migratie-Limango-2026-07-10-200.0,2026-07-10,Limango,200.0,1.0
migratie-Limango-2026-07-10-200.9,2026-07-10,Limango,200.9,1.0
migratie-Limango-2026-07-10-232.1,2026-07-10,Limango,232.1,1.0
migratie-Limango-2026-07-10-233.1,2026-07-10,Limango,233.1,1.0
migratie-Limango-2026-07-10-236.1,2026-07-10,Limango,236.1,5.0
migratie-Limango-2026-07-10-258.1,2026-07-10,Limango,258.1,1.0
migratie-Limango-2026-07-10-258.2,2026-07-10,Limango,258.2,1.0
migratie-Limango-2026-07-10-259.2,2026-07-10,Limango,259.2,1.0
migratie-Limango-2026-07-10-262.2,2026-07-10,Limango,262.2,2.0
migratie-Limango-2026-07-10-272.3,2026-07-10,Limango,272.3,1.0
migratie-Limango-2026-07-10-276.1,2026-07-10,Limango,276.1,2.0
migratie-Limango-2026-07-10-276.2,2026-07-10,Limango,276.2,1.0
migratie-Limango-2026-07-10-278.1,2026-07-10,Limango,278.1,1.0
migratie-Limango-2026-07-10-279.1,2026-07-10,Limango,279.1,1.0
migratie-Limango-2026-07-10-280.1,2026-07-10,Limango,280.1,2.0
migratie-Limango-2026-07-10-280.2,2026-07-10,Limango,280.2,2.0
migratie-Limango-2026-07-13-2.1,2026-07-13,Limango,2.1,1.0
migratie-Limango-2026-07-13-2.5,2026-07-13,Limango,2.5,1.0
migratie-Limango-2026-07-13-3.4,2026-07-13,Limango,3.4,1.0
migratie-Limango-2026-07-13-8.2,2026-07-13,Limango,8.2,1.0
migratie-Limango-2026-07-13-8.5,2026-07-13,Limango,8.5,1.0
migratie-Limango-2026-07-13-8.6,2026-07-13,Limango,8.6,1.0
migratie-Limango-2026-07-13-8.9,2026-07-13,Limango,8.9,1.0
migratie-Limango-2026-07-13-8.13,2026-07-13,Limango,8.13,1.0
migratie-Limango-2026-07-13-8.19,2026-07-13,Limango,8.19,1.0
migratie-Limango-2026-07-13-9.1,2026-07-13,Limango,9.1,1.0
migratie-Limango-2026-07-13-13.3,2026-07-13,Limango,13.3,1.0
migratie-Limango-2026-07-13-23.3,2026-07-13,Limango,23.3,1.0
migratie-Limango-2026-07-13-23.4,2026-07-13,Limango,23.4,2.0
migratie-Limango-2026-07-13-25.1,2026-07-13,Limango,25.1,3.0
migratie-Limango-2026-07-13-29.1,2026-07-13,Limango,29.1,1.0
migratie-Limango-2026-07-13-32.1,2026-07-13,Limango,32.1,1.0
migratie-Limango-2026-07-13-40.8,2026-07-13,Limango,40.8,2.0
migratie-Limango-2026-07-13-41.2,2026-07-13,Limango,41.2,1.0
migratie-Limango-2026-07-13-44.3,2026-07-13,Limango,44.3,1.0
migratie-Limango-2026-07-13-52.1,2026-07-13,Limango,52.1,1.0
migratie-Limango-2026-07-13-54.1,2026-07-13,Limango,54.1,1.0
migratie-Limango-2026-07-13-54.2,2026-07-13,Limango,54.2,1.0
migratie-Limango-2026-07-13-60.1,2026-07-13,Limango,60.1,1.0
migratie-Limango-2026-07-13-71.0,2026-07-13,Limango,71.0,1.0
migratie-Limango-2026-07-13-100.1,2026-07-13,Limango,100.1,1.0
migratie-Limango-2026-07-13-100.2,2026-07-13,Limango,100.2,2.0
migratie-Limango-2026-07-13-100.4,2026-07-13,Limango,100.4,2.0
migratie-Limango-2026-07-13-101.2,2026-07-13,Limango,101.2,1.0
migratie-Limango-2026-07-13-141.2,2026-07-13,Limango,141.2,1.0
migratie-Limango-2026-07-13-160.1,2026-07-13,Limango,160.1,1.0
migratie-Limango-2026-07-13-161.0,2026-07-13,Limango,161.0,1.0
migratie-Limango-2026-07-13-161.1,2026-07-13,Limango,161.1,1.0
migratie-Limango-2026-07-13-200.0,2026-07-13,Limango,200.0,1.0
migratie-Limango-2026-07-13-200.9,2026-07-13,Limango,200.9,1.0
migratie-Limango-2026-07-13-201.0,2026-07-13,Limango,201.0,1.0
migratie-Limango-2026-07-13-201.3,2026-07-13,Limango,201.3,1.0
migratie-Limango-2026-07-13-204.0,2026-07-13,Limango,204.0,1.0
migratie-Limango-2026-07-13-232.1,2026-07-13,Limango,232.1,3.0
migratie-Limango-2026-07-13-233.1,2026-07-13,Limango,233.1,5.0
migratie-Limango-2026-07-13-234.1,2026-07-13,Limango,234.1,1.0
migratie-Limango-2026-07-13-236.1,2026-07-13,Limango,236.1,3.0
migratie-Limango-2026-07-13-251.2,2026-07-13,Limango,251.2,1.0
migratie-Limango-2026-07-13-258.1,2026-07-13,Limango,258.1,1.0
migratie-Limango-2026-07-13-259.1,2026-07-13,Limango,259.1,1.0
migratie-Limango-2026-07-13-259.2,2026-07-13,Limango,259.2,2.0
migratie-Limango-2026-07-13-274.1,2026-07-13,Limango,274.1,1.0
migratie-Limango-2026-07-13-276.1,2026-07-13,Limango,276.1,1.0
migratie-Limango-2026-07-13-276.2,2026-07-13,Limango,276.2,1.0
migratie-Limango-2026-07-13-280.1,2026-07-13,Limango,280.1,2.0
migratie-Limango-2026-07-13-280.2,2026-07-13,Limango,280.2,1.0
migratie-Limango-2026-07-14-8.5,2026-07-14,Limango,8.5,1.0
migratie-Limango-2026-07-14-8.6,2026-07-14,Limango,8.6,1.0
migratie-Limango-2026-07-14-9.5,2026-07-14,Limango,9.5,1.0
migratie-Limango-2026-07-14-23.3,2026-07-14,Limango,23.3,2.0
migratie-Limango-2026-07-14-29.1,2026-07-14,Limango,29.1,1.0
migratie-Limango-2026-07-14-31.0,2026-07-14,Limango,31.0,1.0
migratie-Limango-2026-07-14-32.1,2026-07-14,Limango,32.1,1.0
migratie-Limango-2026-07-14-44.7,2026-07-14,Limango,44.7,1.0
migratie-Limango-2026-07-14-100.1,2026-07-14,Limango,100.1,1.0
migratie-Limango-2026-07-14-100.2,2026-07-14,Limango,100.2,3.0
migratie-Limango-2026-07-14-161.2,2026-07-14,Limango,161.2,1.0
migratie-Limango-2026-07-14-201.5,2026-07-14,Limango,201.5,1.0
migratie-Limango-2026-07-14-249.1,2026-07-14,Limango,249.1,1.0
migratie-Limango-2026-07-14-250.2,2026-07-14,Limango,250.2,2.0
migratie-Limango-2026-07-14-274.1,2026-07-14,Limango,274.1,1.0
migratie-Limango-2026-07-14-279.1,2026-07-14,Limango,279.1,3.0
migratie-Limango-2026-07-14-280.2,2026-07-14,Limango,280.2,2.0
migratie-Limango-2026-07-15-7.2,2026-07-15,Limango,7.2,2.0
migratie-Limango-2026-07-15-8.14,2026-07-15,Limango,8.14,1.0
migratie-Limango-2026-07-15-31.2,2026-07-15,Limango,31.2,1.0
migratie-Limango-2026-07-15-34.2,2026-07-15,Limango,34.2,1.0
migratie-Limango-2026-07-15-44.4,2026-07-15,Limango,44.4,2.0
migratie-Limango-2026-07-15-50.2,2026-07-15,Limango,50.2,1.0
migratie-Limango-2026-07-15-100.2,2026-07-15,Limango,100.2,1.0
migratie-Limango-2026-07-15-259.2,2026-07-15,Limango,259.2,1.0
migratie-Limango-2026-07-16-2.6,2026-07-16,Limango,2.6,1.0
migratie-Limango-2026-07-16-8.6,2026-07-16,Limango,8.6,1.0
migratie-Limango-2026-07-16-8.9,2026-07-16,Limango,8.9,1.0
migratie-Limango-2026-07-16-9.7,2026-07-16,Limango,9.7,1.0
migratie-Limango-2026-07-16-25.1,2026-07-16,Limango,25.1,1.0
migratie-Limango-2026-07-16-53.1,2026-07-16,Limango,53.1,1.0
migratie-Limango-2026-07-16-54.1,2026-07-16,Limango,54.1,1.0
migratie-Limango-2026-07-16-100.2,2026-07-16,Limango,100.2,1.0
migratie-Limango-2026-07-16-152.3,2026-07-16,Limango,152.3,1.0
migratie-Limango-2026-07-16-153.3,2026-07-16,Limango,153.3,1.0
migratie-Limango-2026-07-16-232.1,2026-07-16,Limango,232.1,1.0
migratie-Limango-2026-07-16-280.1,2026-07-16,Limango,280.1,1.0
migratie-Limango-2026-07-17-3.2,2026-07-17,Limango,3.2,1.0
migratie-Limango-2026-07-17-23.3,2026-07-17,Limango,23.3,1.0
migratie-Limango-2026-07-17-29.2,2026-07-17,Limango,29.2,1.0
migratie-Limango-2026-07-17-60.2,2026-07-17,Limango,60.2,1.0
migratie-Limango-2026-07-17-70.2,2026-07-17,Limango,70.2,2.0
migratie-Limango-2026-07-17-70.4,2026-07-17,Limango,70.4,1.0
migratie-Limango-2026-07-17-141.3,2026-07-17,Limango,141.3,2.0
migratie-Limango-2026-07-17-161.2,2026-07-17,Limango,161.2,1.0
migratie-Limango-2026-07-17-236.1,2026-07-17,Limango,236.1,1.0
migratie-Limango-2026-07-17-249.1,2026-07-17,Limango,249.1,1.0
migratie-Limango-2026-07-17-278.1,2026-07-17,Limango,278.1,1.0
migratie-Limango-2026-07-17-280.2,2026-07-17,Limango,280.2,1.0
migratie-Limango-2026-07-20-2.6,2026-07-20,Limango,2.6,1.0
migratie-Limango-2026-07-20-40.6,2026-07-20,Limango,40.6,1.0
migratie-Limango-2026-07-20-70.1,2026-07-20,Limango,70.1,1.0
migratie-Limango-2026-07-20-100.1,2026-07-20,Limango,100.1,2.0
migratie-Limango-2026-07-20-100.2,2026-07-20,Limango,100.2,1.0
migratie-Limango-2026-07-20-200.0,2026-07-20,Limango,200.0,1.0
migratie-Limango-2026-07-20-259.2,2026-07-20,Limango,259.2,1.0
migratie-Limango-2026-07-20-276.2,2026-07-20,Limango,276.2,1.0
migratie-Limango-2026-07-21-2.5,2026-07-21,Limango,2.5,1.0
migratie-Limango-2026-07-21-44.2,2026-07-21,Limango,44.2,1.0
migratie-Limango-2026-07-21-56.4,2026-07-21,Limango,56.4,1.0
migratie-Limango-2026-07-21-100.1,2026-07-21,Limango,100.1,1.0
migratie-Limango-2026-07-21-100.2,2026-07-21,Limango,100.2,1.0
migratie-Limango-2026-07-21-259.2,2026-07-21,Limango,259.2,1.0
migratie-Limango-2026-07-21-276.1,2026-07-21,Limango,276.1,1.0
migratie-Limango-2026-07-21-278.1,2026-07-21,Limango,278.1,1.0
migratie-Limango-2026-07-21-280.2,2026-07-21,Limango,280.2,1.0
migratie-Limango-2026-07-22-2.5,2026-07-22,Limango,2.5,1.0
migratie-Limango-2026-07-22-4.3,2026-07-22,Limango,4.3,1.0
migratie-Limango-2026-07-22-8.5,2026-07-22,Limango,8.5,1.0
migratie-Limango-2026-07-22-8.13,2026-07-22,Limango,8.13,1.0
migratie-Limango-2026-07-22-41.2,2026-07-22,Limango,41.2,1.0
migratie-Limango-2026-07-22-54.1,2026-07-22,Limango,54.1,1.0
migratie-Limango-2026-07-22-141.3,2026-07-22,Limango,141.3,1.0
migratie-Limango-2026-07-22-201.1,2026-07-22,Limango,201.1,1.0
migratie-Limango-2026-07-22-233.1,2026-07-22,Limango,233.1,2.0
migratie-Limango-2026-07-23-8.8,2026-07-23,Limango,8.8,1.0
migratie-Limango-2026-07-23-8.17,2026-07-23,Limango,8.17,1.0
migratie-Limango-2026-07-23-9.5,2026-07-23,Limango,9.5,1.0
migratie-Limango-2026-07-23-29.1,2026-07-23,Limango,29.1,1.0
migratie-Limango-2026-07-23-141.1,2026-07-23,Limango,141.1,1.0
migratie-Limango-2026-07-24-6.3,2026-07-24,Limango,6.3,1.0
migratie-Limango-2026-07-24-41.4,2026-07-24,Limango,41.4,1.0
migratie-Limango-2026-07-24-52.1,2026-07-24,Limango,52.1,1.0
migratie-Limango-2026-07-24-54.1,2026-07-24,Limango,54.1,1.0
migratie-Limango-2026-07-24-100.1,2026-07-24,Limango,100.1,1.0
migratie-Limango-2026-07-24-100.2,2026-07-24,Limango,100.2,2.0
migratie-Limango-2026-07-24-152.3,2026-07-24,Limango,152.3,2.0
migratie-Limango-2026-07-24-233.1,2026-07-24,Limango,233.1,1.0
migratie-Limango-2026-07-24-236.1,2026-07-24,Limango,236.1,1.0
migratie-Limango-2026-07-27-31.2,2026-07-27,Limango,31.2,1.0
migratie-Limango-2026-07-27-41.2,2026-07-27,Limango,41.2,1.0
migratie-Limango-2026-07-27-50.1,2026-07-27,Limango,50.1,1.0
migratie-Limango-2026-07-27-50.2,2026-07-27,Limango,50.2,1.0
migratie-Limango-2026-07-27-56.3,2026-07-27,Limango,56.3,1.0
migratie-Limango-2026-07-27-100.1,2026-07-27,Limango,100.1,1.0
migratie-Limango-2026-07-27-100.2,2026-07-27,Limango,100.2,1.0
migratie-Limango-2026-07-27-100.3,2026-07-27,Limango,100.3,1.0
migratie-Limango-2026-07-27-161.0,2026-07-27,Limango,161.0,1.0
migratie-Limango-2026-07-27-236.1,2026-07-27,Limango,236.1,1.0
migratie-Limango-2026-07-27-259.1,2026-07-27,Limango,259.1,1.0
migratie-Limango-2026-07-27-270.2,2026-07-27,Limango,270.2,1.0
migratie-Limango-2026-07-27-280.1,2026-07-27,Limango,280.1,1.0
migratie-Limango-2026-07-27-280.2,2026-07-27,Limango,280.2,1.0
migratie-Limango-2026-07-28-8.2,2026-07-28,Limango,8.2,1.0
migratie-Limango-2026-07-29-8.2,2026-07-29,Limango,8.2,1.0
migratie-Limango-2026-07-29-8.5,2026-07-29,Limango,8.5,1.0
migratie-Limango-2026-07-29-9.4,2026-07-29,Limango,9.4,1.0
migratie-Limango-2026-07-29-100.2,2026-07-29,Limango,100.2,1.0
migratie-Limango-2026-07-30-8.7,2026-07-30,Limango,8.7,2.0
migratie-Limango-2026-07-30-8.13,2026-07-30,Limango,8.13,1.0
migratie-Limango-2026-07-30-23.4,2026-07-30,Limango,23.4,1.0
migratie-Limango-2026-07-30-150.3,2026-07-30,Limango,150.3,1.0
migratie-Limango-2026-07-30-249.2,2026-07-30,Limango,249.2,1.0
migratie-Limango-2026-07-31-280.2,2026-07-31,Limango,280.2,1.0
migratie-Limango-2026-08-03-2.5,2026-08-03,Limango,2.5,1.0
migratie-Limango-2026-08-03-4.0,2026-08-03,Limango,4.0,1.0
migratie-Limango-2026-08-03-4.2,2026-08-03,Limango,4.2,1.0
migratie-Limango-2026-08-03-7.1,2026-08-03,Limango,7.1,1.0
migratie-Limango-2026-08-03-8.2,2026-08-03,Limango,8.2,1.0
migratie-Limango-2026-08-03-8.17,2026-08-03,Limango,8.17,1.0
migratie-Limango-2026-08-03-9.2,2026-08-03,Limango,9.2,1.0
migratie-Limango-2026-08-03-9.7,2026-08-03,Limango,9.7,2.0
migratie-Limango-2026-08-03-13.5,2026-08-03,Limango,13.5,1.0
migratie-Limango-2026-08-03-29.2,2026-08-03,Limango,29.2,1.0
migratie-Limango-2026-08-03-31.1,2026-08-03,Limango,31.1,1.0
migratie-Limango-2026-08-03-32.1,2026-08-03,Limango,32.1,2.0
migratie-Limango-2026-08-03-41.2,2026-08-03,Limango,41.2,1.0
migratie-Limango-2026-08-03-50.2,2026-08-03,Limango,50.2,1.0
migratie-Limango-2026-08-03-52.1,2026-08-03,Limango,52.1,1.0
migratie-Limango-2026-08-03-52.2,2026-08-03,Limango,52.2,1.0
migratie-Limango-2026-08-03-53.1,2026-08-03,Limango,53.1,1.0
migratie-Limango-2026-08-03-54.1,2026-08-03,Limango,54.1,1.0
migratie-Limango-2026-08-03-54.2,2026-08-03,Limango,54.2,1.0
migratie-Limango-2026-08-03-55.1,2026-08-03,Limango,55.1,1.0
migratie-Limango-2026-08-03-55.2,2026-08-03,Limango,55.2,1.0
migratie-Limango-2026-08-03-56.3,2026-08-03,Limango,56.3,1.0
migratie-Limango-2026-08-03-100.2,2026-08-03,Limango,100.2,2.0
migratie-Limango-2026-08-03-101.0,2026-08-03,Limango,101.0,3.0
migratie-Limango-2026-08-03-153.4,2026-08-03,Limango,153.4,1.0
migratie-Limango-2026-08-03-200.0,2026-08-03,Limango,200.0,1.0
migratie-Limango-2026-08-03-236.1,2026-08-03,Limango,236.1,2.0
migratie-Limango-2026-08-03-259.2,2026-08-03,Limango,259.2,1.0
migratie-Limango-2026-08-03-280.2,2026-08-03,Limango,280.2,2.0
migratie-Limango-2026-08-04-2.1,2026-08-04,Limango,2.1,1.0
migratie-Limango-2026-08-04-8.9,2026-08-04,Limango,8.9,1.0
migratie-Limango-2026-08-04-25.1,2026-08-04,Limango,25.1,1.0
migratie-Limango-2026-08-04-33.1,2026-08-04,Limango,33.1,1.0
migratie-Limango-2026-08-04-41.2,2026-08-04,Limango,41.2,1.0
migratie-Limango-2026-08-04-53.1,2026-08-04,Limango,53.1,2.0
migratie-Limango-2026-08-04-100.2,2026-08-04,Limango,100.2,1.0
migratie-Limango-2026-08-04-279.2,2026-08-04,Limango,279.2,2.0
migratie-Limango-2026-08-04-280.1,2026-08-04,Limango,280.1,2.0
migratie-Limango-2026-08-04-280.2,2026-08-04,Limango,280.2,2.0
migratie-Limango-2026-08-05-8.8,2026-08-05,Limango,8.8,1.0
migratie-Limango-2026-08-05-44.8,2026-08-05,Limango,44.8,1.0
migratie-Limango-2026-08-05-52.1,2026-08-05,Limango,52.1,1.0
migratie-Limango-2026-08-05-100.2,2026-08-05,Limango,100.2,2.0
migratie-Limango-2026-08-06-7.1,2026-08-06,Limango,7.1,1.0
migratie-Limango-2026-08-06-8.1,2026-08-06,Limango,8.1,1.0
migratie-Limango-2026-08-06-8.9,2026-08-06,Limango,8.9,1.0
migratie-Limango-2026-08-06-29.1,2026-08-06,Limango,29.1,1.0
migratie-Limango-2026-08-06-44.4,2026-08-06,Limango,44.4,1.0
migratie-Limango-2026-08-06-233.1,2026-08-06,Limango,233.1,1.0
migratie-Limango-2026-08-07-9.4,2026-08-07,Limango,9.4,1.0
migratie-Limango-2026-08-10-2.2,2026-08-10,Limango,2.2,1.0
migratie-Limango-2026-08-10-2.6,2026-08-10,Limango,2.6,1.0
migratie-Limango-2026-08-10-4.2,2026-08-10,Limango,4.2,1.0
migratie-Limango-2026-08-10-7.1,2026-08-10,Limango,7.1,1.0
migratie-Limango-2026-08-10-8.19,2026-08-10,Limango,8.19,1.0
migratie-Limango-2026-08-10-22.2,2026-08-10,Limango,22.2,1.0
migratie-Limango-2026-08-10-23.2,2026-08-10,Limango,23.2,1.0
migratie-Limango-2026-08-10-23.3,2026-08-10,Limango,23.3,1.0
migratie-Limango-2026-08-10-23.4,2026-08-10,Limango,23.4,1.0
migratie-Limango-2026-08-10-31.1,2026-08-10,Limango,31.1,1.0
migratie-Limango-2026-08-10-44.4,2026-08-10,Limango,44.4,1.0
migratie-Limango-2026-08-10-44.8,2026-08-10,Limango,44.8,1.0
migratie-Limango-2026-08-10-53.1,2026-08-10,Limango,53.1,1.0
migratie-Limango-2026-08-10-100.2,2026-08-10,Limango,100.2,4.0
migratie-Limango-2026-08-10-200.5,2026-08-10,Limango,200.5,1.0
migratie-Limango-2026-08-10-249.2,2026-08-10,Limango,249.2,1.0
migratie-Limango-2026-08-10-259.2,2026-08-10,Limango,259.2,1.0
migratie-Limango-2026-08-10-276.2,2026-08-10,Limango,276.2,1.0
migratie-Limango-2026-08-10-278.2,2026-08-10,Limango,278.2,1.0
migratie-Limango-2026-08-10-280.2,2026-08-10,Limango,280.2,1.0
migratie-Limango-2026-08-11-100.1,2026-08-11,Limango,100.1,1.0
migratie-Limango-2026-08-12-3.5,2026-08-12,Limango,3.5,1.0
migratie-Limango-2026-08-12-8.17,2026-08-12,Limango,8.17,1.0
migratie-Limango-2026-08-12-9.4,2026-08-12,Limango,9.4,1.0
migratie-Limango-2026-08-12-27.1,2026-08-12,Limango,27.1,1.0
migratie-Limango-2026-08-12-39.2,2026-08-12,Limango,39.2,1.0
migratie-Limango-2026-08-12-100.1,2026-08-12,Limango,100.1,1.0
migratie-Limango-2026-08-12-100.5,2026-08-12,Limango,100.5,1.0
migratie-Limango-2026-08-12-200.9,2026-08-12,Limango,200.9,1.0
migratie-Limango-2026-08-12-233.1,2026-08-12,Limango,233.1,2.0
migratie-Limango-2026-08-12-235.1,2026-08-12,Limango,235.1,1.0
migratie-Limango-2026-08-12-236.1,2026-08-12,Limango,236.1,2.0
migratie-Limango-2026-08-12-276.2,2026-08-12,Limango,276.2,1.0
migratie-Limango-2026-08-13-2.2,2026-08-13,Limango,2.2,1.0
migratie-Limango-2026-08-13-3.1,2026-08-13,Limango,3.1,2.0
migratie-Limango-2026-08-13-4.0,2026-08-13,Limango,4.0,1.0
migratie-Limango-2026-08-13-7.1,2026-08-13,Limango,7.1,2.0
migratie-Limango-2026-08-13-8.1,2026-08-13,Limango,8.1,1.0
migratie-Limango-2026-08-13-8.5,2026-08-13,Limango,8.5,1.0
migratie-Limango-2026-08-13-8.6,2026-08-13,Limango,8.6,1.0
migratie-Limango-2026-08-13-8.7,2026-08-13,Limango,8.7,2.0
migratie-Limango-2026-08-13-8.13,2026-08-13,Limango,8.13,1.0
migratie-Limango-2026-08-13-8.15,2026-08-13,Limango,8.15,1.0
migratie-Limango-2026-08-13-9.4,2026-08-13,Limango,9.4,1.0
migratie-Limango-2026-08-13-9.6,2026-08-13,Limango,9.6,2.0
migratie-Limango-2026-08-13-9.7,2026-08-13,Limango,9.7,2.0
migratie-Limango-2026-08-13-13.3,2026-08-13,Limango,13.3,1.0
migratie-Limango-2026-08-13-13.6,2026-08-13,Limango,13.6,1.0
migratie-Limango-2026-08-13-22.1,2026-08-13,Limango,22.1,1.0
migratie-Limango-2026-08-13-23.4,2026-08-13,Limango,23.4,3.0
migratie-Limango-2026-08-13-24.1,2026-08-13,Limango,24.1,1.0
migratie-Limango-2026-08-13-27.1,2026-08-13,Limango,27.1,2.0
migratie-Limango-2026-08-13-27.2,2026-08-13,Limango,27.2,2.0
migratie-Limango-2026-08-13-29.1,2026-08-13,Limango,29.1,2.0
migratie-Limango-2026-08-13-29.2,2026-08-13,Limango,29.2,1.0
migratie-Limango-2026-08-13-31.0,2026-08-13,Limango,31.0,1.0
migratie-Limango-2026-08-13-32.1,2026-08-13,Limango,32.1,2.0
migratie-Limango-2026-08-13-39.2,2026-08-13,Limango,39.2,1.0
migratie-Limango-2026-08-13-50.1,2026-08-13,Limango,50.1,2.0
migratie-Limango-2026-08-13-50.2,2026-08-13,Limango,50.2,1.0
migratie-Limango-2026-08-13-70.1,2026-08-13,Limango,70.1,1.0
migratie-Limango-2026-08-13-100.1,2026-08-13,Limango,100.1,3.0
migratie-Limango-2026-08-13-100.2,2026-08-13,Limango,100.2,2.0
migratie-Limango-2026-08-13-141.1,2026-08-13,Limango,141.1,1.0
migratie-Limango-2026-08-13-141.3,2026-08-13,Limango,141.3,1.0
migratie-Limango-2026-08-13-152.3,2026-08-13,Limango,152.3,1.0
migratie-Limango-2026-08-13-161.0,2026-08-13,Limango,161.0,1.0
migratie-Limango-2026-08-13-200.0,2026-08-13,Limango,200.0,4.0
migratie-Limango-2026-08-13-200.2,2026-08-13,Limango,200.2,1.0
migratie-Limango-2026-08-13-200.3,2026-08-13,Limango,200.3,1.0
migratie-Limango-2026-08-13-200.4,2026-08-13,Limango,200.4,1.0
migratie-Limango-2026-08-13-201.1,2026-08-13,Limango,201.1,1.0
migratie-Limango-2026-08-13-204.1,2026-08-13,Limango,204.1,1.0
migratie-Limango-2026-08-13-204.3,2026-08-13,Limango,204.3,1.0
migratie-Limango-2026-08-13-230.1,2026-08-13,Limango,230.1,1.0
migratie-Limango-2026-08-13-232.1,2026-08-13,Limango,232.1,1.0
migratie-Limango-2026-08-13-233.1,2026-08-13,Limango,233.1,1.0
migratie-Limango-2026-08-13-236.1,2026-08-13,Limango,236.1,6.0
migratie-Limango-2026-08-13-249.1,2026-08-13,Limango,249.1,1.0
migratie-Limango-2026-08-13-259.2,2026-08-13,Limango,259.2,4.0
migratie-Limango-2026-08-13-274.1,2026-08-13,Limango,274.1,2.0
migratie-Limango-2026-08-13-276.1,2026-08-13,Limango,276.1,1.0
migratie-Limango-2026-08-13-277.1,2026-08-13,Limango,277.1,1.0
migratie-Limango-2026-08-13-280.1,2026-08-13,Limango,280.1,1.0
migratie-Limango-2026-08-13-280.2,2026-08-13,Limango,280.2,2.0
migratie-Limango-2026-08-14-2.2,2026-08-14,Limango,2.2,2.0
migratie-Limango-2026-08-14-2.5,2026-08-14,Limango,2.5,1.0
migratie-Limango-2026-08-14-8.4,2026-08-14,Limango,8.4,1.0
migratie-Limango-2026-08-14-8.5,2026-08-14,Limango,8.5,1.0
migratie-Limango-2026-08-14-8.9,2026-08-14,Limango,8.9,1.0
migratie-Limango-2026-08-14-9.4,2026-08-14,Limango,9.4,1.0
migratie-Limango-2026-08-14-22.1,2026-08-14,Limango,22.1,2.0
migratie-Limango-2026-08-14-24.1,2026-08-14,Limango,24.1,1.0
migratie-Limango-2026-08-14-25.1,2026-08-14,Limango,25.1,1.0
migratie-Limango-2026-08-14-27.1,2026-08-14,Limango,27.1,1.0
migratie-Limango-2026-08-14-31.0,2026-08-14,Limango,31.0,1.0
migratie-Limango-2026-08-14-39.1,2026-08-14,Limango,39.1,2.0
migratie-Limango-2026-08-14-50.1,2026-08-14,Limango,50.1,1.0
migratie-Limango-2026-08-14-52.2,2026-08-14,Limango,52.2,1.0
migratie-Limango-2026-08-14-100.1,2026-08-14,Limango,100.1,1.0
migratie-Limango-2026-08-14-100.2,2026-08-14,Limango,100.2,1.0
migratie-Limango-2026-08-14-141.4,2026-08-14,Limango,141.4,1.0
migratie-Limango-2026-08-14-161.1,2026-08-14,Limango,161.1,1.0
migratie-Limango-2026-08-14-200.0,2026-08-14,Limango,200.0,1.0
migratie-Limango-2026-08-14-201.1,2026-08-14,Limango,201.1,1.0
migratie-Limango-2026-08-14-201.6,2026-08-14,Limango,201.6,1.0
migratie-Limango-2026-08-14-236.1,2026-08-14,Limango,236.1,1.0
migratie-Limango-2026-08-14-251.1,2026-08-14,Limango,251.1,1.0
migratie-Limango-2026-08-14-256.2,2026-08-14,Limango,256.2,1.0
migratie-Limango-2026-08-14-260.1,2026-08-14,Limango,260.1,1.0
migratie-Limango-2026-08-14-270.2,2026-08-14,Limango,270.2,1.0
migratie-Limango-2026-08-14-280.1,2026-08-14,Limango,280.1,1.0
migratie-Limango-2026-08-17-2.1,2026-08-17,Limango,2.1,1.0
migratie-Limango-2026-08-17-2.2,2026-08-17,Limango,2.2,1.0
migratie-Limango-2026-08-17-2.6,2026-08-17,Limango,2.6,1.0
migratie-Limango-2026-08-17-4.0,2026-08-17,Limango,4.0,1.0
migratie-Limango-2026-08-17-4.1,2026-08-17,Limango,4.1,1.0
migratie-Limango-2026-08-17-4.3,2026-08-17,Limango,4.3,2.0
migratie-Limango-2026-08-17-7.2,2026-08-17,Limango,7.2,1.0
migratie-Limango-2026-08-17-8.1,2026-08-17,Limango,8.1,1.0
migratie-Limango-2026-08-17-8.3,2026-08-17,Limango,8.3,2.0
migratie-Limango-2026-08-17-8.5,2026-08-17,Limango,8.5,3.0
migratie-Limango-2026-08-17-8.6,2026-08-17,Limango,8.6,2.0
migratie-Limango-2026-08-17-8.7,2026-08-17,Limango,8.7,1.0
migratie-Limango-2026-08-17-8.9,2026-08-17,Limango,8.9,1.0
migratie-Limango-2026-08-17-8.13,2026-08-17,Limango,8.13,2.0
migratie-Limango-2026-08-17-9.1,2026-08-17,Limango,9.1,1.0
migratie-Limango-2026-08-17-9.5,2026-08-17,Limango,9.5,1.0
migratie-Limango-2026-08-17-9.7,2026-08-17,Limango,9.7,2.0
migratie-Limango-2026-08-17-9.9,2026-08-17,Limango,9.9,1.0
migratie-Limango-2026-08-17-13.4,2026-08-17,Limango,13.4,1.0
migratie-Limango-2026-08-17-22.1,2026-08-17,Limango,22.1,3.0
migratie-Limango-2026-08-17-22.2,2026-08-17,Limango,22.2,2.0
migratie-Limango-2026-08-17-23.1,2026-08-17,Limango,23.1,3.0
migratie-Limango-2026-08-17-23.3,2026-08-17,Limango,23.3,1.0
migratie-Limango-2026-08-17-23.4,2026-08-17,Limango,23.4,3.0
migratie-Limango-2026-08-17-24.2,2026-08-17,Limango,24.2,1.0
migratie-Limango-2026-08-17-25.1,2026-08-17,Limango,25.1,2.0
migratie-Limango-2026-08-17-29.2,2026-08-17,Limango,29.2,1.0
migratie-Limango-2026-08-17-31.0,2026-08-17,Limango,31.0,1.0
migratie-Limango-2026-08-17-31.1,2026-08-17,Limango,31.1,2.0
migratie-Limango-2026-08-17-31.2,2026-08-17,Limango,31.2,2.0
migratie-Limango-2026-08-17-32.1,2026-08-17,Limango,32.1,2.0
migratie-Limango-2026-08-17-32.2,2026-08-17,Limango,32.2,1.0
migratie-Limango-2026-08-17-39.1,2026-08-17,Limango,39.1,1.0
migratie-Limango-2026-08-17-39.2,2026-08-17,Limango,39.2,1.0
migratie-Limango-2026-08-17-40.6,2026-08-17,Limango,40.6,2.0
migratie-Limango-2026-08-17-40.8,2026-08-17,Limango,40.8,1.0
migratie-Limango-2026-08-17-41.2,2026-08-17,Limango,41.2,1.0
migratie-Limango-2026-08-17-50.1,2026-08-17,Limango,50.1,1.0
migratie-Limango-2026-08-17-50.2,2026-08-17,Limango,50.2,1.0
migratie-Limango-2026-08-17-52.1,2026-08-17,Limango,52.1,2.0
migratie-Limango-2026-08-17-52.2,2026-08-17,Limango,52.2,1.0
migratie-Limango-2026-08-17-53.1,2026-08-17,Limango,53.1,4.0
migratie-Limango-2026-08-17-54.1,2026-08-17,Limango,54.1,1.0
migratie-Limango-2026-08-17-55.2,2026-08-17,Limango,55.2,3.0
migratie-Limango-2026-08-17-100.1,2026-08-17,Limango,100.1,3.0
migratie-Limango-2026-08-17-100.2,2026-08-17,Limango,100.2,3.0
migratie-Limango-2026-08-17-100.3,2026-08-17,Limango,100.3,2.0
migratie-Limango-2026-08-17-104.1,2026-08-17,Limango,104.1,1.0
migratie-Limango-2026-08-17-141.4,2026-08-17,Limango,141.4,1.0
migratie-Limango-2026-08-17-150.3,2026-08-17,Limango,150.3,1.0
migratie-Limango-2026-08-17-152.1,2026-08-17,Limango,152.1,1.0
migratie-Limango-2026-08-17-152.2,2026-08-17,Limango,152.2,2.0
migratie-Limango-2026-08-17-152.3,2026-08-17,Limango,152.3,2.0
migratie-Limango-2026-08-17-153.3,2026-08-17,Limango,153.3,1.0
migratie-Limango-2026-08-17-161.2,2026-08-17,Limango,161.2,2.0
migratie-Limango-2026-08-17-200.0,2026-08-17,Limango,200.0,2.0
migratie-Limango-2026-08-17-200.1,2026-08-17,Limango,200.1,1.0
migratie-Limango-2026-08-17-200.4,2026-08-17,Limango,200.4,1.0
migratie-Limango-2026-08-17-200.5,2026-08-17,Limango,200.5,1.0
migratie-Limango-2026-08-17-201.0,2026-08-17,Limango,201.0,1.0
migratie-Limango-2026-08-17-201.1,2026-08-17,Limango,201.1,3.0
migratie-Limango-2026-08-17-201.3,2026-08-17,Limango,201.3,1.0
migratie-Limango-2026-08-17-201.5,2026-08-17,Limango,201.5,1.0
migratie-Limango-2026-08-17-204.0,2026-08-17,Limango,204.0,1.0
migratie-Limango-2026-08-17-204.3,2026-08-17,Limango,204.3,1.0
migratie-Limango-2026-08-17-231.1,2026-08-17,Limango,231.1,1.0
migratie-Limango-2026-08-17-232.1,2026-08-17,Limango,232.1,4.0
migratie-Limango-2026-08-17-233.1,2026-08-17,Limango,233.1,2.0
migratie-Limango-2026-08-17-236.1,2026-08-17,Limango,236.1,1.0
migratie-Limango-2026-08-17-249.2,2026-08-17,Limango,249.2,1.0
migratie-Limango-2026-08-17-250.2,2026-08-17,Limango,250.2,1.0
migratie-Limango-2026-08-17-252.2,2026-08-17,Limango,252.2,1.0
migratie-Limango-2026-08-17-254.1,2026-08-17,Limango,254.1,1.0
migratie-Limango-2026-08-17-256.1,2026-08-17,Limango,256.1,1.0
migratie-Limango-2026-08-17-257.2,2026-08-17,Limango,257.2,1.0
migratie-Limango-2026-08-17-258.1,2026-08-17,Limango,258.1,1.0
migratie-Limango-2026-08-17-258.2,2026-08-17,Limango,258.2,1.0
migratie-Limango-2026-08-17-259.1,2026-08-17,Limango,259.1,1.0
migratie-Limango-2026-08-17-260.1,2026-08-17,Limango,260.1,1.0
migratie-Limango-2026-08-17-272.3,2026-08-17,Limango,272.3,1.0
migratie-Limango-2026-08-17-274.1,2026-08-17,Limango,274.1,2.0
migratie-Limango-2026-08-17-275.1,2026-08-17,Limango,275.1,1.0
migratie-Limango-2026-08-17-276.1,2026-08-17,Limango,276.1,2.0
migratie-Limango-2026-08-17-276.2,2026-08-17,Limango,276.2,2.0
migratie-Limango-2026-08-17-277.2,2026-08-17,Limango,277.2,1.0
migratie-Limango-2026-08-17-278.1,2026-08-17,Limango,278.1,2.0
migratie-Limango-2026-08-17-280.2,2026-08-17,Limango,280.2,3.0
migratie-Limango-2026-08-18-9.9,2026-08-18,Limango,9.9,1.0
migratie-Limango-2026-08-18-22.2,2026-08-18,Limango,22.2,1.0
migratie-Limango-2026-08-18-23.4,2026-08-18,Limango,23.4,1.0
migratie-Limango-2026-08-18-161.2,2026-08-18,Limango,161.2,1.0
migratie-Limango-2026-08-18-204.3,2026-08-18,Limango,204.3,1.0
migratie-Limango-2026-08-18-260.2,2026-08-18,Limango,260.2,1.0
migratie-Limango-2026-08-18-274.1,2026-08-18,Limango,274.1,1.0
migratie-Limango-2026-08-19-8.19,2026-08-19,Limango,8.19,1.0
migratie-Limango-2026-08-19-9.7,2026-08-19,Limango,9.7,1.0
migratie-Limango-2026-08-19-23.3,2026-08-19,Limango,23.3,2.0
migratie-Limango-2026-08-19-39.1,2026-08-19,Limango,39.1,2.0
migratie-Limango-2026-08-19-50.1,2026-08-19,Limango,50.1,1.0
migratie-Limango-2026-08-19-232.1,2026-08-19,Limango,232.1,1.0
migratie-Limango-2026-08-19-236.1,2026-08-19,Limango,236.1,1.0
migratie-Limango-2026-08-19-280.2,2026-08-19,Limango,280.2,1.0
migratie-Limango-2026-08-20-13.6,2026-08-20,Limango,13.6,1.0
migratie-Limango-2026-08-20-141.3,2026-08-20,Limango,141.3,1.0
migratie-Limango-2026-08-20-280.2,2026-08-20,Limango,280.2,2.0
migratie-Limango-2026-08-21-8.10,2026-08-21,Limango,8.10,1.0
migratie-Limango-2026-08-21-9.7,2026-08-21,Limango,9.7,2.0
migratie-Limango-2026-08-21-24.2,2026-08-21,Limango,24.2,1.0
migratie-Limango-2026-08-21-39.2,2026-08-21,Limango,39.2,1.0
migratie-Limango-2026-08-21-52.2,2026-08-21,Limango,52.2,1.0
migratie-Limango-2026-08-21-54.2,2026-08-21,Limango,54.2,1.0
migratie-Limango-2026-08-21-61.2,2026-08-21,Limango,61.2,1.0
migratie-Limango-2026-08-21-251.1,2026-08-21,Limango,251.1,3.0
migratie-Limango-2026-08-24-2.1,2026-08-24,Limango,2.1,1.0
migratie-Limango-2026-08-24-25.1,2026-08-24,Limango,25.1,1.0
migratie-Limango-2026-08-24-50.2,2026-08-24,Limango,50.2,1.0
migratie-Limango-2026-08-24-54.1,2026-08-24,Limango,54.1,1.0
migratie-Limango-2026-08-24-70.2,2026-08-24,Limango,70.2,1.0
migratie-Limango-2026-08-24-100.2,2026-08-24,Limango,100.2,2.0
migratie-Limango-2026-08-24-101.2,2026-08-24,Limango,101.2,1.0
migratie-Limango-2026-08-24-233.1,2026-08-24,Limango,233.1,1.0
migratie-Limango-2026-08-24-236.1,2026-08-24,Limango,236.1,1.0
migratie-Limango-2026-08-26-25.1,2026-08-26,Limango,25.1,1.0
migratie-Limango-2026-08-26-39.1,2026-08-26,Limango,39.1,1.0
migratie-Limango-2026-08-26-160.1,2026-08-26,Limango,160.1,1.0
migratie-Limango-2026-08-26-161.2,2026-08-26,Limango,161.2,1.0
migratie-Limango-2026-08-26-200.2,2026-08-26,Limango,200.2,1.0
migratie-Limango-2026-08-26-200.3,2026-08-26,Limango,200.3,1.0
migratie-Limango-2026-08-26-200.4,2026-08-26,Limango,200.4,1.0
migratie-Limango-2026-08-27-8.14,2026-08-27,Limango,8.14,1.0
migratie-Limango-2026-08-27-56.4,2026-08-27,Limango,56.4,1.0
migratie-Limango-2026-08-27-100.5,2026-08-27,Limango,100.5,1.0
migratie-Limango-2026-08-27-233.1,2026-08-27,Limango,233.1,1.0
migratie-Limango-2026-08-27-258.2,2026-08-27,Limango,258.2,1.0
migratie-Limango-2026-08-27-259.2,2026-08-27,Limango,259.2,1.0
migratie-Limango-2026-08-27-275.1,2026-08-27,Limango,275.1,1.0
migratie-Limango-2026-08-28-55.2,2026-08-28,Limango,55.2,1.0
migratie-Limango-2026-08-28-280.2,2026-08-28,Limango,280.2,2.0
migratie-Limango-2026-08-31-4.1,2026-08-31,Limango,4.1,1.0
migratie-Limango-2026-08-31-4.2,2026-08-31,Limango,4.2,1.0
migratie-Limango-2026-08-31-6.1,2026-08-31,Limango,6.1,1.0
migratie-Limango-2026-08-31-7.2,2026-08-31,Limango,7.2,1.0
migratie-Limango-2026-08-31-9.5,2026-08-31,Limango,9.5,1.0
migratie-Limango-2026-08-31-22.1,2026-08-31,Limango,22.1,1.0
migratie-Limango-2026-08-31-31.1,2026-08-31,Limango,31.1,1.0
migratie-Limango-2026-08-31-53.1,2026-08-31,Limango,53.1,1.0
migratie-Limango-2026-08-31-55.2,2026-08-31,Limango,55.2,1.0
migratie-Limango-2026-08-31-100.1,2026-08-31,Limango,100.1,1.0
migratie-Limango-2026-08-31-100.2,2026-08-31,Limango,100.2,1.0
migratie-Limango-2026-08-31-280.2,2026-08-31,Limango,280.2,1.0
migratie-Limango-2026-09-01-22.2,2026-09-01,Limango,22.2,1.0
migratie-Limango-2026-09-01-50.1,2026-09-01,Limango,50.1,1.0
migratie-Limango-2026-09-01-161.1,2026-09-01,Limango,161.1,1.0
migratie-Limango-2026-09-02-200.0,2026-09-02,Limango,200.0,1.0
migratie-Limango-2026-09-02-200.5,2026-09-02,Limango,200.5,2.0
migratie-Limango-2026-09-03-2.5,2026-09-03,Limango,2.5,1.0
migratie-Limango-2026-09-03-4.3,2026-09-03,Limango,4.3,2.0
migratie-Limango-2026-09-03-9.5,2026-09-03,Limango,9.5,1.0
migratie-Limango-2026-09-03-13.6,2026-09-03,Limango,13.6,1.0
migratie-Limango-2026-09-03-22.1,2026-09-03,Limango,22.1,2.0
migratie-Limango-2026-09-03-23.3,2026-09-03,Limango,23.3,1.0
migratie-Limango-2026-09-03-25.1,2026-09-03,Limango,25.1,1.0
migratie-Limango-2026-09-03-29.1,2026-09-03,Limango,29.1,2.0
migratie-Limango-2026-09-03-31.0,2026-09-03,Limango,31.0,1.0
migratie-Limango-2026-09-03-31.1,2026-09-03,Limango,31.1,1.0
migratie-Limango-2026-09-03-32.1,2026-09-03,Limango,32.1,1.0
migratie-Limango-2026-09-03-35.1,2026-09-03,Limango,35.1,1.0
migratie-Limango-2026-09-03-39.1,2026-09-03,Limango,39.1,1.0
migratie-Limango-2026-09-03-39.2,2026-09-03,Limango,39.2,1.0
migratie-Limango-2026-09-03-53.1,2026-09-03,Limango,53.1,1.0
migratie-Limango-2026-09-03-54.2,2026-09-03,Limango,54.2,1.0
migratie-Limango-2026-09-03-70.1,2026-09-03,Limango,70.1,1.0
migratie-Limango-2026-09-03-100.3,2026-09-03,Limango,100.3,1.0
migratie-Limango-2026-09-03-104.1,2026-09-03,Limango,104.1,1.0
migratie-Limango-2026-09-03-104.2,2026-09-03,Limango,104.2,1.0
migratie-Limango-2026-09-03-150.3,2026-09-03,Limango,150.3,1.0
migratie-Limango-2026-09-03-152.3,2026-09-03,Limango,152.3,2.0
migratie-Limango-2026-09-03-200.0,2026-09-03,Limango,200.0,1.0
migratie-Limango-2026-09-03-200.1,2026-09-03,Limango,200.1,1.0
migratie-Limango-2026-09-03-200.2,2026-09-03,Limango,200.2,1.0
migratie-Limango-2026-09-03-204.0,2026-09-03,Limango,204.0,1.0
migratie-Limango-2026-09-03-232.1,2026-09-03,Limango,232.1,1.0
migratie-Limango-2026-09-03-233.1,2026-09-03,Limango,233.1,1.0
migratie-Limango-2026-09-03-236.1,2026-09-03,Limango,236.1,2.0
migratie-Limango-2026-09-03-250.2,2026-09-03,Limango,250.2,1.0
migratie-Limango-2026-09-03-251.2,2026-09-03,Limango,251.2,1.0
migratie-Limango-2026-09-03-252.1,2026-09-03,Limango,252.1,1.0
migratie-Limango-2026-09-03-252.2,2026-09-03,Limango,252.2,1.0
migratie-Limango-2026-09-03-256.1,2026-09-03,Limango,256.1,1.0
migratie-Limango-2026-09-03-258.2,2026-09-03,Limango,258.2,1.0
migratie-Limango-2026-09-03-259.2,2026-09-03,Limango,259.2,1.0
migratie-Limango-2026-09-03-276.1,2026-09-03,Limango,276.1,1.0
migratie-Limango-2026-09-03-278.2,2026-09-03,Limango,278.2,1.0
migratie-Limango-2026-09-03-280.2,2026-09-03,Limango,280.2,4.0
migratie-Limango-2026-09-04-2.1,2026-09-04,Limango,2.1,1.0
migratie-Limango-2026-09-04-8.13,2026-09-04,Limango,8.13,1.0
migratie-Limango-2026-09-04-8.19,2026-09-04,Limango,8.19,1.0
migratie-Limango-2026-09-04-13.3,2026-09-04,Limango,13.3,1.0
migratie-Limango-2026-09-04-23.4,2026-09-04,Limango,23.4,1.0
migratie-Limango-2026-09-04-50.1,2026-09-04,Limango,50.1,1.0
migratie-Limango-2026-09-04-71.6,2026-09-04,Limango,71.6,1.0
migratie-Limango-2026-09-04-200.0,2026-09-04,Limango,200.0,1.0
migratie-Limango-2026-09-04-200.2,2026-09-04,Limango,200.2,1.0
migratie-Limango-2026-09-04-200.4,2026-09-04,Limango,200.4,1.0
migratie-Limango-2026-09-04-236.1,2026-09-04,Limango,236.1,1.0
migratie-Limango-2026-09-04-259.2,2026-09-04,Limango,259.2,1.0
migratie-Limango-2026-09-04-273.1,2026-09-04,Limango,273.1,1.0
migratie-Limango-2026-09-04-276.1,2026-09-04,Limango,276.1,1.0
migratie-Limango-2026-09-04-280.1,2026-09-04,Limango,280.1,1.0
migratie-Limango-2026-09-04-280.2,2026-09-04,Limango,280.2,2.0
migratie-Limango-2026-09-07-2.2,2026-09-07,Limango,2.2,1.0
migratie-Limango-2026-09-07-2.5,2026-09-07,Limango,2.5,1.0
migratie-Limango-2026-09-07-3.1,2026-09-07,Limango,3.1,2.0
migratie-Limango-2026-09-07-3.4,2026-09-07,Limango,3.4,1.0
migratie-Limango-2026-09-07-4.3,2026-09-07,Limango,4.3,4.0
migratie-Limango-2026-09-07-8.1,2026-09-07,Limango,8.1,1.0
migratie-Limango-2026-09-07-8.3,2026-09-07,Limango,8.3,1.0
migratie-Limango-2026-09-07-8.5,2026-09-07,Limango,8.5,2.0
migratie-Limango-2026-09-07-8.6,2026-09-07,Limango,8.6,2.0
migratie-Limango-2026-09-07-8.8,2026-09-07,Limango,8.8,2.0
migratie-Limango-2026-09-07-8.15,2026-09-07,Limango,8.15,1.0
migratie-Limango-2026-09-07-9.4,2026-09-07,Limango,9.4,1.0
migratie-Limango-2026-09-07-9.7,2026-09-07,Limango,9.7,2.0
migratie-Limango-2026-09-07-22.1,2026-09-07,Limango,22.1,1.0
migratie-Limango-2026-09-07-22.2,2026-09-07,Limango,22.2,2.0
migratie-Limango-2026-09-07-23.3,2026-09-07,Limango,23.3,1.0
migratie-Limango-2026-09-07-23.4,2026-09-07,Limango,23.4,4.0
migratie-Limango-2026-09-07-32.1,2026-09-07,Limango,32.1,1.0
migratie-Limango-2026-09-07-39.1,2026-09-07,Limango,39.1,1.0
migratie-Limango-2026-09-07-39.2,2026-09-07,Limango,39.2,1.0
migratie-Limango-2026-09-07-41.3,2026-09-07,Limango,41.3,1.0
migratie-Limango-2026-09-07-50.1,2026-09-07,Limango,50.1,3.0
migratie-Limango-2026-09-07-54.1,2026-09-07,Limango,54.1,2.0
migratie-Limango-2026-09-07-55.2,2026-09-07,Limango,55.2,1.0
migratie-Limango-2026-09-07-71.0,2026-09-07,Limango,71.0,1.0
migratie-Limango-2026-09-07-71.2,2026-09-07,Limango,71.2,1.0
migratie-Limango-2026-09-07-100.1,2026-09-07,Limango,100.1,2.0
migratie-Limango-2026-09-07-100.2,2026-09-07,Limango,100.2,3.0
migratie-Limango-2026-09-07-100.3,2026-09-07,Limango,100.3,1.0
migratie-Limango-2026-09-07-104.1,2026-09-07,Limango,104.1,1.0
migratie-Limango-2026-09-07-128.1,2026-09-07,Limango,128.1,1.0
migratie-Limango-2026-09-07-141.1,2026-09-07,Limango,141.1,1.0
migratie-Limango-2026-09-07-141.3,2026-09-07,Limango,141.3,1.0
migratie-Limango-2026-09-07-151.1,2026-09-07,Limango,151.1,1.0
migratie-Limango-2026-09-07-152.4,2026-09-07,Limango,152.4,1.0
migratie-Limango-2026-09-07-153.3,2026-09-07,Limango,153.3,2.0
migratie-Limango-2026-09-07-161.1,2026-09-07,Limango,161.1,1.0
migratie-Limango-2026-09-07-200.0,2026-09-07,Limango,200.0,1.0
migratie-Limango-2026-09-07-200.4,2026-09-07,Limango,200.4,1.0
migratie-Limango-2026-09-07-201.3,2026-09-07,Limango,201.3,1.0
migratie-Limango-2026-09-07-204.1,2026-09-07,Limango,204.1,1.0
migratie-Limango-2026-09-07-233.1,2026-09-07,Limango,233.1,1.0
migratie-Limango-2026-09-07-234.1,2026-09-07,Limango,234.1,2.0
migratie-Limango-2026-09-07-235.1,2026-09-07,Limango,235.1,1.0
migratie-Limango-2026-09-07-236.1,2026-09-07,Limango,236.1,4.0
migratie-Limango-2026-09-07-259.2,2026-09-07,Limango,259.2,2.0
migratie-Limango-2026-09-07-261.2,2026-09-07,Limango,261.2,1.0
migratie-Limango-2026-09-07-271.1,2026-09-07,Limango,271.1,1.0
migratie-Limango-2026-09-07-274.1,2026-09-07,Limango,274.1,2.0
migratie-Limango-2026-09-07-275.1,2026-09-07,Limango,275.1,2.0
migratie-Limango-2026-09-07-276.1,2026-09-07,Limango,276.1,2.0
migratie-Limango-2026-09-07-280.2,2026-09-07,Limango,280.2,2.0
migratie-Limango-2026-09-08-22.2,2026-09-08,Limango,22.2,1.0
migratie-Limango-2026-09-08-23.4,2026-09-08,Limango,23.4,1.0
migratie-Limango-2026-09-08-100.3,2026-09-08,Limango,100.3,1.0
migratie-Limango-2026-09-08-233.1,2026-09-08,Limango,233.1,1.0
migratie-Limango-2026-09-08-280.2,2026-09-08,Limango,280.2,1.0
migratie-Limango-2026-09-09-3.1,2026-09-09,Limango,3.1,1.0
migratie-Limango-2026-09-09-8.2,2026-09-09,Limango,8.2,1.0
migratie-Limango-2026-09-09-8.5,2026-09-09,Limango,8.5,1.0
migratie-Limango-2026-09-09-24.2,2026-09-09,Limango,24.2,1.0
migratie-Limango-2026-09-09-53.1,2026-09-09,Limango,53.1,1.0
migratie-Limango-2026-09-09-100.2,2026-09-09,Limango,100.2,1.0
migratie-Limango-2026-09-09-201.2,2026-09-09,Limango,201.2,1.0
migratie-Limango-2026-09-09-230.1,2026-09-09,Limango,230.1,1.0
migratie-Limango-2026-09-09-234.1,2026-09-09,Limango,234.1,1.0
migratie-Limango-2026-09-09-236.1,2026-09-09,Limango,236.1,1.0
migratie-Limango-2026-09-09-254.1,2026-09-09,Limango,254.1,1.0
migratie-Limango-2026-09-10-204.1,2026-09-10,Limango,204.1,1.0
migratie-Limango-2026-09-10-236.1,2026-09-10,Limango,236.1,1.0
migratie-Limango-2026-09-11-25.1,2026-09-11,Limango,25.1,1.0
migratie-Limango-2026-09-11-53.1,2026-09-11,Limango,53.1,2.0
migratie-Limango-2026-09-11-100.2,2026-09-11,Limango,100.2,1.0
migratie-Limango-2026-09-11-201.4,2026-09-11,Limango,201.4,1.0
migratie-Limango-2026-09-14-7.2,2026-09-14,Limango,7.2,1.0
migratie-Limango-2026-09-14-8.1,2026-09-14,Limango,8.1,1.0
migratie-Limango-2026-09-14-8.5,2026-09-14,Limango,8.5,1.0
migratie-Limango-2026-09-14-8.13,2026-09-14,Limango,8.13,1.0
migratie-Limango-2026-09-14-9.4,2026-09-14,Limango,9.4,1.0
migratie-Limango-2026-09-14-31.0,2026-09-14,Limango,31.0,1.0
migratie-Limango-2026-09-14-39.2,2026-09-14,Limango,39.2,1.0
migratie-Limango-2026-09-14-54.2,2026-09-14,Limango,54.2,2.0
migratie-Limango-2026-09-14-61.1,2026-09-14,Limango,61.1,1.0
migratie-Limango-2026-09-14-100.2,2026-09-14,Limango,100.2,1.0
migratie-Limango-2026-09-14-161.0,2026-09-14,Limango,161.0,1.0
migratie-Limango-2026-09-14-259.2,2026-09-14,Limango,259.2,1.0
migratie-Limango-2026-09-14-280.1,2026-09-14,Limango,280.1,1.0
migratie-Limango-2026-09-14-280.2,2026-09-14,Limango,280.2,1.0
migratie-Limango-2026-09-16-4.0,2026-09-16,Limango,4.0,2.0
migratie-Limango-2026-09-16-8.5,2026-09-16,Limango,8.5,1.0
migratie-Limango-2026-09-16-9.5,2026-09-16,Limango,9.5,1.0
migratie-Limango-2026-09-16-23.3,2026-09-16,Limango,23.3,1.0
migratie-Limango-2026-09-16-52.2,2026-09-16,Limango,52.2,1.0
migratie-Limango-2026-09-16-53.1,2026-09-16,Limango,53.1,1.0
migratie-Limango-2026-09-16-233.1,2026-09-16,Limango,233.1,1.0
migratie-Limango-2026-09-16-236.1,2026-09-16,Limango,236.1,2.0
migratie-Limango-2026-09-17-13.3,2026-09-17,Limango,13.3,1.0
migratie-Limango-2026-09-17-22.2,2026-09-17,Limango,22.2,1.0
migratie-Limango-2026-09-17-141.4,2026-09-17,Limango,141.4,1.0
migratie-Limango-2026-09-17-153.4,2026-09-17,Limango,153.4,1.0
migratie-VakantieVeilingen-2026-07-01-2.1,2026-07-01,VakantieVeilingen,2.1,4.0
migratie-VakantieVeilingen-2026-07-01-31.0,2026-07-01,VakantieVeilingen,31.0,1.0
migratie-VakantieVeilingen-2026-07-01-32.1,2026-07-01,VakantieVeilingen,32.1,3.0
migratie-VakantieVeilingen-2026-07-01-37.0,2026-07-01,VakantieVeilingen,37.0,8.0
migratie-VakantieVeilingen-2026-07-01-39.0,2026-07-01,VakantieVeilingen,39.0,5.0
migratie-VakantieVeilingen-2026-07-01-50.1,2026-07-01,VakantieVeilingen,50.1,2.0
migratie-VakantieVeilingen-2026-07-01-161.1,2026-07-01,VakantieVeilingen,161.1,2.0
migratie-VakantieVeilingen-2026-07-01-249.0,2026-07-01,VakantieVeilingen,249.0,14.0
migratie-VakantieVeilingen-2026-07-01-249.3,2026-07-01,VakantieVeilingen,249.3,6.0
migratie-VakantieVeilingen-2026-07-01-253.1,2026-07-01,VakantieVeilingen,253.1,8.0
migratie-VakantieVeilingen-2026-07-01-263.1,2026-07-01,VakantieVeilingen,263.1,1.0
migratie-VakantieVeilingen-2026-07-02-2.1,2026-07-02,VakantieVeilingen,2.1,6.0
migratie-VakantieVeilingen-2026-07-02-37.0,2026-07-02,VakantieVeilingen,37.0,2.0
migratie-VakantieVeilingen-2026-07-02-39.0,2026-07-02,VakantieVeilingen,39.0,3.0
migratie-VakantieVeilingen-2026-07-02-50.1,2026-07-02,VakantieVeilingen,50.1,2.0
migratie-VakantieVeilingen-2026-07-02-161.1,2026-07-02,VakantieVeilingen,161.1,4.0
migratie-VakantieVeilingen-2026-07-02-200.0,2026-07-02,VakantieVeilingen,200.0,1.0
migratie-VakantieVeilingen-2026-07-02-249.0,2026-07-02,VakantieVeilingen,249.0,9.0
migratie-VakantieVeilingen-2026-07-02-249.3,2026-07-02,VakantieVeilingen,249.3,5.0
migratie-VakantieVeilingen-2026-07-02-253.1,2026-07-02,VakantieVeilingen,253.1,4.0
migratie-VakantieVeilingen-2026-07-02-263.1,2026-07-02,VakantieVeilingen,263.1,1.0
migratie-VakantieVeilingen-2026-07-03-2.1,2026-07-03,VakantieVeilingen,2.1,3.0
migratie-VakantieVeilingen-2026-07-03-37.0,2026-07-03,VakantieVeilingen,37.0,1.0
migratie-VakantieVeilingen-2026-07-03-39.0,2026-07-03,VakantieVeilingen,39.0,3.0
migratie-VakantieVeilingen-2026-07-03-50.1,2026-07-03,VakantieVeilingen,50.1,3.0
migratie-VakantieVeilingen-2026-07-03-161.1,2026-07-03,VakantieVeilingen,161.1,4.0
migratie-VakantieVeilingen-2026-07-03-249.0,2026-07-03,VakantieVeilingen,249.0,5.0
migratie-VakantieVeilingen-2026-07-03-249.3,2026-07-03,VakantieVeilingen,249.3,5.0
migratie-VakantieVeilingen-2026-07-03-253.1,2026-07-03,VakantieVeilingen,253.1,10.0
migratie-VakantieVeilingen-2026-07-06-2.1,2026-07-06,VakantieVeilingen,2.1,11.0
migratie-VakantieVeilingen-2026-07-06-25.1,2026-07-06,VakantieVeilingen,25.1,11.0
migratie-VakantieVeilingen-2026-07-06-37.0,2026-07-06,VakantieVeilingen,37.0,2.0
migratie-VakantieVeilingen-2026-07-06-39.0,2026-07-06,VakantieVeilingen,39.0,6.0
migratie-VakantieVeilingen-2026-07-06-50.1,2026-07-06,VakantieVeilingen,50.1,6.0
migratie-VakantieVeilingen-2026-07-06-52.1,2026-07-06,VakantieVeilingen,52.1,7.0
migratie-VakantieVeilingen-2026-07-06-54.1,2026-07-06,VakantieVeilingen,54.1,8.0
migratie-VakantieVeilingen-2026-07-06-141.1,2026-07-06,VakantieVeilingen,141.1,7.0
migratie-VakantieVeilingen-2026-07-06-150.1,2026-07-06,VakantieVeilingen,150.1,10.0
migratie-VakantieVeilingen-2026-07-06-152.1,2026-07-06,VakantieVeilingen,152.1,9.0
migratie-VakantieVeilingen-2026-07-06-161.1,2026-07-06,VakantieVeilingen,161.1,9.0
migratie-VakantieVeilingen-2026-07-06-200.0,2026-07-06,VakantieVeilingen,200.0,1.0
migratie-VakantieVeilingen-2026-07-06-249.0,2026-07-06,VakantieVeilingen,249.0,21.0
migratie-VakantieVeilingen-2026-07-06-249.3,2026-07-06,VakantieVeilingen,249.3,40.0
migratie-VakantieVeilingen-2026-07-06-253.1,2026-07-06,VakantieVeilingen,253.1,9.0
migratie-VakantieVeilingen-2026-07-06-260.1,2026-07-06,VakantieVeilingen,260.1,1.0
migratie-VakantieVeilingen-2026-07-06-275.1,2026-07-06,VakantieVeilingen,275.1,3.0
migratie-VakantieVeilingen-2026-07-06-276.1,2026-07-06,VakantieVeilingen,276.1,3.0
migratie-VakantieVeilingen-2026-07-06-277.1,2026-07-06,VakantieVeilingen,277.1,1.0
migratie-VakantieVeilingen-2026-07-06-278.1,2026-07-06,VakantieVeilingen,278.1,3.0
migratie-VakantieVeilingen-2026-07-07-2.1,2026-07-07,VakantieVeilingen,2.1,6.0
migratie-VakantieVeilingen-2026-07-07-25.1,2026-07-07,VakantieVeilingen,25.1,8.0
migratie-VakantieVeilingen-2026-07-07-39.0,2026-07-07,VakantieVeilingen,39.0,2.0
migratie-VakantieVeilingen-2026-07-07-50.1,2026-07-07,VakantieVeilingen,50.1,4.0
migratie-VakantieVeilingen-2026-07-07-52.1,2026-07-07,VakantieVeilingen,52.1,2.0
migratie-VakantieVeilingen-2026-07-07-54.1,2026-07-07,VakantieVeilingen,54.1,3.0
migratie-VakantieVeilingen-2026-07-07-141.1,2026-07-07,VakantieVeilingen,141.1,5.0
migratie-VakantieVeilingen-2026-07-07-150.1,2026-07-07,VakantieVeilingen,150.1,3.0
migratie-VakantieVeilingen-2026-07-07-152.1,2026-07-07,VakantieVeilingen,152.1,4.0
migratie-VakantieVeilingen-2026-07-07-161.1,2026-07-07,VakantieVeilingen,161.1,3.0
migratie-VakantieVeilingen-2026-07-07-206.3,2026-07-07,VakantieVeilingen,206.3,1.0
migratie-VakantieVeilingen-2026-07-07-249.0,2026-07-07,VakantieVeilingen,249.0,4.0
migratie-VakantieVeilingen-2026-07-07-249.3,2026-07-07,VakantieVeilingen,249.3,4.0
migratie-VakantieVeilingen-2026-07-07-253.1,2026-07-07,VakantieVeilingen,253.1,2.0
migratie-VakantieVeilingen-2026-07-07-276.1,2026-07-07,VakantieVeilingen,276.1,1.0
migratie-VakantieVeilingen-2026-07-07-277.1,2026-07-07,VakantieVeilingen,277.1,1.0
migratie-VakantieVeilingen-2026-07-07-278.1,2026-07-07,VakantieVeilingen,278.1,1.0
migratie-VakantieVeilingen-2026-07-08-2.1,2026-07-08,VakantieVeilingen,2.1,3.0
migratie-VakantieVeilingen-2026-07-08-25.1,2026-07-08,VakantieVeilingen,25.1,4.0
migratie-VakantieVeilingen-2026-07-08-50.1,2026-07-08,VakantieVeilingen,50.1,3.0
migratie-VakantieVeilingen-2026-07-08-52.1,2026-07-08,VakantieVeilingen,52.1,3.0
migratie-VakantieVeilingen-2026-07-08-54.1,2026-07-08,VakantieVeilingen,54.1,4.0
migratie-VakantieVeilingen-2026-07-08-141.1,2026-07-08,VakantieVeilingen,141.1,3.0
migratie-VakantieVeilingen-2026-07-08-150.1,2026-07-08,VakantieVeilingen,150.1,4.0
migratie-VakantieVeilingen-2026-07-08-152.1,2026-07-08,VakantieVeilingen,152.1,27.0
migratie-VakantieVeilingen-2026-07-08-161.1,2026-07-08,VakantieVeilingen,161.1,5.0
migratie-VakantieVeilingen-2026-07-08-206.4,2026-07-08,VakantieVeilingen,206.4,1.0
migratie-VakantieVeilingen-2026-07-08-249.0,2026-07-08,VakantieVeilingen,249.0,5.0
migratie-VakantieVeilingen-2026-07-08-249.3,2026-07-08,VakantieVeilingen,249.3,4.0
migratie-VakantieVeilingen-2026-07-08-253.1,2026-07-08,VakantieVeilingen,253.1,1.0
migratie-VakantieVeilingen-2026-07-08-276.1,2026-07-08,VakantieVeilingen,276.1,1.0
migratie-VakantieVeilingen-2026-07-08-278.1,2026-07-08,VakantieVeilingen,278.1,1.0
migratie-VakantieVeilingen-2026-07-09-2.1,2026-07-09,VakantieVeilingen,2.1,7.0
migratie-VakantieVeilingen-2026-07-09-25.1,2026-07-09,VakantieVeilingen,25.1,4.0
migratie-VakantieVeilingen-2026-07-09-39.0,2026-07-09,VakantieVeilingen,39.0,2.0
migratie-VakantieVeilingen-2026-07-09-50.1,2026-07-09,VakantieVeilingen,50.1,3.0
migratie-VakantieVeilingen-2026-07-09-52.1,2026-07-09,VakantieVeilingen,52.1,3.0
migratie-VakantieVeilingen-2026-07-09-54.1,2026-07-09,VakantieVeilingen,54.1,3.0
migratie-VakantieVeilingen-2026-07-09-141.1,2026-07-09,VakantieVeilingen,141.1,3.0
migratie-VakantieVeilingen-2026-07-09-150.1,2026-07-09,VakantieVeilingen,150.1,3.0
migratie-VakantieVeilingen-2026-07-09-152.1,2026-07-09,VakantieVeilingen,152.1,3.0
migratie-VakantieVeilingen-2026-07-09-161.1,2026-07-09,VakantieVeilingen,161.1,1.0
migratie-VakantieVeilingen-2026-07-09-249.0,2026-07-09,VakantieVeilingen,249.0,4.0
migratie-VakantieVeilingen-2026-07-09-249.3,2026-07-09,VakantieVeilingen,249.3,11.0
migratie-VakantieVeilingen-2026-07-09-276.1,2026-07-09,VakantieVeilingen,276.1,1.0
migratie-VakantieVeilingen-2026-07-10-2.1,2026-07-10,VakantieVeilingen,2.1,9.0
migratie-VakantieVeilingen-2026-07-10-8.11,2026-07-10,VakantieVeilingen,8.11,1.0
migratie-VakantieVeilingen-2026-07-10-25.1,2026-07-10,VakantieVeilingen,25.1,7.0
migratie-VakantieVeilingen-2026-07-10-39.0,2026-07-10,VakantieVeilingen,39.0,1.0
migratie-VakantieVeilingen-2026-07-10-50.1,2026-07-10,VakantieVeilingen,50.1,2.0
migratie-VakantieVeilingen-2026-07-10-52.1,2026-07-10,VakantieVeilingen,52.1,3.0
migratie-VakantieVeilingen-2026-07-10-54.1,2026-07-10,VakantieVeilingen,54.1,4.0
migratie-VakantieVeilingen-2026-07-10-141.1,2026-07-10,VakantieVeilingen,141.1,1.0
migratie-VakantieVeilingen-2026-07-10-150.1,2026-07-10,VakantieVeilingen,150.1,2.0
migratie-VakantieVeilingen-2026-07-10-152.1,2026-07-10,VakantieVeilingen,152.1,7.0
migratie-VakantieVeilingen-2026-07-10-161.1,2026-07-10,VakantieVeilingen,161.1,1.0
migratie-VakantieVeilingen-2026-07-10-249.0,2026-07-10,VakantieVeilingen,249.0,43.0
migratie-VakantieVeilingen-2026-07-10-249.3,2026-07-10,VakantieVeilingen,249.3,2.0
migratie-VakantieVeilingen-2026-07-10-275.1,2026-07-10,VakantieVeilingen,275.1,3.0
migratie-VakantieVeilingen-2026-07-13-2.1,2026-07-13,VakantieVeilingen,2.1,14.0
migratie-VakantieVeilingen-2026-07-13-25.1,2026-07-13,VakantieVeilingen,25.1,13.0
migratie-VakantieVeilingen-2026-07-13-39.0,2026-07-13,VakantieVeilingen,39.0,1.0
migratie-VakantieVeilingen-2026-07-13-50.1,2026-07-13,VakantieVeilingen,50.1,7.0
migratie-VakantieVeilingen-2026-07-13-52.1,2026-07-13,VakantieVeilingen,52.1,9.0
migratie-VakantieVeilingen-2026-07-13-54.1,2026-07-13,VakantieVeilingen,54.1,8.0
migratie-VakantieVeilingen-2026-07-13-141.1,2026-07-13,VakantieVeilingen,141.1,14.0
migratie-VakantieVeilingen-2026-07-13-150.1,2026-07-13,VakantieVeilingen,150.1,12.0
migratie-VakantieVeilingen-2026-07-13-152.1,2026-07-13,VakantieVeilingen,152.1,17.0
migratie-VakantieVeilingen-2026-07-13-161.1,2026-07-13,VakantieVeilingen,161.1,12.0
migratie-VakantieVeilingen-2026-07-13-249.0,2026-07-13,VakantieVeilingen,249.0,44.0
migratie-VakantieVeilingen-2026-07-13-249.3,2026-07-13,VakantieVeilingen,249.3,24.0
migratie-VakantieVeilingen-2026-07-13-275.1,2026-07-13,VakantieVeilingen,275.1,1.0
migratie-VakantieVeilingen-2026-07-13-276.1,2026-07-13,VakantieVeilingen,276.1,4.0
migratie-VakantieVeilingen-2026-07-13-277.1,2026-07-13,VakantieVeilingen,277.1,3.0
migratie-VakantieVeilingen-2026-07-13-278.1,2026-07-13,VakantieVeilingen,278.1,2.0
migratie-VakantieVeilingen-2026-07-14-2.1,2026-07-14,VakantieVeilingen,2.1,5.0
migratie-VakantieVeilingen-2026-07-14-25.1,2026-07-14,VakantieVeilingen,25.1,8.0
migratie-VakantieVeilingen-2026-07-14-50.1,2026-07-14,VakantieVeilingen,50.1,5.0
migratie-VakantieVeilingen-2026-07-14-52.1,2026-07-14,VakantieVeilingen,52.1,1.0
migratie-VakantieVeilingen-2026-07-14-54.1,2026-07-14,VakantieVeilingen,54.1,4.0
migratie-VakantieVeilingen-2026-07-14-141.1,2026-07-14,VakantieVeilingen,141.1,4.0
migratie-VakantieVeilingen-2026-07-14-150.1,2026-07-14,VakantieVeilingen,150.1,5.0
migratie-VakantieVeilingen-2026-07-14-152.1,2026-07-14,VakantieVeilingen,152.1,2.0
migratie-VakantieVeilingen-2026-07-14-161.1,2026-07-14,VakantieVeilingen,161.1,6.0
migratie-VakantieVeilingen-2026-07-14-249.0,2026-07-14,VakantieVeilingen,249.0,5.0
migratie-VakantieVeilingen-2026-07-14-249.3,2026-07-14,VakantieVeilingen,249.3,7.0
migratie-VakantieVeilingen-2026-07-15-2.1,2026-07-15,VakantieVeilingen,2.1,3.0
migratie-VakantieVeilingen-2026-07-15-25.1,2026-07-15,VakantieVeilingen,25.1,10.0
migratie-VakantieVeilingen-2026-07-15-39.0,2026-07-15,VakantieVeilingen,39.0,1.0
migratie-VakantieVeilingen-2026-07-15-50.1,2026-07-15,VakantieVeilingen,50.1,2.0
migratie-VakantieVeilingen-2026-07-15-52.1,2026-07-15,VakantieVeilingen,52.1,4.0
migratie-VakantieVeilingen-2026-07-15-54.1,2026-07-15,VakantieVeilingen,54.1,4.0
migratie-VakantieVeilingen-2026-07-15-141.1,2026-07-15,VakantieVeilingen,141.1,3.0
migratie-VakantieVeilingen-2026-07-15-150.1,2026-07-15,VakantieVeilingen,150.1,2.0
migratie-VakantieVeilingen-2026-07-15-152.1,2026-07-15,VakantieVeilingen,152.1,18.0
migratie-VakantieVeilingen-2026-07-15-161.1,2026-07-15,VakantieVeilingen,161.1,5.0
migratie-VakantieVeilingen-2026-07-15-206.3,2026-07-15,VakantieVeilingen,206.3,1.0
migratie-VakantieVeilingen-2026-07-15-249.0,2026-07-15,VakantieVeilingen,249.0,11.0
migratie-VakantieVeilingen-2026-07-15-249.3,2026-07-15,VakantieVeilingen,249.3,10.0
migratie-VakantieVeilingen-2026-07-15-275.1,2026-07-15,VakantieVeilingen,275.1,1.0
migratie-VakantieVeilingen-2026-07-15-276.1,2026-07-15,VakantieVeilingen,276.1,1.0
migratie-VakantieVeilingen-2026-07-16-2.1,2026-07-16,VakantieVeilingen,2.1,3.0
migratie-VakantieVeilingen-2026-07-16-25.1,2026-07-16,VakantieVeilingen,25.1,2.0
migratie-VakantieVeilingen-2026-07-16-37.0,2026-07-16,VakantieVeilingen,37.0,1.0
migratie-VakantieVeilingen-2026-07-16-50.1,2026-07-16,VakantieVeilingen,50.1,3.0
migratie-VakantieVeilingen-2026-07-16-52.1,2026-07-16,VakantieVeilingen,52.1,3.0
migratie-VakantieVeilingen-2026-07-16-54.1,2026-07-16,VakantieVeilingen,54.1,5.0
migratie-VakantieVeilingen-2026-07-16-57.2,2026-07-16,VakantieVeilingen,57.2,2.0
migratie-VakantieVeilingen-2026-07-16-58.1,2026-07-16,VakantieVeilingen,58.1,1.0
migratie-VakantieVeilingen-2026-07-16-141.1,2026-07-16,VakantieVeilingen,141.1,3.0
migratie-VakantieVeilingen-2026-07-16-150.1,2026-07-16,VakantieVeilingen,150.1,2.0
migratie-VakantieVeilingen-2026-07-16-152.1,2026-07-16,VakantieVeilingen,152.1,6.0
migratie-VakantieVeilingen-2026-07-16-161.1,2026-07-16,VakantieVeilingen,161.1,2.0
migratie-VakantieVeilingen-2026-07-16-249.0,2026-07-16,VakantieVeilingen,249.0,7.0
migratie-VakantieVeilingen-2026-07-16-249.3,2026-07-16,VakantieVeilingen,249.3,3.0
migratie-VakantieVeilingen-2026-07-17-2.1,2026-07-17,VakantieVeilingen,2.1,5.0
migratie-VakantieVeilingen-2026-07-17-25.1,2026-07-17,VakantieVeilingen,25.1,5.0
migratie-VakantieVeilingen-2026-07-17-50.1,2026-07-17,VakantieVeilingen,50.1,2.0
migratie-VakantieVeilingen-2026-07-17-52.1,2026-07-17,VakantieVeilingen,52.1,3.0
migratie-VakantieVeilingen-2026-07-17-54.1,2026-07-17,VakantieVeilingen,54.1,2.0
migratie-VakantieVeilingen-2026-07-17-57.2,2026-07-17,VakantieVeilingen,57.2,4.0
migratie-VakantieVeilingen-2026-07-17-58.1,2026-07-17,VakantieVeilingen,58.1,1.0
migratie-VakantieVeilingen-2026-07-17-141.1,2026-07-17,VakantieVeilingen,141.1,1.0
migratie-VakantieVeilingen-2026-07-17-150.1,2026-07-17,VakantieVeilingen,150.1,7.0
migratie-VakantieVeilingen-2026-07-17-152.1,2026-07-17,VakantieVeilingen,152.1,7.0
migratie-VakantieVeilingen-2026-07-17-161.1,2026-07-17,VakantieVeilingen,161.1,4.0
migratie-VakantieVeilingen-2026-07-17-249.0,2026-07-17,VakantieVeilingen,249.0,9.0
migratie-VakantieVeilingen-2026-07-17-249.3,2026-07-17,VakantieVeilingen,249.3,4.0
migratie-VakantieVeilingen-2026-07-17-275.1,2026-07-17,VakantieVeilingen,275.1,1.0
migratie-VakantieVeilingen-2026-07-20-2.1,2026-07-20,VakantieVeilingen,2.1,12.0
migratie-VakantieVeilingen-2026-07-20-25.1,2026-07-20,VakantieVeilingen,25.1,24.0
migratie-VakantieVeilingen-2026-07-20-37.0,2026-07-20,VakantieVeilingen,37.0,1.0
migratie-VakantieVeilingen-2026-07-20-39.0,2026-07-20,VakantieVeilingen,39.0,1.0
migratie-VakantieVeilingen-2026-07-20-50.1,2026-07-20,VakantieVeilingen,50.1,9.0
migratie-VakantieVeilingen-2026-07-20-52.1,2026-07-20,VakantieVeilingen,52.1,7.0
migratie-VakantieVeilingen-2026-07-20-54.1,2026-07-20,VakantieVeilingen,54.1,9.0
migratie-VakantieVeilingen-2026-07-20-57.2,2026-07-20,VakantieVeilingen,57.2,8.0
migratie-VakantieVeilingen-2026-07-20-58.1,2026-07-20,VakantieVeilingen,58.1,4.0
migratie-VakantieVeilingen-2026-07-20-141.1,2026-07-20,VakantieVeilingen,141.1,14.0
migratie-VakantieVeilingen-2026-07-20-150.1,2026-07-20,VakantieVeilingen,150.1,10.0
migratie-VakantieVeilingen-2026-07-20-152.1,2026-07-20,VakantieVeilingen,152.1,17.0
migratie-VakantieVeilingen-2026-07-20-161.1,2026-07-20,VakantieVeilingen,161.1,12.0
migratie-VakantieVeilingen-2026-07-20-249.0,2026-07-20,VakantieVeilingen,249.0,19.0
migratie-VakantieVeilingen-2026-07-20-249.3,2026-07-20,VakantieVeilingen,249.3,7.0
migratie-VakantieVeilingen-2026-07-20-275.1,2026-07-20,VakantieVeilingen,275.1,1.0
migratie-VakantieVeilingen-2026-07-21-2.1,2026-07-21,VakantieVeilingen,2.1,5.0
migratie-VakantieVeilingen-2026-07-21-25.1,2026-07-21,VakantieVeilingen,25.1,3.0
migratie-VakantieVeilingen-2026-07-21-50.1,2026-07-21,VakantieVeilingen,50.1,3.0
migratie-VakantieVeilingen-2026-07-21-52.1,2026-07-21,VakantieVeilingen,52.1,3.0
migratie-VakantieVeilingen-2026-07-21-54.1,2026-07-21,VakantieVeilingen,54.1,5.0
migratie-VakantieVeilingen-2026-07-21-57.2,2026-07-21,VakantieVeilingen,57.2,4.0
migratie-VakantieVeilingen-2026-07-21-58.1,2026-07-21,VakantieVeilingen,58.1,2.0
migratie-VakantieVeilingen-2026-07-21-141.1,2026-07-21,VakantieVeilingen,141.1,4.0
migratie-VakantieVeilingen-2026-07-21-150.1,2026-07-21,VakantieVeilingen,150.1,3.0
migratie-VakantieVeilingen-2026-07-21-152.1,2026-07-21,VakantieVeilingen,152.1,4.0
migratie-VakantieVeilingen-2026-07-21-161.1,2026-07-21,VakantieVeilingen,161.1,3.0
migratie-VakantieVeilingen-2026-07-21-249.0,2026-07-21,VakantieVeilingen,249.0,8.0
migratie-VakantieVeilingen-2026-07-21-249.3,2026-07-21,VakantieVeilingen,249.3,6.0
migratie-VakantieVeilingen-2026-07-22-2.1,2026-07-22,VakantieVeilingen,2.1,3.0
migratie-VakantieVeilingen-2026-07-22-25.1,2026-07-22,VakantieVeilingen,25.1,6.0
migratie-VakantieVeilingen-2026-07-22-50.1,2026-07-22,VakantieVeilingen,50.1,1.0
migratie-VakantieVeilingen-2026-07-22-54.1,2026-07-22,VakantieVeilingen,54.1,4.0
migratie-VakantieVeilingen-2026-07-22-57.2,2026-07-22,VakantieVeilingen,57.2,2.0
migratie-VakantieVeilingen-2026-07-22-58.1,2026-07-22,VakantieVeilingen,58.1,3.0
migratie-VakantieVeilingen-2026-07-22-141.1,2026-07-22,VakantieVeilingen,141.1,4.0
migratie-VakantieVeilingen-2026-07-22-150.1,2026-07-22,VakantieVeilingen,150.1,5.0
migratie-VakantieVeilingen-2026-07-22-152.1,2026-07-22,VakantieVeilingen,152.1,5.0
migratie-VakantieVeilingen-2026-07-22-161.1,2026-07-22,VakantieVeilingen,161.1,7.0
migratie-VakantieVeilingen-2026-07-22-249.0,2026-07-22,VakantieVeilingen,249.0,16.0
migratie-VakantieVeilingen-2026-07-22-249.3,2026-07-22,VakantieVeilingen,249.3,5.0
migratie-VakantieVeilingen-2026-07-23-2.1,2026-07-23,VakantieVeilingen,2.1,4.0
migratie-VakantieVeilingen-2026-07-23-25.1,2026-07-23,VakantieVeilingen,25.1,2.0
migratie-VakantieVeilingen-2026-07-23-50.1,2026-07-23,VakantieVeilingen,50.1,3.0
migratie-VakantieVeilingen-2026-07-23-52.1,2026-07-23,VakantieVeilingen,52.1,1.0
migratie-VakantieVeilingen-2026-07-23-54.1,2026-07-23,VakantieVeilingen,54.1,5.0
migratie-VakantieVeilingen-2026-07-23-57.2,2026-07-23,VakantieVeilingen,57.2,1.0
migratie-VakantieVeilingen-2026-07-23-58.1,2026-07-23,VakantieVeilingen,58.1,2.0
migratie-VakantieVeilingen-2026-07-23-141.1,2026-07-23,VakantieVeilingen,141.1,4.0
migratie-VakantieVeilingen-2026-07-23-150.1,2026-07-23,VakantieVeilingen,150.1,3.0
migratie-VakantieVeilingen-2026-07-23-152.1,2026-07-23,VakantieVeilingen,152.1,4.0
migratie-VakantieVeilingen-2026-07-23-161.1,2026-07-23,VakantieVeilingen,161.1,5.0
migratie-VakantieVeilingen-2026-07-23-249.0,2026-07-23,VakantieVeilingen,249.0,8.0
migratie-VakantieVeilingen-2026-07-23-249.3,2026-07-23,VakantieVeilingen,249.3,3.0
migratie-VakantieVeilingen-2026-07-24-2.1,2026-07-24,VakantieVeilingen,2.1,2.0
migratie-VakantieVeilingen-2026-07-24-25.1,2026-07-24,VakantieVeilingen,25.1,3.0
migratie-VakantieVeilingen-2026-07-24-52.1,2026-07-24,VakantieVeilingen,52.1,1.0
migratie-VakantieVeilingen-2026-07-24-54.1,2026-07-24,VakantieVeilingen,54.1,5.0
migratie-VakantieVeilingen-2026-07-24-57.2,2026-07-24,VakantieVeilingen,57.2,2.0
migratie-VakantieVeilingen-2026-07-24-58.1,2026-07-24,VakantieVeilingen,58.1,3.0
migratie-VakantieVeilingen-2026-07-24-141.1,2026-07-24,VakantieVeilingen,141.1,7.0
migratie-VakantieVeilingen-2026-07-24-150.1,2026-07-24,VakantieVeilingen,150.1,4.0
migratie-VakantieVeilingen-2026-07-24-152.1,2026-07-24,VakantieVeilingen,152.1,6.0
migratie-VakantieVeilingen-2026-07-24-161.1,2026-07-24,VakantieVeilingen,161.1,6.0
migratie-VakantieVeilingen-2026-07-24-249.0,2026-07-24,VakantieVeilingen,249.0,6.0
migratie-VakantieVeilingen-2026-07-24-249.3,2026-07-24,VakantieVeilingen,249.3,9.0
migratie-VakantieVeilingen-2026-07-27-2.1,2026-07-27,VakantieVeilingen,2.1,14.0
migratie-VakantieVeilingen-2026-07-27-25.1,2026-07-27,VakantieVeilingen,25.1,10.0
migratie-VakantieVeilingen-2026-07-27-52.1,2026-07-27,VakantieVeilingen,52.1,1.0
migratie-VakantieVeilingen-2026-07-27-54.1,2026-07-27,VakantieVeilingen,54.1,9.0
migratie-VakantieVeilingen-2026-07-27-57.2,2026-07-27,VakantieVeilingen,57.2,2.0
migratie-VakantieVeilingen-2026-07-27-58.1,2026-07-27,VakantieVeilingen,58.1,1.0
migratie-VakantieVeilingen-2026-07-27-141.1,2026-07-27,VakantieVeilingen,141.1,13.0
migratie-VakantieVeilingen-2026-07-27-150.1,2026-07-27,VakantieVeilingen,150.1,7.0
migratie-VakantieVeilingen-2026-07-27-152.1,2026-07-27,VakantieVeilingen,152.1,12.0
migratie-VakantieVeilingen-2026-07-27-161.1,2026-07-27,VakantieVeilingen,161.1,13.0
migratie-VakantieVeilingen-2026-07-27-249.0,2026-07-27,VakantieVeilingen,249.0,24.0
migratie-VakantieVeilingen-2026-07-27-249.3,2026-07-27,VakantieVeilingen,249.3,22.0
migratie-VakantieVeilingen-2026-07-28-2.1,2026-07-28,VakantieVeilingen,2.1,2.0
migratie-VakantieVeilingen-2026-07-28-25.1,2026-07-28,VakantieVeilingen,25.1,2.0
migratie-VakantieVeilingen-2026-07-28-54.1,2026-07-28,VakantieVeilingen,54.1,2.0
migratie-VakantieVeilingen-2026-07-28-58.1,2026-07-28,VakantieVeilingen,58.1,1.0
migratie-VakantieVeilingen-2026-07-28-141.1,2026-07-28,VakantieVeilingen,141.1,5.0
migratie-VakantieVeilingen-2026-07-28-150.1,2026-07-28,VakantieVeilingen,150.1,4.0
migratie-VakantieVeilingen-2026-07-28-152.1,2026-07-28,VakantieVeilingen,152.1,3.0
migratie-VakantieVeilingen-2026-07-28-161.1,2026-07-28,VakantieVeilingen,161.1,4.0
migratie-VakantieVeilingen-2026-07-28-249.0,2026-07-28,VakantieVeilingen,249.0,8.0
migratie-VakantieVeilingen-2026-07-28-249.3,2026-07-28,VakantieVeilingen,249.3,2.0
migratie-VakantieVeilingen-2026-07-29-2.1,2026-07-29,VakantieVeilingen,2.1,3.0
migratie-VakantieVeilingen-2026-07-29-25.1,2026-07-29,VakantieVeilingen,25.1,2.0
migratie-VakantieVeilingen-2026-07-29-54.1,2026-07-29,VakantieVeilingen,54.1,3.0
migratie-VakantieVeilingen-2026-07-29-150.1,2026-07-29,VakantieVeilingen,150.1,2.0
migratie-VakantieVeilingen-2026-07-29-152.1,2026-07-29,VakantieVeilingen,152.1,3.0
migratie-VakantieVeilingen-2026-07-29-161.1,2026-07-29,VakantieVeilingen,161.1,5.0
migratie-VakantieVeilingen-2026-07-29-249.0,2026-07-29,VakantieVeilingen,249.0,19.0
migratie-VakantieVeilingen-2026-07-29-249.3,2026-07-29,VakantieVeilingen,249.3,8.0
migratie-VakantieVeilingen-2026-07-30-2.1,2026-07-30,VakantieVeilingen,2.1,2.0
migratie-VakantieVeilingen-2026-07-30-25.1,2026-07-30,VakantieVeilingen,25.1,3.0
migratie-VakantieVeilingen-2026-07-30-54.1,2026-07-30,VakantieVeilingen,54.1,4.0
migratie-VakantieVeilingen-2026-07-30-141.1,2026-07-30,VakantieVeilingen,141.1,3.0
migratie-VakantieVeilingen-2026-07-30-150.1,2026-07-30,VakantieVeilingen,150.1,4.0
migratie-VakantieVeilingen-2026-07-30-152.1,2026-07-30,VakantieVeilingen,152.1,4.0
migratie-VakantieVeilingen-2026-07-30-161.1,2026-07-30,VakantieVeilingen,161.1,4.0
migratie-VakantieVeilingen-2026-07-30-249.0,2026-07-30,VakantieVeilingen,249.0,5.0
migratie-VakantieVeilingen-2026-07-30-249.3,2026-07-30,VakantieVeilingen,249.3,1.0
migratie-VakantieVeilingen-2026-07-31-2.1,2026-07-31,VakantieVeilingen,2.1,5.0
migratie-VakantieVeilingen-2026-07-31-25.1,2026-07-31,VakantieVeilingen,25.1,6.0
migratie-VakantieVeilingen-2026-07-31-54.1,2026-07-31,VakantieVeilingen,54.1,3.0
migratie-VakantieVeilingen-2026-07-31-141.1,2026-07-31,VakantieVeilingen,141.1,2.0
migratie-VakantieVeilingen-2026-07-31-150.1,2026-07-31,VakantieVeilingen,150.1,1.0
migratie-VakantieVeilingen-2026-07-31-152.1,2026-07-31,VakantieVeilingen,152.1,2.0
migratie-VakantieVeilingen-2026-07-31-161.1,2026-07-31,VakantieVeilingen,161.1,6.0
migratie-VakantieVeilingen-2026-07-31-249.0,2026-07-31,VakantieVeilingen,249.0,4.0
migratie-VakantieVeilingen-2026-07-31-249.3,2026-07-31,VakantieVeilingen,249.3,2.0
migratie-VakantieVeilingen-2026-08-03-2.1,2026-08-03,VakantieVeilingen,2.1,11.0
migratie-VakantieVeilingen-2026-08-03-25.1,2026-08-03,VakantieVeilingen,25.1,13.0
migratie-VakantieVeilingen-2026-08-03-54.1,2026-08-03,VakantieVeilingen,54.1,9.0
migratie-VakantieVeilingen-2026-08-03-141.1,2026-08-03,VakantieVeilingen,141.1,8.0
migratie-VakantieVeilingen-2026-08-03-150.1,2026-08-03,VakantieVeilingen,150.1,8.0
migratie-VakantieVeilingen-2026-08-03-152.1,2026-08-03,VakantieVeilingen,152.1,16.0
migratie-VakantieVeilingen-2026-08-03-161.1,2026-08-03,VakantieVeilingen,161.1,10.0
migratie-VakantieVeilingen-2026-08-03-249.0,2026-08-03,VakantieVeilingen,249.0,25.0
migratie-VakantieVeilingen-2026-08-03-249.3,2026-08-03,VakantieVeilingen,249.3,17.0
migratie-VakantieVeilingen-2026-08-04-2.1,2026-08-04,VakantieVeilingen,2.1,4.0
migratie-VakantieVeilingen-2026-08-04-25.1,2026-08-04,VakantieVeilingen,25.1,3.0
migratie-VakantieVeilingen-2026-08-04-54.1,2026-08-04,VakantieVeilingen,54.1,1.0
migratie-VakantieVeilingen-2026-08-04-57.2,2026-08-04,VakantieVeilingen,57.2,1.0
migratie-VakantieVeilingen-2026-08-04-141.1,2026-08-04,VakantieVeilingen,141.1,3.0
migratie-VakantieVeilingen-2026-08-04-150.1,2026-08-04,VakantieVeilingen,150.1,2.0
migratie-VakantieVeilingen-2026-08-04-152.1,2026-08-04,VakantieVeilingen,152.1,1.0
migratie-VakantieVeilingen-2026-08-04-161.1,2026-08-04,VakantieVeilingen,161.1,6.0
migratie-VakantieVeilingen-2026-08-04-249.0,2026-08-04,VakantieVeilingen,249.0,5.0
migratie-VakantieVeilingen-2026-08-04-249.3,2026-08-04,VakantieVeilingen,249.3,5.0
migratie-VakantieVeilingen-2026-08-05-2.1,2026-08-05,VakantieVeilingen,2.1,5.0
migratie-VakantieVeilingen-2026-08-05-25.1,2026-08-05,VakantieVeilingen,25.1,3.0
migratie-VakantieVeilingen-2026-08-05-54.1,2026-08-05,VakantieVeilingen,54.1,4.0
migratie-VakantieVeilingen-2026-08-05-141.1,2026-08-05,VakantieVeilingen,141.1,3.0
migratie-VakantieVeilingen-2026-08-05-150.1,2026-08-05,VakantieVeilingen,150.1,2.0
migratie-VakantieVeilingen-2026-08-05-152.1,2026-08-05,VakantieVeilingen,152.1,4.0
migratie-VakantieVeilingen-2026-08-05-161.1,2026-08-05,VakantieVeilingen,161.1,4.0
migratie-VakantieVeilingen-2026-08-05-249.0,2026-08-05,VakantieVeilingen,249.0,10.0
migratie-VakantieVeilingen-2026-08-05-249.3,2026-08-05,VakantieVeilingen,249.3,11.0
migratie-VakantieVeilingen-2026-08-06-2.1,2026-08-06,VakantieVeilingen,2.1,5.0
migratie-VakantieVeilingen-2026-08-06-25.1,2026-08-06,VakantieVeilingen,25.1,5.0
migratie-VakantieVeilingen-2026-08-06-54.1,2026-08-06,VakantieVeilingen,54.1,4.0
migratie-VakantieVeilingen-2026-08-06-141.1,2026-08-06,VakantieVeilingen,141.1,1.0
migratie-VakantieVeilingen-2026-08-06-152.1,2026-08-06,VakantieVeilingen,152.1,2.0
migratie-VakantieVeilingen-2026-08-06-161.1,2026-08-06,VakantieVeilingen,161.1,4.0
migratie-VakantieVeilingen-2026-08-06-249.0,2026-08-06,VakantieVeilingen,249.0,3.0
migratie-VakantieVeilingen-2026-08-06-249.3,2026-08-06,VakantieVeilingen,249.3,3.0
migratie-VakantieVeilingen-2026-08-07-2.1,2026-08-07,VakantieVeilingen,2.1,6.0
migratie-VakantieVeilingen-2026-08-07-39.0,2026-08-07,VakantieVeilingen,39.0,1.0
migratie-VakantieVeilingen-2026-08-07-54.1,2026-08-07,VakantieVeilingen,54.1,2.0
migratie-VakantieVeilingen-2026-08-07-152.1,2026-08-07,VakantieVeilingen,152.1,3.0
migratie-VakantieVeilingen-2026-08-07-161.1,2026-08-07,VakantieVeilingen,161.1,4.0
migratie-VakantieVeilingen-2026-08-07-249.0,2026-08-07,VakantieVeilingen,249.0,19.0
migratie-VakantieVeilingen-2026-08-07-249.3,2026-08-07,VakantieVeilingen,249.3,5.0
migratie-VakantieVeilingen-2026-08-10-2.1,2026-08-10,VakantieVeilingen,2.1,14.0
migratie-VakantieVeilingen-2026-08-10-25.1,2026-08-10,VakantieVeilingen,25.1,7.0
migratie-VakantieVeilingen-2026-08-10-39.0,2026-08-10,VakantieVeilingen,39.0,9.0
migratie-VakantieVeilingen-2026-08-10-50.1,2026-08-10,VakantieVeilingen,50.1,1.0
migratie-VakantieVeilingen-2026-08-10-54.1,2026-08-10,VakantieVeilingen,54.1,8.0
migratie-VakantieVeilingen-2026-08-10-152.1,2026-08-10,VakantieVeilingen,152.1,9.0
migratie-VakantieVeilingen-2026-08-10-161.1,2026-08-10,VakantieVeilingen,161.1,15.0
migratie-VakantieVeilingen-2026-08-10-249.0,2026-08-10,VakantieVeilingen,249.0,18.0
migratie-VakantieVeilingen-2026-08-10-249.3,2026-08-10,VakantieVeilingen,249.3,23.0
migratie-VakantieVeilingen-2026-08-11-2.1,2026-08-11,VakantieVeilingen,2.1,4.0
migratie-VakantieVeilingen-2026-08-11-25.1,2026-08-11,VakantieVeilingen,25.1,4.0
migratie-VakantieVeilingen-2026-08-11-39.0,2026-08-11,VakantieVeilingen,39.0,3.0
migratie-VakantieVeilingen-2026-08-11-54.1,2026-08-11,VakantieVeilingen,54.1,2.0
migratie-VakantieVeilingen-2026-08-11-152.1,2026-08-11,VakantieVeilingen,152.1,4.0
migratie-VakantieVeilingen-2026-08-11-161.1,2026-08-11,VakantieVeilingen,161.1,3.0
migratie-VakantieVeilingen-2026-08-11-249.0,2026-08-11,VakantieVeilingen,249.0,9.0
migratie-VakantieVeilingen-2026-08-11-249.3,2026-08-11,VakantieVeilingen,249.3,5.0
migratie-VakantieVeilingen-2026-08-12-2.1,2026-08-12,VakantieVeilingen,2.1,5.0
migratie-VakantieVeilingen-2026-08-12-25.1,2026-08-12,VakantieVeilingen,25.1,4.0
migratie-VakantieVeilingen-2026-08-12-39.0,2026-08-12,VakantieVeilingen,39.0,5.0
migratie-VakantieVeilingen-2026-08-12-152.1,2026-08-12,VakantieVeilingen,152.1,3.0
migratie-VakantieVeilingen-2026-08-12-161.1,2026-08-12,VakantieVeilingen,161.1,3.0
migratie-VakantieVeilingen-2026-08-12-249.0,2026-08-12,VakantieVeilingen,249.0,10.0
migratie-VakantieVeilingen-2026-08-12-249.3,2026-08-12,VakantieVeilingen,249.3,6.0
migratie-VakantieVeilingen-2026-08-13-2.1,2026-08-13,VakantieVeilingen,2.1,3.0
migratie-VakantieVeilingen-2026-08-13-8.21,2026-08-13,VakantieVeilingen,8.21,19.0
migratie-VakantieVeilingen-2026-08-13-9.10,2026-08-13,VakantieVeilingen,9.10,10.0
migratie-VakantieVeilingen-2026-08-13-9.11,2026-08-13,VakantieVeilingen,9.11,14.0
migratie-VakantieVeilingen-2026-08-13-22.1,2026-08-13,VakantieVeilingen,22.1,6.0
migratie-VakantieVeilingen-2026-08-13-23.3,2026-08-13,VakantieVeilingen,23.3,2.0
migratie-VakantieVeilingen-2026-08-13-25.1,2026-08-13,VakantieVeilingen,25.1,2.0
migratie-VakantieVeilingen-2026-08-13-39.0,2026-08-13,VakantieVeilingen,39.0,2.0
migratie-VakantieVeilingen-2026-08-13-54.1,2026-08-13,VakantieVeilingen,54.1,1.0
migratie-VakantieVeilingen-2026-08-13-152.1,2026-08-13,VakantieVeilingen,152.1,3.0
migratie-VakantieVeilingen-2026-08-13-161.1,2026-08-13,VakantieVeilingen,161.1,3.0
migratie-VakantieVeilingen-2026-08-13-249.0,2026-08-13,VakantieVeilingen,249.0,10.0
migratie-VakantieVeilingen-2026-08-13-249.3,2026-08-13,VakantieVeilingen,249.3,3.0
migratie-VakantieVeilingen-2026-08-13-269.1,2026-08-13,VakantieVeilingen,269.1,5.0
migratie-VakantieVeilingen-2026-08-14-2.1,2026-08-14,VakantieVeilingen,2.1,3.0
migratie-VakantieVeilingen-2026-08-14-8.21,2026-08-14,VakantieVeilingen,8.21,26.0
migratie-VakantieVeilingen-2026-08-14-9.10,2026-08-14,VakantieVeilingen,9.10,14.0
migratie-VakantieVeilingen-2026-08-14-9.11,2026-08-14,VakantieVeilingen,9.11,20.0
migratie-VakantieVeilingen-2026-08-14-22.1,2026-08-14,VakantieVeilingen,22.1,4.0
migratie-VakantieVeilingen-2026-08-14-23.3,2026-08-14,VakantieVeilingen,23.3,5.0
migratie-VakantieVeilingen-2026-08-14-25.1,2026-08-14,VakantieVeilingen,25.1,3.0
migratie-VakantieVeilingen-2026-08-14-39.0,2026-08-14,VakantieVeilingen,39.0,4.0
migratie-VakantieVeilingen-2026-08-14-152.1,2026-08-14,VakantieVeilingen,152.1,4.0
migratie-VakantieVeilingen-2026-08-14-161.1,2026-08-14,VakantieVeilingen,161.1,4.0
migratie-VakantieVeilingen-2026-08-14-249.0,2026-08-14,VakantieVeilingen,249.0,9.0
migratie-VakantieVeilingen-2026-08-14-249.3,2026-08-14,VakantieVeilingen,249.3,5.0
migratie-VakantieVeilingen-2026-08-14-269.1,2026-08-14,VakantieVeilingen,269.1,4.0
migratie-VakantieVeilingen-2026-08-17-2.1,2026-08-17,VakantieVeilingen,2.1,13.0
migratie-VakantieVeilingen-2026-08-17-8.21,2026-08-17,VakantieVeilingen,8.21,46.0
migratie-VakantieVeilingen-2026-08-17-9.10,2026-08-17,VakantieVeilingen,9.10,70.0
migratie-VakantieVeilingen-2026-08-17-9.11,2026-08-17,VakantieVeilingen,9.11,84.0
migratie-VakantieVeilingen-2026-08-17-22.1,2026-08-17,VakantieVeilingen,22.1,17.0
migratie-VakantieVeilingen-2026-08-17-23.3,2026-08-17,VakantieVeilingen,23.3,17.0
migratie-VakantieVeilingen-2026-08-17-25.1,2026-08-17,VakantieVeilingen,25.1,7.0
migratie-VakantieVeilingen-2026-08-17-39.0,2026-08-17,VakantieVeilingen,39.0,15.0
migratie-VakantieVeilingen-2026-08-17-152.1,2026-08-17,VakantieVeilingen,152.1,6.0
migratie-VakantieVeilingen-2026-08-17-161.1,2026-08-17,VakantieVeilingen,161.1,10.0
migratie-VakantieVeilingen-2026-08-17-249.0,2026-08-17,VakantieVeilingen,249.0,31.0
migratie-VakantieVeilingen-2026-08-17-249.3,2026-08-17,VakantieVeilingen,249.3,11.0
migratie-VakantieVeilingen-2026-08-17-269.1,2026-08-17,VakantieVeilingen,269.1,7.0
migratie-VakantieVeilingen-2026-08-18-2.1,2026-08-18,VakantieVeilingen,2.1,4.0
migratie-VakantieVeilingen-2026-08-18-8.21,2026-08-18,VakantieVeilingen,8.21,9.0
migratie-VakantieVeilingen-2026-08-18-9.10,2026-08-18,VakantieVeilingen,9.10,18.0
migratie-VakantieVeilingen-2026-08-18-9.11,2026-08-18,VakantieVeilingen,9.11,15.0
migratie-VakantieVeilingen-2026-08-18-22.1,2026-08-18,VakantieVeilingen,22.1,7.0
migratie-VakantieVeilingen-2026-08-18-23.3,2026-08-18,VakantieVeilingen,23.3,4.0
migratie-VakantieVeilingen-2026-08-18-25.1,2026-08-18,VakantieVeilingen,25.1,4.0
migratie-VakantieVeilingen-2026-08-18-39.0,2026-08-18,VakantieVeilingen,39.0,7.0
migratie-VakantieVeilingen-2026-08-18-152.1,2026-08-18,VakantieVeilingen,152.1,3.0
migratie-VakantieVeilingen-2026-08-18-161.1,2026-08-18,VakantieVeilingen,161.1,4.0
migratie-VakantieVeilingen-2026-08-18-249.0,2026-08-18,VakantieVeilingen,249.0,5.0
migratie-VakantieVeilingen-2026-08-18-249.3,2026-08-18,VakantieVeilingen,249.3,3.0
migratie-VakantieVeilingen-2026-08-18-269.1,2026-08-18,VakantieVeilingen,269.1,3.0
migratie-VakantieVeilingen-2026-08-19-2.1,2026-08-19,VakantieVeilingen,2.1,2.0
migratie-VakantieVeilingen-2026-08-19-8.21,2026-08-19,VakantieVeilingen,8.21,52.0
migratie-VakantieVeilingen-2026-08-19-9.10,2026-08-19,VakantieVeilingen,9.10,17.0
migratie-VakantieVeilingen-2026-08-19-9.11,2026-08-19,VakantieVeilingen,9.11,22.0
migratie-VakantieVeilingen-2026-08-19-22.1,2026-08-19,VakantieVeilingen,22.1,6.0
migratie-VakantieVeilingen-2026-08-19-23.3,2026-08-19,VakantieVeilingen,23.3,3.0
migratie-VakantieVeilingen-2026-08-19-25.1,2026-08-19,VakantieVeilingen,25.1,2.0
migratie-VakantieVeilingen-2026-08-19-39.0,2026-08-19,VakantieVeilingen,39.0,4.0
migratie-VakantieVeilingen-2026-08-19-152.1,2026-08-19,VakantieVeilingen,152.1,4.0
migratie-VakantieVeilingen-2026-08-19-161.1,2026-08-19,VakantieVeilingen,161.1,2.0
migratie-VakantieVeilingen-2026-08-19-249.0,2026-08-19,VakantieVeilingen,249.0,4.0
migratie-VakantieVeilingen-2026-08-19-249.3,2026-08-19,VakantieVeilingen,249.3,6.0
migratie-VakantieVeilingen-2026-08-19-269.1,2026-08-19,VakantieVeilingen,269.1,1.0
migratie-VakantieVeilingen-2026-08-20-2.1,2026-08-20,VakantieVeilingen,2.1,5.0
migratie-VakantieVeilingen-2026-08-20-8.21,2026-08-20,VakantieVeilingen,8.21,13.0
migratie-VakantieVeilingen-2026-08-20-9.10,2026-08-20,VakantieVeilingen,9.10,17.0
migratie-VakantieVeilingen-2026-08-20-9.11,2026-08-20,VakantieVeilingen,9.11,61.0
migratie-VakantieVeilingen-2026-08-20-10.1,2026-08-20,VakantieVeilingen,10.1,1.0
migratie-VakantieVeilingen-2026-08-20-22.1,2026-08-20,VakantieVeilingen,22.1,4.0
migratie-VakantieVeilingen-2026-08-20-23.3,2026-08-20,VakantieVeilingen,23.3,5.0
migratie-VakantieVeilingen-2026-08-20-25.1,2026-08-20,VakantieVeilingen,25.1,3.0
migratie-VakantieVeilingen-2026-08-20-39.0,2026-08-20,VakantieVeilingen,39.0,8.0
migratie-VakantieVeilingen-2026-08-20-152.1,2026-08-20,VakantieVeilingen,152.1,4.0
migratie-VakantieVeilingen-2026-08-20-161.1,2026-08-20,VakantieVeilingen,161.1,3.0
migratie-VakantieVeilingen-2026-08-20-249.0,2026-08-20,VakantieVeilingen,249.0,10.0
migratie-VakantieVeilingen-2026-08-20-249.3,2026-08-20,VakantieVeilingen,249.3,6.0
migratie-VakantieVeilingen-2026-08-20-269.1,2026-08-20,VakantieVeilingen,269.1,2.0
migratie-VakantieVeilingen-2026-08-21-2.1,2026-08-21,VakantieVeilingen,2.1,3.0
migratie-VakantieVeilingen-2026-08-21-8.21,2026-08-21,VakantieVeilingen,8.21,15.0
migratie-VakantieVeilingen-2026-08-21-9.10,2026-08-21,VakantieVeilingen,9.10,59.0
migratie-VakantieVeilingen-2026-08-21-9.11,2026-08-21,VakantieVeilingen,9.11,21.0
migratie-VakantieVeilingen-2026-08-21-22.1,2026-08-21,VakantieVeilingen,22.1,3.0
migratie-VakantieVeilingen-2026-08-21-23.3,2026-08-21,VakantieVeilingen,23.3,4.0
migratie-VakantieVeilingen-2026-08-21-25.1,2026-08-21,VakantieVeilingen,25.1,2.0
migratie-VakantieVeilingen-2026-08-21-39.0,2026-08-21,VakantieVeilingen,39.0,3.0
migratie-VakantieVeilingen-2026-08-21-152.1,2026-08-21,VakantieVeilingen,152.1,1.0
migratie-VakantieVeilingen-2026-08-21-161.1,2026-08-21,VakantieVeilingen,161.1,5.0
migratie-VakantieVeilingen-2026-08-21-249.0,2026-08-21,VakantieVeilingen,249.0,10.0
migratie-VakantieVeilingen-2026-08-21-249.3,2026-08-21,VakantieVeilingen,249.3,3.0
migratie-VakantieVeilingen-2026-08-21-269.1,2026-08-21,VakantieVeilingen,269.1,3.0
migratie-VakantieVeilingen-2026-08-24-2.1,2026-08-24,VakantieVeilingen,2.1,11.0
migratie-VakantieVeilingen-2026-08-24-8.21,2026-08-24,VakantieVeilingen,8.21,22.0
migratie-VakantieVeilingen-2026-08-24-9.10,2026-08-24,VakantieVeilingen,9.10,51.0
migratie-VakantieVeilingen-2026-08-24-9.11,2026-08-24,VakantieVeilingen,9.11,54.0
migratie-VakantieVeilingen-2026-08-24-22.1,2026-08-24,VakantieVeilingen,22.1,13.0
migratie-VakantieVeilingen-2026-08-24-23.3,2026-08-24,VakantieVeilingen,23.3,12.0
migratie-VakantieVeilingen-2026-08-24-25.1,2026-08-24,VakantieVeilingen,25.1,10.0
migratie-VakantieVeilingen-2026-08-24-39.0,2026-08-24,VakantieVeilingen,39.0,13.0
migratie-VakantieVeilingen-2026-08-24-141.1,2026-08-24,VakantieVeilingen,141.1,1.0
migratie-VakantieVeilingen-2026-08-24-152.1,2026-08-24,VakantieVeilingen,152.1,12.0
migratie-VakantieVeilingen-2026-08-24-161.1,2026-08-24,VakantieVeilingen,161.1,9.0
migratie-VakantieVeilingen-2026-08-24-249.0,2026-08-24,VakantieVeilingen,249.0,23.0
migratie-VakantieVeilingen-2026-08-24-249.3,2026-08-24,VakantieVeilingen,249.3,9.0
migratie-VakantieVeilingen-2026-08-24-269.1,2026-08-24,VakantieVeilingen,269.1,10.0
migratie-VakantieVeilingen-2026-08-25-2.1,2026-08-25,VakantieVeilingen,2.1,1.0
migratie-VakantieVeilingen-2026-08-25-8.21,2026-08-25,VakantieVeilingen,8.21,5.0
migratie-VakantieVeilingen-2026-08-25-9.10,2026-08-25,VakantieVeilingen,9.10,27.0
migratie-VakantieVeilingen-2026-08-25-9.11,2026-08-25,VakantieVeilingen,9.11,12.0
migratie-VakantieVeilingen-2026-08-25-22.1,2026-08-25,VakantieVeilingen,22.1,3.0
migratie-VakantieVeilingen-2026-08-25-23.3,2026-08-25,VakantieVeilingen,23.3,3.0
migratie-VakantieVeilingen-2026-08-25-25.1,2026-08-25,VakantieVeilingen,25.1,3.0
migratie-VakantieVeilingen-2026-08-25-39.0,2026-08-25,VakantieVeilingen,39.0,7.0
migratie-VakantieVeilingen-2026-08-25-152.1,2026-08-25,VakantieVeilingen,152.1,2.0
migratie-VakantieVeilingen-2026-08-25-161.1,2026-08-25,VakantieVeilingen,161.1,3.0
migratie-VakantieVeilingen-2026-08-25-249.0,2026-08-25,VakantieVeilingen,249.0,5.0
migratie-VakantieVeilingen-2026-08-25-249.3,2026-08-25,VakantieVeilingen,249.3,6.0
migratie-VakantieVeilingen-2026-08-25-269.1,2026-08-25,VakantieVeilingen,269.1,3.0
migratie-VakantieVeilingen-2026-08-26-2.1,2026-08-26,VakantieVeilingen,2.1,4.0
migratie-VakantieVeilingen-2026-08-26-8.21,2026-08-26,VakantieVeilingen,8.21,5.0
migratie-VakantieVeilingen-2026-08-26-9.10,2026-08-26,VakantieVeilingen,9.10,19.0
migratie-VakantieVeilingen-2026-08-26-9.11,2026-08-26,VakantieVeilingen,9.11,16.0
migratie-VakantieVeilingen-2026-08-26-22.1,2026-08-26,VakantieVeilingen,22.1,2.0
migratie-VakantieVeilingen-2026-08-26-23.3,2026-08-26,VakantieVeilingen,23.3,4.0
migratie-VakantieVeilingen-2026-08-26-25.1,2026-08-26,VakantieVeilingen,25.1,3.0
migratie-VakantieVeilingen-2026-08-26-39.0,2026-08-26,VakantieVeilingen,39.0,15.0
migratie-VakantieVeilingen-2026-08-26-152.1,2026-08-26,VakantieVeilingen,152.1,4.0
migratie-VakantieVeilingen-2026-08-26-161.1,2026-08-26,VakantieVeilingen,161.1,4.0
migratie-VakantieVeilingen-2026-08-26-249.0,2026-08-26,VakantieVeilingen,249.0,4.0
migratie-VakantieVeilingen-2026-08-26-249.3,2026-08-26,VakantieVeilingen,249.3,3.0
migratie-VakantieVeilingen-2026-08-26-269.1,2026-08-26,VakantieVeilingen,269.1,1.0
migratie-VakantieVeilingen-2026-08-27-2.1,2026-08-27,VakantieVeilingen,2.1,4.0
migratie-VakantieVeilingen-2026-08-27-8.21,2026-08-27,VakantieVeilingen,8.21,4.0
migratie-VakantieVeilingen-2026-08-27-9.10,2026-08-27,VakantieVeilingen,9.10,15.0
migratie-VakantieVeilingen-2026-08-27-9.11,2026-08-27,VakantieVeilingen,9.11,15.0
migratie-VakantieVeilingen-2026-08-27-22.1,2026-08-27,VakantieVeilingen,22.1,2.0
migratie-VakantieVeilingen-2026-08-27-23.3,2026-08-27,VakantieVeilingen,23.3,3.0
migratie-VakantieVeilingen-2026-08-27-25.1,2026-08-27,VakantieVeilingen,25.1,4.0
migratie-VakantieVeilingen-2026-08-27-39.0,2026-08-27,VakantieVeilingen,39.0,9.0
migratie-VakantieVeilingen-2026-08-27-152.1,2026-08-27,VakantieVeilingen,152.1,2.0
migratie-VakantieVeilingen-2026-08-27-161.1,2026-08-27,VakantieVeilingen,161.1,2.0
migratie-VakantieVeilingen-2026-08-27-249.0,2026-08-27,VakantieVeilingen,249.0,8.0
migratie-VakantieVeilingen-2026-08-27-249.3,2026-08-27,VakantieVeilingen,249.3,2.0
migratie-VakantieVeilingen-2026-08-27-269.1,2026-08-27,VakantieVeilingen,269.1,2.0
migratie-VakantieVeilingen-2026-08-28-2.1,2026-08-28,VakantieVeilingen,2.1,2.0
migratie-VakantieVeilingen-2026-08-28-8.21,2026-08-28,VakantieVeilingen,8.21,6.0
migratie-VakantieVeilingen-2026-08-28-9.10,2026-08-28,VakantieVeilingen,9.10,9.0
migratie-VakantieVeilingen-2026-08-28-9.11,2026-08-28,VakantieVeilingen,9.11,9.0
migratie-VakantieVeilingen-2026-08-28-22.1,2026-08-28,VakantieVeilingen,22.1,3.0
migratie-VakantieVeilingen-2026-08-28-23.3,2026-08-28,VakantieVeilingen,23.3,2.0
migratie-VakantieVeilingen-2026-08-28-25.1,2026-08-28,VakantieVeilingen,25.1,1.0
migratie-VakantieVeilingen-2026-08-28-39.0,2026-08-28,VakantieVeilingen,39.0,5.0
migratie-VakantieVeilingen-2026-08-28-152.1,2026-08-28,VakantieVeilingen,152.1,2.0
migratie-VakantieVeilingen-2026-08-28-161.1,2026-08-28,VakantieVeilingen,161.1,2.0
migratie-VakantieVeilingen-2026-08-28-249.0,2026-08-28,VakantieVeilingen,249.0,3.0
migratie-VakantieVeilingen-2026-08-28-249.3,2026-08-28,VakantieVeilingen,249.3,2.0
migratie-VakantieVeilingen-2026-08-28-269.1,2026-08-28,VakantieVeilingen,269.1,2.0
migratie-VakantieVeilingen-2026-08-31-2.1,2026-08-31,VakantieVeilingen,2.1,13.0
migratie-VakantieVeilingen-2026-08-31-8.21,2026-08-31,VakantieVeilingen,8.21,16.0
migratie-VakantieVeilingen-2026-08-31-9.10,2026-08-31,VakantieVeilingen,9.10,32.0
migratie-VakantieVeilingen-2026-08-31-9.11,2026-08-31,VakantieVeilingen,9.11,54.0
migratie-VakantieVeilingen-2026-08-31-22.1,2026-08-31,VakantieVeilingen,22.1,5.0
migratie-VakantieVeilingen-2026-08-31-23.3,2026-08-31,VakantieVeilingen,23.3,7.0
migratie-VakantieVeilingen-2026-08-31-25.1,2026-08-31,VakantieVeilingen,25.1,5.0
migratie-VakantieVeilingen-2026-08-31-39.0,2026-08-31,VakantieVeilingen,39.0,17.0
migratie-VakantieVeilingen-2026-08-31-152.1,2026-08-31,VakantieVeilingen,152.1,7.0
migratie-VakantieVeilingen-2026-08-31-161.1,2026-08-31,VakantieVeilingen,161.1,8.0
migratie-VakantieVeilingen-2026-08-31-249.0,2026-08-31,VakantieVeilingen,249.0,13.0
migratie-VakantieVeilingen-2026-08-31-249.3,2026-08-31,VakantieVeilingen,249.3,11.0
migratie-VakantieVeilingen-2026-08-31-269.1,2026-08-31,VakantieVeilingen,269.1,9.0
migratie-VakantieVeilingen-2026-09-01-2.1,2026-09-01,VakantieVeilingen,2.1,5.0
migratie-VakantieVeilingen-2026-09-01-8.21,2026-09-01,VakantieVeilingen,8.21,9.0
migratie-VakantieVeilingen-2026-09-01-9.10,2026-09-01,VakantieVeilingen,9.10,19.0
migratie-VakantieVeilingen-2026-09-01-9.11,2026-09-01,VakantieVeilingen,9.11,21.0
migratie-VakantieVeilingen-2026-09-01-22.1,2026-09-01,VakantieVeilingen,22.1,8.0
migratie-VakantieVeilingen-2026-09-01-23.3,2026-09-01,VakantieVeilingen,23.3,5.0
migratie-VakantieVeilingen-2026-09-01-25.1,2026-09-01,VakantieVeilingen,25.1,4.0
migratie-VakantieVeilingen-2026-09-01-39.0,2026-09-01,VakantieVeilingen,39.0,8.0
migratie-VakantieVeilingen-2026-09-01-152.1,2026-09-01,VakantieVeilingen,152.1,3.0
migratie-VakantieVeilingen-2026-09-01-161.1,2026-09-01,VakantieVeilingen,161.1,5.0
migratie-VakantieVeilingen-2026-09-01-249.0,2026-09-01,VakantieVeilingen,249.0,12.0
migratie-VakantieVeilingen-2026-09-01-249.3,2026-09-01,VakantieVeilingen,249.3,5.0
migratie-VakantieVeilingen-2026-09-01-269.1,2026-09-01,VakantieVeilingen,269.1,4.0
migratie-VakantieVeilingen-2026-09-02-2.1,2026-09-02,VakantieVeilingen,2.1,5.0
migratie-VakantieVeilingen-2026-09-02-8.21,2026-09-02,VakantieVeilingen,8.21,5.0
migratie-VakantieVeilingen-2026-09-02-9.10,2026-09-02,VakantieVeilingen,9.10,7.0
migratie-VakantieVeilingen-2026-09-02-9.11,2026-09-02,VakantieVeilingen,9.11,6.0
migratie-VakantieVeilingen-2026-09-02-22.1,2026-09-02,VakantieVeilingen,22.1,5.0
migratie-VakantieVeilingen-2026-09-02-23.3,2026-09-02,VakantieVeilingen,23.3,2.0
migratie-VakantieVeilingen-2026-09-02-25.1,2026-09-02,VakantieVeilingen,25.1,3.0
migratie-VakantieVeilingen-2026-09-02-39.0,2026-09-02,VakantieVeilingen,39.0,2.0
migratie-VakantieVeilingen-2026-09-02-152.1,2026-09-02,VakantieVeilingen,152.1,4.0
migratie-VakantieVeilingen-2026-09-02-161.1,2026-09-02,VakantieVeilingen,161.1,4.0
migratie-VakantieVeilingen-2026-09-02-249.0,2026-09-02,VakantieVeilingen,249.0,5.0
migratie-VakantieVeilingen-2026-09-02-249.3,2026-09-02,VakantieVeilingen,249.3,1.0
migratie-VakantieVeilingen-2026-09-02-253.1,2026-09-02,VakantieVeilingen,253.1,1.0
migratie-VakantieVeilingen-2026-09-02-269.1,2026-09-02,VakantieVeilingen,269.1,2.0
migratie-VakantieVeilingen-2026-09-03-2.1,2026-09-03,VakantieVeilingen,2.1,2.0
migratie-VakantieVeilingen-2026-09-03-8.21,2026-09-03,VakantieVeilingen,8.21,3.0
migratie-VakantieVeilingen-2026-09-03-9.10,2026-09-03,VakantieVeilingen,9.10,10.0
migratie-VakantieVeilingen-2026-09-03-9.11,2026-09-03,VakantieVeilingen,9.11,13.0
migratie-VakantieVeilingen-2026-09-03-22.1,2026-09-03,VakantieVeilingen,22.1,1.0
migratie-VakantieVeilingen-2026-09-03-23.3,2026-09-03,VakantieVeilingen,23.3,3.0
migratie-VakantieVeilingen-2026-09-03-25.1,2026-09-03,VakantieVeilingen,25.1,2.0
migratie-VakantieVeilingen-2026-09-03-39.0,2026-09-03,VakantieVeilingen,39.0,5.0
migratie-VakantieVeilingen-2026-09-03-152.1,2026-09-03,VakantieVeilingen,152.1,3.0
migratie-VakantieVeilingen-2026-09-03-161.1,2026-09-03,VakantieVeilingen,161.1,2.0
migratie-VakantieVeilingen-2026-09-03-249.0,2026-09-03,VakantieVeilingen,249.0,1.0
migratie-VakantieVeilingen-2026-09-03-249.3,2026-09-03,VakantieVeilingen,249.3,2.0
migratie-VakantieVeilingen-2026-09-03-269.1,2026-09-03,VakantieVeilingen,269.1,2.0
migratie-VakantieVeilingen-2026-09-04-2.1,2026-09-04,VakantieVeilingen,2.1,2.0
migratie-VakantieVeilingen-2026-09-04-8.21,2026-09-04,VakantieVeilingen,8.21,5.0
migratie-VakantieVeilingen-2026-09-04-9.10,2026-09-04,VakantieVeilingen,9.10,10.0
migratie-VakantieVeilingen-2026-09-04-9.11,2026-09-04,VakantieVeilingen,9.11,15.0
migratie-VakantieVeilingen-2026-09-04-22.1,2026-09-04,VakantieVeilingen,22.1,1.0
migratie-VakantieVeilingen-2026-09-04-23.3,2026-09-04,VakantieVeilingen,23.3,1.0
migratie-VakantieVeilingen-2026-09-04-25.1,2026-09-04,VakantieVeilingen,25.1,1.0
migratie-VakantieVeilingen-2026-09-04-39.0,2026-09-04,VakantieVeilingen,39.0,14.0
migratie-VakantieVeilingen-2026-09-04-152.1,2026-09-04,VakantieVeilingen,152.1,3.0
migratie-VakantieVeilingen-2026-09-04-249.0,2026-09-04,VakantieVeilingen,249.0,5.0
migratie-VakantieVeilingen-2026-09-04-249.3,2026-09-04,VakantieVeilingen,249.3,3.0
migratie-VakantieVeilingen-2026-09-07-2.1,2026-09-07,VakantieVeilingen,2.1,15.0
migratie-VakantieVeilingen-2026-09-07-8.21,2026-09-07,VakantieVeilingen,8.21,10.0
migratie-VakantieVeilingen-2026-09-07-9.10,2026-09-07,VakantieVeilingen,9.10,20.0
migratie-VakantieVeilingen-2026-09-07-9.11,2026-09-07,VakantieVeilingen,9.11,33.0
migratie-VakantieVeilingen-2026-09-07-22.1,2026-09-07,VakantieVeilingen,22.1,2.0
migratie-VakantieVeilingen-2026-09-07-23.3,2026-09-07,VakantieVeilingen,23.3,16.0
migratie-VakantieVeilingen-2026-09-07-39.0,2026-09-07,VakantieVeilingen,39.0,12.0
migratie-VakantieVeilingen-2026-09-07-152.1,2026-09-07,VakantieVeilingen,152.1,12.0
migratie-VakantieVeilingen-2026-09-07-161.1,2026-09-07,VakantieVeilingen,161.1,11.0
migratie-VakantieVeilingen-2026-09-07-249.0,2026-09-07,VakantieVeilingen,249.0,24.0
migratie-VakantieVeilingen-2026-09-07-249.3,2026-09-07,VakantieVeilingen,249.3,16.0
migratie-VakantieVeilingen-2026-09-08-2.1,2026-09-08,VakantieVeilingen,2.1,4.0
migratie-VakantieVeilingen-2026-09-08-8.21,2026-09-08,VakantieVeilingen,8.21,2.0
migratie-VakantieVeilingen-2026-09-08-9.10,2026-09-08,VakantieVeilingen,9.10,6.0
migratie-VakantieVeilingen-2026-09-08-9.11,2026-09-08,VakantieVeilingen,9.11,9.0
migratie-VakantieVeilingen-2026-09-08-23.3,2026-09-08,VakantieVeilingen,23.3,4.0
migratie-VakantieVeilingen-2026-09-08-39.0,2026-09-08,VakantieVeilingen,39.0,4.0
migratie-VakantieVeilingen-2026-09-08-152.1,2026-09-08,VakantieVeilingen,152.1,1.0
migratie-VakantieVeilingen-2026-09-08-161.1,2026-09-08,VakantieVeilingen,161.1,2.0
migratie-VakantieVeilingen-2026-09-08-249.0,2026-09-08,VakantieVeilingen,249.0,6.0
migratie-VakantieVeilingen-2026-09-08-249.3,2026-09-08,VakantieVeilingen,249.3,1.0
migratie-VakantieVeilingen-2026-09-09-2.1,2026-09-09,VakantieVeilingen,2.1,2.0
migratie-VakantieVeilingen-2026-09-09-8.21,2026-09-09,VakantieVeilingen,8.21,4.0
migratie-VakantieVeilingen-2026-09-09-9.10,2026-09-09,VakantieVeilingen,9.10,9.0
migratie-VakantieVeilingen-2026-09-09-9.11,2026-09-09,VakantieVeilingen,9.11,7.0
migratie-VakantieVeilingen-2026-09-09-23.3,2026-09-09,VakantieVeilingen,23.3,1.0
migratie-VakantieVeilingen-2026-09-09-39.0,2026-09-09,VakantieVeilingen,39.0,1.0
migratie-VakantieVeilingen-2026-09-09-152.1,2026-09-09,VakantieVeilingen,152.1,4.0
migratie-VakantieVeilingen-2026-09-09-161.1,2026-09-09,VakantieVeilingen,161.1,1.0
migratie-VakantieVeilingen-2026-09-09-249.0,2026-09-09,VakantieVeilingen,249.0,2.0
migratie-VakantieVeilingen-2026-09-09-249.3,2026-09-09,VakantieVeilingen,249.3,2.0
migratie-VakantieVeilingen-2026-09-10-2.1,2026-09-10,VakantieVeilingen,2.1,4.0
migratie-VakantieVeilingen-2026-09-10-8.21,2026-09-10,VakantieVeilingen,8.21,4.0
migratie-VakantieVeilingen-2026-09-10-9.10,2026-09-10,VakantieVeilingen,9.10,8.0
migratie-VakantieVeilingen-2026-09-10-9.11,2026-09-10,VakantieVeilingen,9.11,8.0
migratie-VakantieVeilingen-2026-09-10-23.3,2026-09-10,VakantieVeilingen,23.3,1.0
migratie-VakantieVeilingen-2026-09-10-39.0,2026-09-10,VakantieVeilingen,39.0,1.0
migratie-VakantieVeilingen-2026-09-10-152.1,2026-09-10,VakantieVeilingen,152.1,4.0
migratie-VakantieVeilingen-2026-09-10-161.1,2026-09-10,VakantieVeilingen,161.1,1.0
migratie-VakantieVeilingen-2026-09-10-249.0,2026-09-10,VakantieVeilingen,249.0,7.0
migratie-VakantieVeilingen-2026-09-10-249.3,2026-09-10,VakantieVeilingen,249.3,6.0
migratie-VakantieVeilingen-2026-09-11-8.21,2026-09-11,VakantieVeilingen,8.21,3.0
migratie-VakantieVeilingen-2026-09-11-9.10,2026-09-11,VakantieVeilingen,9.10,5.0
migratie-VakantieVeilingen-2026-09-11-9.11,2026-09-11,VakantieVeilingen,9.11,8.0
migratie-VakantieVeilingen-2026-09-11-39.0,2026-09-11,VakantieVeilingen,39.0,12.0
migratie-VakantieVeilingen-2026-09-11-152.1,2026-09-11,VakantieVeilingen,152.1,2.0
migratie-VakantieVeilingen-2026-09-11-161.1,2026-09-11,VakantieVeilingen,161.1,3.0
migratie-VakantieVeilingen-2026-09-11-249.0,2026-09-11,VakantieVeilingen,249.0,4.0
migratie-VakantieVeilingen-2026-09-11-249.3,2026-09-11,VakantieVeilingen,249.3,3.0
migratie-VakantieVeilingen-2026-09-14-2.1,2026-09-14,VakantieVeilingen,2.1,3.0
migratie-VakantieVeilingen-2026-09-14-8.21,2026-09-14,VakantieVeilingen,8.21,8.0
migratie-VakantieVeilingen-2026-09-14-9.10,2026-09-14,VakantieVeilingen,9.10,21.0
migratie-VakantieVeilingen-2026-09-14-9.11,2026-09-14,VakantieVeilingen,9.11,22.0
migratie-VakantieVeilingen-2026-09-14-25.1,2026-09-14,VakantieVeilingen,25.1,1.0
migratie-VakantieVeilingen-2026-09-14-39.0,2026-09-14,VakantieVeilingen,39.0,16.0
migratie-VakantieVeilingen-2026-09-14-152.1,2026-09-14,VakantieVeilingen,152.1,5.0
migratie-VakantieVeilingen-2026-09-14-161.1,2026-09-14,VakantieVeilingen,161.1,5.0
migratie-VakantieVeilingen-2026-09-14-249.0,2026-09-14,VakantieVeilingen,249.0,16.0
migratie-VakantieVeilingen-2026-09-14-249.3,2026-09-14,VakantieVeilingen,249.3,4.0
migratie-VakantieVeilingen-2026-09-15-2.1,2026-09-15,VakantieVeilingen,2.1,2.0
migratie-VakantieVeilingen-2026-09-15-8.21,2026-09-15,VakantieVeilingen,8.21,4.0
migratie-VakantieVeilingen-2026-09-15-9.10,2026-09-15,VakantieVeilingen,9.10,3.0
migratie-VakantieVeilingen-2026-09-15-9.11,2026-09-15,VakantieVeilingen,9.11,24.0
migratie-VakantieVeilingen-2026-09-15-39.0,2026-09-15,VakantieVeilingen,39.0,3.0
migratie-VakantieVeilingen-2026-09-15-152.1,2026-09-15,VakantieVeilingen,152.1,3.0
migratie-VakantieVeilingen-2026-09-15-161.1,2026-09-15,VakantieVeilingen,161.1,1.0
migratie-VakantieVeilingen-2026-09-15-249.0,2026-09-15,VakantieVeilingen,249.0,4.0
migratie-VakantieVeilingen-2026-09-15-249.3,2026-09-15,VakantieVeilingen,249.3,1.0
migratie-VakantieVeilingen-2026-09-16-2.1,2026-09-16,VakantieVeilingen,2.1,2.0
migratie-VakantieVeilingen-2026-09-16-8.21,2026-09-16,VakantieVeilingen,8.21,2.0
migratie-VakantieVeilingen-2026-09-16-9.10,2026-09-16,VakantieVeilingen,9.10,54.0
migratie-VakantieVeilingen-2026-09-16-9.11,2026-09-16,VakantieVeilingen,9.11,6.0
migratie-VakantieVeilingen-2026-09-16-39.0,2026-09-16,VakantieVeilingen,39.0,3.0
migratie-VakantieVeilingen-2026-09-16-152.1,2026-09-16,VakantieVeilingen,152.1,3.0
migratie-VakantieVeilingen-2026-09-16-161.1,2026-09-16,VakantieVeilingen,161.1,1.0
migratie-VakantieVeilingen-2026-09-16-249.0,2026-09-16,VakantieVeilingen,249.0,4.0
migratie-VakantieVeilingen-2026-09-16-249.3,2026-09-16,VakantieVeilingen,249.3,2.0
migratie-VakantieVeilingen-2026-09-17-2.1,2026-09-17,VakantieVeilingen,2.1,4.0
migratie-VakantieVeilingen-2026-09-17-8.21,2026-09-17,VakantieVeilingen,8.21,5.0
migratie-VakantieVeilingen-2026-09-17-9.10,2026-09-17,VakantieVeilingen,9.10,10.0
migratie-VakantieVeilingen-2026-09-17-9.11,2026-09-17,VakantieVeilingen,9.11,5.0
migratie-VakantieVeilingen-2026-09-17-39.0,2026-09-17,VakantieVeilingen,39.0,2.0
migratie-VakantieVeilingen-2026-09-17-152.1,2026-09-17,VakantieVeilingen,152.1,2.0
migratie-VakantieVeilingen-2026-09-17-161.1,2026-09-17,VakantieVeilingen,161.1,1.0
migratie-VakantieVeilingen-2026-09-17-249.0,2026-09-17,VakantieVeilingen,249.0,7.0
migratie-VakantieVeilingen-2026-09-17-249.3,2026-09-17,VakantieVeilingen,249.3,3.0
handmatig-Pokon-Bol.com-2026-07-06,2026-07-06,Bol.com,Pokon,1.0
handmatig-Pokon-Bol.com-2026-07-07,2026-07-07,Bol.com,Pokon,4.0
handmatig-Pokon-Bol.com-2026-07-09,2026-07-09,Bol.com,Pokon,1.0
handmatig-Pokon-Bol.com-2026-07-17,2026-07-17,Bol.com,Pokon,1.0
handmatig-Pokon-Bol.com-2026-08-10,2026-08-10,Bol.com,Pokon,1.0
handmatig-Pokon-Bol.com-2026-08-11,2026-08-11,Bol.com,Pokon,3.0
handmatig-Pokon-Bol.com-2026-08-17,2026-08-17,Bol.com,Pokon,1.0
handmatig-Pokon-Bol.com-2026-08-31,2026-08-31,Bol.com,Pokon,1.0
handmatig-Pokon-Bol.com-2026-09-03,2026-09-03,Bol.com,Pokon,1.0
handmatig-Pokon-Bol.com-2026-09-15,2026-09-15,Bol.com,Pokon,1.0
2024216863,2026-09-18,VakantieVeilingen,9.11,1.0
2024216862,2026-09-18,VakantieVeilingen,9.11,1.0
2024216861,2026-09-18,VakantieVeilingen,9.11,1.0
2024216860,2026-09-18,VakantieVeilingen,9.11,1.0
2024216859,2026-09-18,VakantieVeilingen,9.11,1.0
2024216858,2026-09-18,VakantieVeilingen,9.11,1.0
2024216857,2026-09-18,VakantieVeilingen,9.10,1.0
2024216856,2026-09-18,VakantieVeilingen,9.10,1.0
2024216855,2026-09-18,VakantieVeilingen,9.10,1.0
2024216854,2026-09-18,VakantieVeilingen,9.10,1.0
2024216853,2026-09-18,VakantieVeilingen,9.10,1.0
2024216852,2026-09-18,VakantieVeilingen,9.10,1.0
2024216851,2026-09-18,VakantieVeilingen,9.10,1.0
2024216850,2026-09-18,VakantieVeilingen,9.10,1.0
2024216849,2026-09-18,VakantieVeilingen,9.10,1.0
2024216848,2026-09-18,VakantieVeilingen,8.21,1.0
2024216847,2026-09-18,VakantieVeilingen,8.21,1.0
2024216846,2026-09-18,VakantieVeilingen,8.21,1.0
2024216845,2026-09-18,VakantieVeilingen,8.21,1.0
2024216844,2026-09-18,VakantieVeilingen,152.1,1.0
2024216843,2026-09-18,VakantieVeilingen,249.0,1.0
2024216842,2026-09-18,VakantieVeilingen,249.0,1.0
2024216841,2026-09-18,VakantieVeilingen,39.0,1.0
2024216840,2026-09-18,VakantieVeilingen,39.0,1.0
2024216839,2026-09-18,VakantieVeilingen,39.0,1.0
2024216838,2026-09-18,VakantieVeilingen,39.0,1.0
2024216837,2026-09-18,VakantieVeilingen,249.3,1.0
2024216836,2026-09-18,VakantieVeilingen,249.3,1.0
2024216835,2026-09-18,VakantieVeilingen,161.1,1.0
2024216834,2026-09-18,VakantieVeilingen,2.1,1.0
2024216833,2026-09-18,VakantieVeilingen,2.1,1.0
2024216832,2026-09-18,VakantieVeilingen,2.1,1.0
2024216831,2026-09-18,VakantieVeilingen,2.1,1.0
2024216830,2026-09-18,VakantieVeilingen,2.1,1.0
2024216829,2026-09-18,Groupon IT,25.1,1.0
2024216828,2026-09-18,Groupon ES,280.1,1.0
2024216827,2026-09-18,Groupon DE,9.8,1.0
2024216826,2026-09-18,Groupon DE,8.6,1.0
2024216825,2026-09-18,Groupon ES,22.1,1.0
2024216824,2026-09-18,Groupon DE,141.4,1.0
2024216823,2026-09-18,Groupon IT,8.12,1.0
2024216822,2026-09-18,Groupon DE,3.6,1.0
2024216821,2026-09-18,Groupon NL,104.1,1.0
2024216820,2026-09-18,Groupon IT,6.4,1.0
2024216819,2026-09-18,Groupon DE,280.2,1.0
2024216818,2026-09-18,Groupon DE,104.1,1.0
2024216817,2026-09-18,Groupon DE,9.7,1.0
2024216816,2026-09-18,Groupon DE,25.1,1.0
2024216815,2026-09-18,Groupon DE,161.2,1.0
2024216814,2026-09-18,Groupon DE,9.7,1.0
2024216813,2026-09-18,Groupon BE,8.18,1.0
2024216812,2026-09-18,Groupon ES,161.1,1.0
2024216811,2026-09-18,Bol.com,54.2,1.0
2024216810,2026-09-18,Bol.com,255.1,1.0
2024216809,2026-09-18,Bol.com,70.1,1.0
2024216808,2026-09-18,Bol.com,8.12,1.0
2024216807,2026-09-18,Bol.com,8.12,1.0
2024216806,2026-09-18,Amazon,249.3,1.0
2024216805,2026-09-18,Amazon,249.1,1.0
2024216804,2026-09-18,Amazon,249.3,1.0
2024216803,2026-09-18,Amazon,249.3,1.0
2024217054,2026-09-21,VakantieVeilingen,8.24,1.0
2024217053,2026-09-21,VakantieVeilingen,8.24,1.0
2024217052,2026-09-21,VakantieVeilingen,8.24,1.0
2024217051,2026-09-21,VakantieVeilingen,8.24,1.0
2024217050,2026-09-21,VakantieVeilingen,8.24,1.0
2024217049,2026-09-21,VakantieVeilingen,40.7,1.0
2024217048,2026-09-21,VakantieVeilingen,40.7,1.0
2024217047,2026-09-21,VakantieVeilingen,40.7,1.0
2024217046,2026-09-21,VakantieVeilingen,40.7,1.0
2024217045,2026-09-21,VakantieVeilingen,40.7,1.0
2024217044,2026-09-21,VakantieVeilingen,40.7,1.0
2024217043,2026-09-21,VakantieVeilingen,8.24,1.0
2024217042,2026-09-21,VakantieVeilingen,8.24,1.0
2024217041,2026-09-21,VakantieVeilingen,8.24,1.0
2024217040,2026-09-21,VakantieVeilingen,40.7,1.0
2024217039,2026-09-21,VakantieVeilingen,40.7,1.0
2024217038,2026-09-21,VakantieVeilingen,40.7,1.0
2024217037,2026-09-21,VakantieVeilingen,40.7,1.0
2024217036,2026-09-21,VakantieVeilingen,40.7,1.0
2024217035,2026-09-21,VakantieVeilingen,40.7,1.0
2024217034,2026-09-21,VakantieVeilingen,9.11,1.0
2024217033,2026-09-21,VakantieVeilingen,9.11,1.0
2024217032,2026-09-21,VakantieVeilingen,9.11,1.0
2024217031,2026-09-21,VakantieVeilingen,9.11,1.0
2024217030,2026-09-21,VakantieVeilingen,9.11,1.0
2024217029,2026-09-21,VakantieVeilingen,9.10,1.0
2024217028,2026-09-21,VakantieVeilingen,9.10,1.0
2024217027,2026-09-21,VakantieVeilingen,9.10,1.0
2024217026,2026-09-21,VakantieVeilingen,9.10,1.0
2024217025,2026-09-21,VakantieVeilingen,9.10,1.0
2024217024,2026-09-21,VakantieVeilingen,9.10,1.0
2024217023,2026-09-21,VakantieVeilingen,8.21,1.0
2024217022,2026-09-21,VakantieVeilingen,8.21,1.0
2024217021,2026-09-21,VakantieVeilingen,8.21,1.0
2024217020,2026-09-21,VakantieVeilingen,152.1,1.0
2024217019,2026-09-21,VakantieVeilingen,152.1,1.0
2024217018,2026-09-21,VakantieVeilingen,249.0,1.0
2024217017,2026-09-21,VakantieVeilingen,249.0,1.0
2024217016,2026-09-21,VakantieVeilingen,249.0,1.0
2024217015,2026-09-21,VakantieVeilingen,39.0,1.0
2024217014,2026-09-21,VakantieVeilingen,39.0,1.0
2024217013,2026-09-21,VakantieVeilingen,39.0,1.0
2024217012,2026-09-21,VakantieVeilingen,39.0,1.0
2024217011,2026-09-21,VakantieVeilingen,39.0,1.0
2024217010,2026-09-21,VakantieVeilingen,249.3,1.0
2024217009,2026-09-21,VakantieVeilingen,249.3,1.0
2024217008,2026-09-21,VakantieVeilingen,2.1,1.0
2024217007,2026-09-21,VakantieVeilingen,9.11,1.0
2024217006,2026-09-21,VakantieVeilingen,9.11,1.0
2024217005,2026-09-21,VakantieVeilingen,9.10,1.0
2024217004,2026-09-21,VakantieVeilingen,9.10,1.0
2024217003,2026-09-21,VakantieVeilingen,9.10,1.0
2024217002,2026-09-21,VakantieVeilingen,9.10,1.0
2024217001,2026-09-21,VakantieVeilingen,9.10,1.0
2024217000,2026-09-21,VakantieVeilingen,9.10,1.0
2024216999,2026-09-21,VakantieVeilingen,9.10,1.0
2024216998,2026-09-21,VakantieVeilingen,9.10,1.0
2024216997,2026-09-21,VakantieVeilingen,8.21,1.0
2024216996,2026-09-21,VakantieVeilingen,8.21,1.0
2024216995,2026-09-21,VakantieVeilingen,152.1,1.0
2024216994,2026-09-21,VakantieVeilingen,152.1,1.0
2024216993,2026-09-21,VakantieVeilingen,152.1,1.0
2024216992,2026-09-21,VakantieVeilingen,249.0,1.0
2024216991,2026-09-21,VakantieVeilingen,249.0,1.0
2024216990,2026-09-21,VakantieVeilingen,39.0,1.0
2024216989,2026-09-21,VakantieVeilingen,39.0,1.0
2024216988,2026-09-21,VakantieVeilingen,249.3,1.0
2024216987,2026-09-21,VakantieVeilingen,249.3,1.0
2024216986,2026-09-21,VakantieVeilingen,161.1,1.0
2024216985,2026-09-21,VakantieVeilingen,2.1,1.0
2024216984,2026-09-21,VakantieVeilingen,9.11,1.0
2024216983,2026-09-21,VakantieVeilingen,9.11,1.0
2024216982,2026-09-21,VakantieVeilingen,9.11,1.0
2024216981,2026-09-21,VakantieVeilingen,9.11,1.0
2024216980,2026-09-21,VakantieVeilingen,9.10,1.0
2024216979,2026-09-21,VakantieVeilingen,9.10,1.0
2024216978,2026-09-21,VakantieVeilingen,9.10,1.0
2024216977,2026-09-21,VakantieVeilingen,9.10,1.0
2024216976,2026-09-21,VakantieVeilingen,9.10,1.0
2024216975,2026-09-21,VakantieVeilingen,8.21,1.0
2024216974,2026-09-21,VakantieVeilingen,8.21,1.0
2024216973,2026-09-21,VakantieVeilingen,249.0,1.0
2024216972,2026-09-21,VakantieVeilingen,249.0,1.0
2024216971,2026-09-21,VakantieVeilingen,249.0,1.0
2024216970,2026-09-21,VakantieVeilingen,249.0,1.0
2024216969,2026-09-21,VakantieVeilingen,39.0,1.0
2024216968,2026-09-21,VakantieVeilingen,39.0,1.0
2024216967,2026-09-21,VakantieVeilingen,39.0,1.0
2024216966,2026-09-21,VakantieVeilingen,249.3,1.0
2024216965,2026-09-21,VakantieVeilingen,249.3,1.0
2024216964,2026-09-21,VakantieVeilingen,161.1,1.0
2024216963,2026-09-21,VakantieVeilingen,2.1,1.0
2024216962,2026-09-21,VakantieVeilingen,2.1,1.0
2024216961,2026-09-21,Mediahuis,249.3,1.0
2024216960,2026-09-21,Limango,8.4,1.0
2024216959,2026-09-21,Limango,8.14,1.0
2024216958,2026-09-21,Limango,9.6,1.0
2024216957,2026-09-21,Limango,13.3,1.0
2024216956,2026-09-21,Limango,22.1,1.0
2024216955,2026-09-21,Limango,39.2,1.0
2024216954,2026-09-21,Limango,50.1,1.0
2024216953,2026-09-21,Limango,100.1,1.0
2024216952,2026-09-21,Limango,100.1,1.0
2024216951,2026-09-21,Limango,100.2,1.0
2024216950,2026-09-21,Limango,161.0,1.0
2024216949,2026-09-21,Limango,161.2,1.0
2024216948,2026-09-21,Limango,200.4,1.0
2024216947,2026-09-21,Limango,200.4,1.0
2024216946,2026-09-21,Groupon DE,9.5,1.0
2024216945,2026-09-21,Groupon BE,53.2,1.0
2024216944,2026-09-21,Groupon DE,280.2,1.0
2024216943,2026-09-21,Groupon DE,53.1,1.0
2024216942,2026-09-21,Groupon DE,35.1,1.0
2024216941,2026-09-21,Groupon DE,21.0,1.0
2024216940,2026-09-21,Groupon BE,249.2,1.0
2024216939,2026-09-21,Groupon BE,249.2,1.0
2024216938,2026-09-21,Groupon BE,249.2,1.0
2024216937,2026-09-21,Groupon DE,35.1,1.0
2024216936,2026-09-21,Groupon DE,35.1,1.0
2024216935,2026-09-21,Groupon DE,7.1,1.0
2024216934,2026-09-21,Groupon DE,22.2,1.0
2024216933,2026-09-21,Groupon IT,7.2,1.0
2024216932,2026-09-21,Groupon BE,6.2,1.0
2024216931,2026-09-21,Groupon NL,55.2,1.0
2024216930,2026-09-21,Groupon NL,55.2,1.0
2024216929,2026-09-21,Groupon NL,53.2,1.0
2024216928,2026-09-21,Groupon NL,53.2,1.0
2024216927,2026-09-21,Groupon NL,35.1,1.0
2024216926,2026-09-21,Groupon BE,249.2,1.0
2024216925,2026-09-21,Groupon ES,271.1,1.0
2024216924,2026-09-21,Groupon NL,9.4,1.0
2024216923,2026-09-21,Groupon NL,9.4,1.0
2024216922,2026-09-21,Groupon DE,22.2,1.0
2024216921,2026-09-21,Groupon DE,55.1,1.0
2024216920,2026-09-21,Groupon DE,8.11,1.0
2024216919,2026-09-21,Groupon DE,55.2,1.0
2024216918,2026-09-21,Bol.com,249.4,1.0
2024216917,2026-09-21,Bol.com,249.4,1.0
2024216916,2026-09-21,Bol.com,249.4,1.0
2024216915,2026-09-21,Bol.com,8.6,1.0
2024216914,2026-09-21,Bol.com,237.1,1.0
2024216913,2026-09-21,Bol.com,237.1,1.0
2024216912,2026-09-21,Bol.com,237.1,1.0
2024216911,2026-09-21,Bol.com,237.1,1.0
2024216910,2026-09-21,Bol.com,237.1,1.0
2024216909,2026-09-21,Bol.com,237.1,1.0
2024216908,2026-09-21,Bol.com,237.1,1.0
2024216907,2026-09-21,Bol.com,237.1,1.0
2024216906,2026-09-21,Bol.com,237.1,1.0
2024216905,2026-09-21,Bol.com,237.1,1.0
2024216904,2026-09-21,Bol.com,237.1,1.0
2024216903,2026-09-21,Bol.com,259.2,1.0
2024216902,2026-09-21,Bol.com,70.4,1.0
2024216901,2026-09-21,Bol.com,70.1,1.0
2024216900,2026-09-21,Bol.com,70.3,1.0
2024216899,2026-09-21,Bol.com,70.2,1.0
2024216898,2026-09-21,Bol.com,249.3,1.0
2024216897,2026-09-21,Bol.com,249.2,1.0
2024216896,2026-09-21,Bol.com,249.2,1.0
2024216895,2026-09-21,Bol.com,204.0,1.0
2024216894,2026-09-21,Bol.com,105.0,1.0
2024216893,2026-09-21,Bol.com,249.2,1.0
2024216892,2026-09-21,Bol.com,100.2,1.0
2024216891,2026-09-21,Bol.com,249.4,1.0
2024216890,2026-09-21,Bol.com,249.2,1.0
2024216889,2026-09-21,Amazon,249.1,1.0
2024216888,2026-09-21,Amazon,249.4,1.0
2024216887,2026-09-21,Amazon,249.4,1.0
2024216886,2026-09-21,Amazon,251.1,1.0
2024216885,2026-09-21,Amazon,250.1,1.0
2024216884,2026-09-21,Amazon,275.1,1.0
2024216883,2026-09-21,Amazon,280.2,1.0
2024216882,2026-09-21,Amazon,280.2,1.0
2024216881,2026-09-21,Amazon,249.2,1.0
2024216880,2026-09-21,Amazon,249.1,1.0
2024216879,2026-09-21,Amazon,204.1,1.0
2024216878,2026-09-21,Amazon,258.2,1.0
2024216877,2026-09-21,Amazon,259.1,1.0
2024216876,2026-09-21,Amazon,204.3,1.0
2024216875,2026-09-21,Amazon,280.2,1.0
2024216874,2026-09-21,Amazon,249.1,1.0
2024216873,2026-09-21,Amazon,50.2,1.0
2024216872,2026-09-21,Amazon,280.1,1.0
2024216871,2026-09-21,Amazon,210.3,1.0
2024216870,2026-09-21,Amazon,210.0,1.0
2024216869,2026-09-21,Amazon,280.1,1.0
2024216868,2026-09-21,Amazon,279.4,1.0
2024217112,2026-09-22,VakantieVeilingen,9.11,1.0
2024217111,2026-09-22,VakantieVeilingen,9.11,1.0
2024217110,2026-09-22,VakantieVeilingen,9.11,1.0
2024217109,2026-09-22,VakantieVeilingen,9.11,1.0
2024217108,2026-09-22,VakantieVeilingen,9.11,1.0
2024217107,2026-09-22,VakantieVeilingen,9.11,1.0
2024217106,2026-09-22,VakantieVeilingen,9.11,1.0
2024217105,2026-09-22,VakantieVeilingen,9.11,1.0
2024217104,2026-09-22,VakantieVeilingen,9.11,1.0
2024217103,2026-09-22,VakantieVeilingen,9.10,1.0
2024217102,2026-09-22,VakantieVeilingen,9.10,1.0
2024217101,2026-09-22,VakantieVeilingen,9.10,1.0
2024217100,2026-09-22,VakantieVeilingen,9.10,1.0
2024217099,2026-09-22,VakantieVeilingen,9.10,1.0
2024217098,2026-09-22,VakantieVeilingen,9.10,1.0
2024217097,2026-09-22,VakantieVeilingen,9.10,1.0
2024217096,2026-09-22,VakantieVeilingen,8.21,1.0
2024217095,2026-09-22,VakantieVeilingen,152.1,1.0
2024217094,2026-09-22,VakantieVeilingen,152.1,1.0
2024217093,2026-09-22,VakantieVeilingen,152.1,1.0
2024217092,2026-09-22,VakantieVeilingen,249.0,1.0
2024217091,2026-09-22,VakantieVeilingen,249.0,1.0
2024217090,2026-09-22,VakantieVeilingen,249.0,1.0
2024217089,2026-09-22,VakantieVeilingen,39.0,1.0
2024217088,2026-09-22,VakantieVeilingen,39.0,1.0
2024217087,2026-09-22,VakantieVeilingen,161.1,1.0
2024217086,2026-09-22,VakantieVeilingen,2.1,1.0
2024217085,2026-09-22,VakantieVeilingen,8.24,1.0
2024217084,2026-09-22,VakantieVeilingen,8.24,1.0
2024217083,2026-09-22,VakantieVeilingen,40.7,1.0
2024217082,2026-09-22,VakantieVeilingen,40.7,1.0
2024217081,2026-09-22,VakantieVeilingen,40.7,1.0
2024217080,2026-09-22,VakantieVeilingen,40.7,1.0
2024217079,2026-09-22,VakantieVeilingen,40.7,1.0
2024217078,2026-09-22,Maison Privee,101.7,1.0
2024217077,2026-09-22,Maison Privee,25.1,1.0
2024217076,2026-09-22,Maison Privee,35.1,1.0
2024217075,2026-09-22,Maison Privee,151.4,1.0
2024217074,2026-09-22,Maison Privee,40.8,1.0
2024217073,2026-09-22,Limango,7.1,1.0
2024217072,2026-09-22,Limango,8.14,1.0
2024217071,2026-09-22,Limango,52.1,1.0
2024217070,2026-09-22,Groupon BE,200.7,1.0
2024217069,2026-09-22,Groupon BE,200.0,1.0
2024217068,2026-09-22,Groupon DE,3.1,1.0
2024217067,2026-09-22,Groupon DE,13.7,1.0
2024217066,2026-09-22,Groupon DE,280.2,1.0
2024217065,2026-09-22,Groupon IT,9.6,1.0
2024217064,2026-09-22,Groupon DE,9.4,1.0
2024217063,2026-09-22,Bol.com,54.2,1.0
2024217062,2026-09-22,Bol.com,276.1,1.0
2024217061,2026-09-22,Bol.com,141.4,1.0
2024217060,2026-09-22,Bol.com,8.11,1.0
2024217059,2026-09-22,Amazon,249.2,1.0
2024217058,2026-09-22,Amazon,249.1,1.0
2024217057,2026-09-22,Amazon,280.1,1.0
2024217056,2026-09-22,Amazon,280.1,1.0
